-- MySQL Administrator dump 1.4
--
-- ------------------------------------------------------
-- Server version	5.1.45-community


/*!40101 SET @OLD_CHARACTER_SET_CLIENT=@@CHARACTER_SET_CLIENT */;
/*!40101 SET @OLD_CHARACTER_SET_RESULTS=@@CHARACTER_SET_RESULTS */;
/*!40101 SET @OLD_COLLATION_CONNECTION=@@COLLATION_CONNECTION */;
/*!40101 SET NAMES utf8 */;

/*!40014 SET @OLD_UNIQUE_CHECKS=@@UNIQUE_CHECKS, UNIQUE_CHECKS=0 */;
/*!40014 SET @OLD_FOREIGN_KEY_CHECKS=@@FOREIGN_KEY_CHECKS, FOREIGN_KEY_CHECKS=0 */;
/*!40101 SET @OLD_SQL_MODE=@@SQL_MODE, SQL_MODE='NO_AUTO_VALUE_ON_ZERO' */;


--
-- Create schema stjames
--

CREATE DATABASE IF NOT EXISTS stjames;
USE stjames;

--
-- Definition of table `stj_player`
--

DROP TABLE IF EXISTS `stj_player`;
CREATE TABLE `stj_player` (
  `PLAYER_ID` int(11) NOT NULL AUTO_INCREMENT,
  `CRTN_DT` timestamp NOT NULL DEFAULT CURRENT_TIMESTAMP ON UPDATE CURRENT_TIMESTAMP,
  `CRTN_USER_ID` varchar(8) NOT NULL,
  `LAST_UPTD_DT` timestamp NOT NULL DEFAULT '0000-00-00 00:00:00',
  `LAST_UPTD_USER_ID` varchar(8) NOT NULL,
  `FIRST_NAME` varchar(20) NOT NULL,
  `LAST_NAME` varchar(30) NOT NULL,
  `TEAM_ID` int(11) DEFAULT NULL,
  PRIMARY KEY (`PLAYER_ID`)
) ENGINE=InnoDB AUTO_INCREMENT=83 DEFAULT CHARSET=latin1;

--
-- Dumping data for table `stj_player`
--

/*!40000 ALTER TABLE `stj_player` DISABLE KEYS */;
INSERT INTO `stj_player` (`PLAYER_ID`,`CRTN_DT`,`CRTN_USER_ID`,`LAST_UPTD_DT`,`LAST_UPTD_USER_ID`,`FIRST_NAME`,`LAST_NAME`,`TEAM_ID`) VALUES 
 (1,'2010-05-09 20:09:48','SYSTEM','2010-05-09 20:09:48','SYSTEM','Denny','Conner',1),
 (2,'2010-05-09 20:09:48','SYSTEM','2010-05-09 20:09:48','SYSTEM','Fr. Frank','Dvorak',1),
 (3,'2010-05-09 20:09:49','SYSTEM','2010-05-09 20:09:49','SYSTEM','Dick','Jones',1),
 (4,'2010-05-09 20:09:49','SYSTEM','2010-05-09 20:09:49','SYSTEM','Dave','Klein',1),
 (5,'2010-05-09 20:09:49','SYSTEM','2010-05-09 20:09:49','SYSTEM','Al','Miller',1),
 (6,'2010-05-09 20:09:49','SYSTEM','2010-05-09 20:09:49','SYSTEM','Ken','Post',1),
 (7,'2010-05-09 20:09:49','SYSTEM','2010-05-09 20:09:49','SYSTEM','Daryl','Arndt',2),
 (8,'2010-05-09 20:09:49','SYSTEM','2010-05-09 20:09:49','SYSTEM','Ted','Arndt',2),
 (9,'2010-05-09 20:09:49','SYSTEM','2010-05-09 20:09:49','SYSTEM','Rich','Bischof',2),
 (10,'2010-05-09 20:09:49','SYSTEM','2010-05-09 20:09:49','SYSTEM','Tom','Bischof',2),
 (11,'2010-05-09 20:09:49','SYSTEM','2010-05-09 20:09:49','SYSTEM','Jim','Hubschman',2),
 (12,'2010-05-09 20:09:49','SYSTEM','2010-05-09 20:09:49','SYSTEM','Vern','Nixon',2),
 (13,'2010-05-09 20:09:49','SYSTEM','2010-05-09 20:09:49','SYSTEM','Ron','Potthoff',2),
 (14,'2010-05-09 20:09:49','SYSTEM','2010-05-09 20:09:49','SYSTEM','Bill','Stafford',2),
 (15,'2010-05-09 20:09:49','SYSTEM','2010-05-09 20:09:49','SYSTEM','Tim','Gilg',3),
 (16,'2010-05-09 20:09:49','SYSTEM','2010-05-09 20:09:49','SYSTEM','Brian','Hake',3),
 (17,'2010-05-09 20:09:49','SYSTEM','2010-05-09 20:09:49','SYSTEM','George','Hruska',3),
 (18,'2010-05-09 20:09:49','SYSTEM','2010-05-09 20:09:49','SYSTEM','Scott','Knight',3),
 (19,'2010-05-09 20:09:49','SYSTEM','2010-05-09 20:09:49','SYSTEM','Russ','Mandel',3),
 (20,'2010-05-09 20:09:49','SYSTEM','2010-05-09 20:09:49','SYSTEM','John','Patterson',3),
 (21,'2010-05-09 20:09:49','SYSTEM','2010-05-09 20:09:49','SYSTEM','John','Opheim',3),
 (22,'2010-05-09 20:09:49','SYSTEM','2010-05-09 20:09:49','SYSTEM','Brian','Osborne',3),
 (23,'2010-05-09 20:09:49','SYSTEM','2010-05-09 20:09:49','SYSTEM','Mark','Wright',3),
 (24,'2010-05-09 20:09:49','SYSTEM','2010-05-09 20:09:49','SYSTEM','Bernie','Briggs',4),
 (25,'2010-05-09 20:09:50','SYSTEM','2010-05-09 20:09:50','SYSTEM','Marty','Harter',4),
 (26,'2010-05-09 20:09:50','SYSTEM','2010-05-09 20:09:50','SYSTEM','Rich','Manning',4),
 (27,'2010-05-09 20:09:50','SYSTEM','2010-05-09 20:09:50','SYSTEM','Jack','Murcek',4),
 (28,'2010-05-09 20:09:50','SYSTEM','2010-05-09 20:09:50','SYSTEM','John','Murcek',4),
 (29,'2010-05-09 20:09:50','SYSTEM','2010-05-09 20:09:50','SYSTEM','Mike','Murcek',4),
 (30,'2010-05-09 20:09:50','SYSTEM','2010-05-09 20:09:50','SYSTEM','Garth','Fuhs',4),
 (31,'2010-05-09 20:09:50','SYSTEM','2010-05-09 20:09:50','SYSTEM','Jerry','Ramm',4),
 (32,'2010-05-09 20:09:50','SYSTEM','2010-05-12 07:10:32','SYSTEM','Don','Bohnenkamp',5),
 (33,'2010-05-09 20:09:50','SYSTEM','2010-05-09 20:09:50','SYSTEM','Jay','Buckley',5),
 (34,'2010-05-09 20:09:50','SYSTEM','2010-05-09 20:09:50','SYSTEM','Steve','Gross-rode',5),
 (35,'2010-05-09 20:09:50','SYSTEM','2010-05-09 20:09:50','SYSTEM','Jim','Priener',5),
 (36,'2010-05-09 20:09:50','SYSTEM','2010-05-09 20:09:50','SYSTEM','Greg','Thomas',5),
 (37,'2010-05-09 20:09:50','SYSTEM','2010-05-09 20:09:50','SYSTEM','Pat','Thomas',5),
 (38,'2010-05-09 20:09:50','SYSTEM','2010-05-09 20:09:50','SYSTEM','Steve','Thomas',5),
 (39,'2010-05-09 20:09:50','SYSTEM','2010-05-09 20:09:50','SYSTEM','Joe','Tourek',5),
 (40,'2010-05-09 20:09:50','SYSTEM','2010-05-09 20:09:50','SYSTEM','TJ','Burbridge',6),
 (41,'2010-05-09 20:09:50','SYSTEM','2010-05-09 20:09:50','SYSTEM','Bob','Taylor',6),
 (42,'2010-05-09 20:09:50','SYSTEM','2010-05-09 20:09:50','SYSTEM','George','Wurtz',6),
 (43,'2010-05-09 20:09:50','SYSTEM','2010-05-09 20:09:50','SYSTEM','Brett','Matthies',6),
 (44,'2010-05-09 20:09:50','SYSTEM','2010-05-09 20:09:50','SYSTEM','Jim','Gonzales',6),
 (45,'2010-05-09 20:09:50','SYSTEM','2010-05-09 20:09:50','SYSTEM','Dave','Volenec',6),
 (46,'2010-05-09 20:09:50','SYSTEM','2010-05-09 20:09:50','SYSTEM','Rob','Adam',7),
 (47,'2010-05-09 20:09:50','SYSTEM','2010-05-09 20:09:50','SYSTEM','Pat','Arts',7),
 (48,'2010-05-09 20:09:50','SYSTEM','2010-05-09 20:09:50','SYSTEM','Nick','Derr',7),
 (49,'2010-05-09 20:09:51','SYSTEM','2010-05-09 20:09:51','SYSTEM','Scott','Eubanks',7),
 (50,'2010-05-09 20:09:51','SYSTEM','2010-05-09 20:09:51','SYSTEM','Andy','Greibel',7),
 (51,'2010-05-09 20:09:51','SYSTEM','2010-05-09 20:09:51','SYSTEM','Scott','Ohri',7),
 (52,'2010-05-09 20:09:51','SYSTEM','2010-05-09 20:09:51','SYSTEM','Scott','Swallow',7),
 (53,'2010-05-09 20:09:51','SYSTEM','2010-05-12 07:43:35','SYSTEM','Joe','Clites',8),
 (54,'2010-05-09 20:09:51','SYSTEM','2010-05-12 07:43:35','SYSTEM','Brent','Dickie',8),
 (55,'2010-05-09 20:09:51','SYSTEM','2010-05-12 07:43:35','SYSTEM','Harlan','Harter',8),
 (56,'2010-05-09 20:09:51','SYSTEM','2010-05-12 07:43:35','SYSTEM','Kevin','Post',8),
 (57,'2010-05-09 20:09:51','SYSTEM','2010-05-12 07:43:35','SYSTEM','Mike','Schawang',8),
 (58,'2010-05-09 20:09:51','SYSTEM','2010-05-12 07:43:35','SYSTEM','Claire','Stramel',8),
 (59,'2010-05-09 20:09:51','SYSTEM','2010-05-09 20:09:51','SYSTEM','Jim','Busse',9),
 (60,'2010-05-09 20:09:51','SYSTEM','2010-05-09 20:09:51','SYSTEM','Jim','Currie',9),
 (61,'2010-05-09 20:09:51','SYSTEM','2010-05-09 20:09:51','SYSTEM','Ted','Fischer',9),
 (62,'2010-05-09 20:09:51','SYSTEM','2010-05-09 20:09:51','SYSTEM','Joe','Gergen',9),
 (63,'2010-05-09 20:09:51','SYSTEM','2010-05-09 20:09:51','SYSTEM','Bob','Lampe',9),
 (64,'2010-05-09 20:09:51','SYSTEM','2010-05-09 20:09:51','SYSTEM','Mike','Leehy',9),
 (65,'2010-05-09 20:09:51','SYSTEM','2010-05-09 20:09:51','SYSTEM','Ken','Nass',9),
 (66,'2010-05-09 20:09:51','SYSTEM','2010-05-09 20:09:51','SYSTEM','Leo','Rau',9),
 (67,'2010-05-09 20:09:51','SYSTEM','2010-05-09 20:09:51','SYSTEM','Pete','Smith',9),
 (68,'2010-05-09 20:09:51','SYSTEM','2010-05-10 00:44:00','SYSTEM','Matt','Dunning',10),
 (69,'2010-05-09 20:09:51','SYSTEM','2010-05-10 00:44:00','SYSTEM','Randy','Franson',10),
 (70,'2010-05-09 20:09:51','SYSTEM','2010-05-10 00:44:00','SYSTEM','Tom','Haley',10),
 (71,'2010-05-09 20:09:51','SYSTEM','2010-05-10 00:44:00','SYSTEM','John','Nocita',10),
 (72,'2010-05-09 20:09:51','SYSTEM','2010-05-10 00:44:00','SYSTEM','Jerry','Philbin',10),
 (73,'2010-05-09 20:09:51','SYSTEM','2010-05-10 00:44:00','SYSTEM','Bob','Thomsen',10),
 (74,'2010-05-09 20:09:51','SYSTEM','2010-05-10 00:44:00','SYSTEM','Dave','Wilmes',10),
 (75,'2010-05-09 20:09:51','SYSTEM','2010-05-09 20:09:51','SYSTEM','Aron','Coit',11),
 (76,'2010-05-09 20:09:52','SYSTEM','2010-05-09 20:09:52','SYSTEM','Mike','Larson',11),
 (77,'2010-05-09 20:09:52','SYSTEM','2010-05-09 20:09:52','SYSTEM','Jim','Linke',11),
 (78,'2010-05-09 20:09:52','SYSTEM','2010-05-12 07:33:30','SYSTEM','Ken','Murcek',11),
 (79,'2010-05-09 20:09:52','SYSTEM','2010-05-09 20:09:52','SYSTEM','Mike','Walker',11),
 (80,'2010-05-10 00:44:01','SYSTEM','2010-05-10 00:44:00','SYSTEM','Jim','Placek',10),
 (81,'2010-05-12 07:43:35','SYSTEM','2010-05-12 07:43:35','SYSTEM','Dave','Grosserode',8),
 (82,'2010-05-13 20:02:49','SYSTEM','2010-05-13 20:02:49','SYSTEM','df','ddfds',NULL);
/*!40000 ALTER TABLE `stj_player` ENABLE KEYS */;


--
-- Definition of table `stj_pre_round`
--

DROP TABLE IF EXISTS `stj_pre_round`;
CREATE TABLE `stj_pre_round` (
  `PRE_ROUND_ID` int(11) NOT NULL AUTO_INCREMENT,
  `CRTN_DT` timestamp NOT NULL DEFAULT CURRENT_TIMESTAMP ON UPDATE CURRENT_TIMESTAMP,
  `CRTN_USER_ID` varchar(8) NOT NULL,
  `LAST_UPTD_DT` timestamp NOT NULL DEFAULT '0000-00-00 00:00:00',
  `LAST_UPTD_USER_ID` varchar(8) NOT NULL,
  `PLAYER_ID` int(11) DEFAULT NULL,
  `SCORE` int(11) NOT NULL,
  `SIDE_ID` int(11) NOT NULL,
  `SCORE_DATE` timestamp NOT NULL DEFAULT '0000-00-00 00:00:00',
  PRIMARY KEY (`PRE_ROUND_ID`)
) ENGINE=InnoDB AUTO_INCREMENT=337 DEFAULT CHARSET=latin1;

--
-- Dumping data for table `stj_pre_round`
--

/*!40000 ALTER TABLE `stj_pre_round` DISABLE KEYS */;
INSERT INTO `stj_pre_round` (`PRE_ROUND_ID`,`CRTN_DT`,`CRTN_USER_ID`,`LAST_UPTD_DT`,`LAST_UPTD_USER_ID`,`PLAYER_ID`,`SCORE`,`SIDE_ID`,`SCORE_DATE`) VALUES 
 (1,'2010-05-09 20:09:52','SYSTEM','2010-05-09 20:09:52','SYSTEM',1,37,1,'2010-01-01 00:00:00'),
 (2,'2010-05-09 20:09:52','SYSTEM','2010-05-09 20:09:52','SYSTEM',1,40,1,'2010-01-02 00:00:00'),
 (3,'2010-05-09 20:09:52','SYSTEM','2010-05-09 20:09:52','SYSTEM',1,45,2,'2010-01-03 00:00:00'),
 (4,'2010-05-09 20:09:52','SYSTEM','2010-05-09 20:09:52','SYSTEM',1,43,2,'2010-01-04 00:00:00'),
 (5,'2010-05-09 20:09:52','SYSTEM','2010-05-09 20:09:52','SYSTEM',1,40,1,'2010-01-05 00:00:00'),
 (6,'2010-05-09 20:09:52','SYSTEM','2010-05-09 20:09:52','SYSTEM',2,48,2,'2010-01-01 00:00:00'),
 (7,'2010-05-09 20:09:52','SYSTEM','2010-05-09 20:09:52','SYSTEM',2,51,2,'2010-01-02 00:00:00'),
 (8,'2010-05-09 20:09:52','SYSTEM','2010-05-09 20:09:52','SYSTEM',2,48,2,'2010-01-03 00:00:00'),
 (9,'2010-05-09 20:09:52','SYSTEM','2010-05-09 20:09:52','SYSTEM',2,46,2,'2010-01-04 00:00:00'),
 (10,'2010-05-09 20:09:52','SYSTEM','2010-05-09 20:09:52','SYSTEM',2,45,1,'2010-01-05 00:00:00'),
 (11,'2010-05-09 20:09:52','SYSTEM','2010-05-09 20:09:52','SYSTEM',4,59,1,'2010-01-01 00:00:00'),
 (12,'2010-05-09 20:09:52','SYSTEM','2010-05-09 20:09:52','SYSTEM',4,56,1,'2010-01-02 00:00:00'),
 (13,'2010-05-09 20:09:52','SYSTEM','2010-05-09 20:09:52','SYSTEM',4,59,2,'2010-01-03 00:00:00'),
 (14,'2010-05-09 20:09:52','SYSTEM','2010-05-09 20:09:52','SYSTEM',4,51,2,'2010-01-04 00:00:00'),
 (15,'2010-05-09 20:09:52','SYSTEM','2010-05-09 20:09:52','SYSTEM',4,53,1,'2010-01-05 00:00:00'),
 (16,'2010-05-09 20:09:52','SYSTEM','2010-05-09 20:09:52','SYSTEM',5,42,2,'2010-01-01 00:00:00'),
 (17,'2010-05-09 20:09:52','SYSTEM','2010-05-09 20:09:52','SYSTEM',5,44,2,'2010-01-02 00:00:00'),
 (18,'2010-05-09 20:09:52','SYSTEM','2010-05-09 20:09:52','SYSTEM',5,41,2,'2010-01-03 00:00:00'),
 (19,'2010-05-09 20:09:52','SYSTEM','2010-05-09 20:09:52','SYSTEM',5,41,2,'2010-01-04 00:00:00'),
 (20,'2010-05-09 20:09:52','SYSTEM','2010-05-09 20:09:52','SYSTEM',5,42,1,'2010-01-05 00:00:00'),
 (21,'2010-05-09 20:09:52','SYSTEM','2010-05-09 20:09:52','SYSTEM',6,43,1,'2010-01-01 00:00:00'),
 (22,'2010-05-09 20:09:53','SYSTEM','2010-05-09 20:09:53','SYSTEM',6,42,2,'2010-01-02 00:00:00'),
 (23,'2010-05-09 20:09:53','SYSTEM','2010-05-09 20:09:53','SYSTEM',6,44,2,'2010-01-03 00:00:00'),
 (24,'2010-05-09 20:09:53','SYSTEM','2010-05-09 20:09:53','SYSTEM',6,47,2,'2010-01-04 00:00:00'),
 (25,'2010-05-09 20:09:53','SYSTEM','2010-05-09 20:09:53','SYSTEM',6,46,1,'2010-01-05 00:00:00'),
 (26,'2010-05-09 20:09:53','SYSTEM','2010-05-09 20:09:53','SYSTEM',7,46,1,'2010-01-01 00:00:00'),
 (27,'2010-05-09 20:09:53','SYSTEM','2010-05-09 20:09:53','SYSTEM',7,45,2,'2010-01-02 00:00:00'),
 (28,'2010-05-09 20:09:53','SYSTEM','2010-05-09 20:09:53','SYSTEM',7,50,2,'2010-01-03 00:00:00'),
 (29,'2010-05-09 20:09:53','SYSTEM','2010-05-09 20:09:53','SYSTEM',7,43,1,'2010-01-04 00:00:00'),
 (30,'2010-05-09 20:09:53','SYSTEM','2010-05-09 20:09:53','SYSTEM',7,42,1,'2010-01-05 00:00:00'),
 (31,'2010-05-09 20:09:53','SYSTEM','2010-05-09 20:09:53','SYSTEM',8,46,2,'2010-01-01 00:00:00'),
 (32,'2010-05-09 20:09:53','SYSTEM','2010-05-09 20:09:53','SYSTEM',8,48,2,'2010-01-02 00:00:00'),
 (33,'2010-05-09 20:09:53','SYSTEM','2010-05-09 20:09:53','SYSTEM',8,46,1,'2010-01-03 00:00:00'),
 (34,'2010-05-09 20:09:53','SYSTEM','2010-05-09 20:09:53','SYSTEM',8,39,1,'2010-01-04 00:00:00'),
 (35,'2010-05-09 20:09:53','SYSTEM','2010-05-09 20:09:53','SYSTEM',8,41,1,'2010-01-05 00:00:00'),
 (36,'2010-05-09 20:09:53','SYSTEM','2010-05-09 20:09:53','SYSTEM',9,55,1,'2010-01-01 00:00:00'),
 (37,'2010-05-09 20:09:53','SYSTEM','2010-05-09 20:09:53','SYSTEM',9,48,2,'2010-01-02 00:00:00'),
 (38,'2010-05-09 20:09:53','SYSTEM','2010-05-09 20:09:53','SYSTEM',9,54,2,'2010-01-03 00:00:00'),
 (39,'2010-05-09 20:09:53','SYSTEM','2010-05-09 20:09:53','SYSTEM',9,49,1,'2010-01-04 00:00:00'),
 (40,'2010-05-09 20:09:53','SYSTEM','2010-05-09 20:09:53','SYSTEM',9,45,1,'2010-01-05 00:00:00'),
 (41,'2010-05-09 20:09:53','SYSTEM','2010-05-09 20:09:53','SYSTEM',11,48,1,'2010-01-01 00:00:00'),
 (42,'2010-05-09 20:09:53','SYSTEM','2010-05-09 20:09:53','SYSTEM',11,50,1,'2010-01-02 00:00:00'),
 (43,'2010-05-09 20:09:53','SYSTEM','2010-05-09 20:09:53','SYSTEM',11,45,2,'2010-01-03 00:00:00'),
 (44,'2010-05-09 20:09:54','SYSTEM','2010-05-09 20:09:54','SYSTEM',11,50,1,'2010-01-04 00:00:00'),
 (45,'2010-05-09 20:09:54','SYSTEM','2010-05-09 20:09:54','SYSTEM',11,46,1,'2010-01-05 00:00:00'),
 (46,'2010-05-09 20:09:54','SYSTEM','2010-05-09 20:09:54','SYSTEM',13,54,2,'2010-01-01 00:00:00'),
 (47,'2010-05-09 20:09:54','SYSTEM','2010-05-09 20:09:54','SYSTEM',13,52,1,'2010-01-02 00:00:00'),
 (48,'2010-05-09 20:09:54','SYSTEM','2010-05-09 20:09:54','SYSTEM',13,59,2,'2010-01-03 00:00:00'),
 (49,'2010-05-09 20:09:54','SYSTEM','2010-05-09 20:09:54','SYSTEM',13,55,2,'2010-01-04 00:00:00'),
 (50,'2010-05-09 20:09:54','SYSTEM','2010-05-09 20:09:54','SYSTEM',13,55,1,'2010-01-05 00:00:00'),
 (51,'2010-05-09 20:09:54','SYSTEM','2010-05-09 20:09:54','SYSTEM',14,60,2,'2010-01-01 00:00:00'),
 (52,'2010-05-09 20:09:54','SYSTEM','2010-05-09 20:09:54','SYSTEM',14,52,1,'2010-01-02 00:00:00'),
 (53,'2010-05-09 20:09:54','SYSTEM','2010-05-09 20:09:54','SYSTEM',14,51,2,'2010-01-03 00:00:00'),
 (54,'2010-05-09 20:09:54','SYSTEM','2010-05-09 20:09:54','SYSTEM',14,52,2,'2010-01-04 00:00:00'),
 (55,'2010-05-09 20:09:54','SYSTEM','2010-05-09 20:09:54','SYSTEM',14,51,1,'2010-01-05 00:00:00'),
 (56,'2010-05-09 20:09:54','SYSTEM','2010-05-09 20:09:54','SYSTEM',15,49,1,'2010-01-01 00:00:00'),
 (57,'2010-05-09 20:09:54','SYSTEM','2010-05-09 20:09:54','SYSTEM',15,47,1,'2010-01-02 00:00:00'),
 (58,'2010-05-09 20:09:54','SYSTEM','2010-05-09 20:09:54','SYSTEM',15,41,1,'2010-01-03 00:00:00'),
 (59,'2010-05-09 20:09:54','SYSTEM','2010-05-09 20:09:54','SYSTEM',15,48,1,'2010-01-04 00:00:00'),
 (60,'2010-05-09 20:09:54','SYSTEM','2010-05-09 20:09:54','SYSTEM',15,48,2,'2010-01-05 00:00:00'),
 (61,'2010-05-09 20:09:54','SYSTEM','2010-05-09 20:09:54','SYSTEM',16,37,1,'2010-01-01 00:00:00'),
 (62,'2010-05-09 20:09:54','SYSTEM','2010-05-09 20:09:54','SYSTEM',16,39,2,'2010-01-02 00:00:00'),
 (63,'2010-05-09 20:09:54','SYSTEM','2010-05-09 20:09:54','SYSTEM',16,41,1,'2010-01-03 00:00:00'),
 (64,'2010-05-09 20:09:54','SYSTEM','2010-05-09 20:09:54','SYSTEM',16,39,1,'2010-01-04 00:00:00'),
 (65,'2010-05-09 20:09:54','SYSTEM','2010-05-09 20:09:54','SYSTEM',16,35,2,'2010-01-05 00:00:00'),
 (66,'2010-05-09 20:09:54','SYSTEM','2010-05-09 20:09:54','SYSTEM',17,41,1,'2010-01-01 00:00:00'),
 (67,'2010-05-09 20:09:54','SYSTEM','2010-05-09 20:09:54','SYSTEM',17,45,2,'2010-01-02 00:00:00'),
 (68,'2010-05-09 20:09:54','SYSTEM','2010-05-09 20:09:54','SYSTEM',17,45,1,'2010-01-03 00:00:00'),
 (69,'2010-05-09 20:09:54','SYSTEM','2010-05-09 20:09:54','SYSTEM',17,41,1,'2010-01-04 00:00:00'),
 (70,'2010-05-09 20:09:54','SYSTEM','2010-05-09 20:09:54','SYSTEM',17,46,2,'2010-01-05 00:00:00'),
 (71,'2010-05-09 20:09:55','SYSTEM','2010-05-09 20:09:55','SYSTEM',18,49,2,'2010-01-01 00:00:00'),
 (72,'2010-05-09 20:09:55','SYSTEM','2010-05-09 20:09:55','SYSTEM',18,58,2,'2010-01-02 00:00:00'),
 (73,'2010-05-09 20:09:55','SYSTEM','2010-05-09 20:09:55','SYSTEM',18,55,2,'2010-01-03 00:00:00'),
 (74,'2010-05-09 20:09:55','SYSTEM','2010-05-09 20:09:55','SYSTEM',18,56,1,'2010-01-04 00:00:00'),
 (75,'2010-05-09 20:09:55','SYSTEM','2010-05-09 20:09:55','SYSTEM',18,59,2,'2010-01-05 00:00:00'),
 (76,'2010-05-09 20:09:55','SYSTEM','2010-05-09 20:09:55','SYSTEM',19,46,2,'2010-01-01 00:00:00'),
 (77,'2010-05-09 20:09:55','SYSTEM','2010-05-09 20:09:55','SYSTEM',19,52,1,'2010-01-02 00:00:00'),
 (78,'2010-05-09 20:09:55','SYSTEM','2010-05-09 20:09:55','SYSTEM',19,46,2,'2010-01-03 00:00:00'),
 (79,'2010-05-09 20:09:55','SYSTEM','2010-05-09 20:09:55','SYSTEM',19,50,1,'2010-01-04 00:00:00'),
 (80,'2010-05-09 20:09:55','SYSTEM','2010-05-09 20:09:55','SYSTEM',19,46,2,'2010-01-05 00:00:00'),
 (81,'2010-05-09 20:09:55','SYSTEM','2010-05-09 20:09:55','SYSTEM',21,45,1,'2010-01-01 00:00:00'),
 (82,'2010-05-09 20:09:55','SYSTEM','2010-05-09 20:09:55','SYSTEM',21,43,2,'2010-01-02 00:00:00'),
 (83,'2010-05-09 20:09:55','SYSTEM','2010-05-09 20:09:55','SYSTEM',21,52,1,'2010-01-03 00:00:00'),
 (84,'2010-05-09 20:09:55','SYSTEM','2010-05-09 20:09:55','SYSTEM',21,48,1,'2010-01-04 00:00:00'),
 (85,'2010-05-09 20:09:55','SYSTEM','2010-05-09 20:09:55','SYSTEM',21,46,2,'2010-01-05 00:00:00'),
 (86,'2010-05-09 20:09:55','SYSTEM','2010-05-09 20:09:55','SYSTEM',22,38,1,'2010-01-01 00:00:00'),
 (87,'2010-05-09 20:09:55','SYSTEM','2010-05-09 20:09:55','SYSTEM',22,43,2,'2010-01-02 00:00:00'),
 (88,'2010-05-09 20:09:55','SYSTEM','2010-05-09 20:09:55','SYSTEM',22,47,2,'2010-01-03 00:00:00'),
 (89,'2010-05-09 20:09:55','SYSTEM','2010-05-09 20:09:55','SYSTEM',22,42,1,'2010-01-04 00:00:00'),
 (90,'2010-05-09 20:09:55','SYSTEM','2010-05-09 20:09:55','SYSTEM',22,42,1,'2010-01-05 00:00:00'),
 (91,'2010-05-09 20:09:55','SYSTEM','2010-05-09 20:09:55','SYSTEM',24,52,2,'2010-01-01 00:00:00'),
 (92,'2010-05-09 20:09:56','SYSTEM','2010-05-09 20:09:56','SYSTEM',24,52,2,'2010-01-02 00:00:00'),
 (93,'2010-05-09 20:09:56','SYSTEM','2010-05-09 20:09:56','SYSTEM',24,50,1,'2010-01-03 00:00:00'),
 (94,'2010-05-09 20:09:56','SYSTEM','2010-05-09 20:09:56','SYSTEM',24,52,2,'2010-01-04 00:00:00'),
 (95,'2010-05-09 20:09:56','SYSTEM','2010-05-09 20:09:56','SYSTEM',24,46,2,'2010-01-05 00:00:00'),
 (96,'2010-05-09 20:09:56','SYSTEM','2010-05-09 20:09:56','SYSTEM',25,43,2,'2010-01-01 00:00:00'),
 (97,'2010-05-09 20:09:56','SYSTEM','2010-05-09 20:09:56','SYSTEM',25,40,1,'2010-01-02 00:00:00'),
 (98,'2010-05-09 20:09:56','SYSTEM','2010-05-09 20:09:56','SYSTEM',25,43,2,'2010-01-03 00:00:00'),
 (99,'2010-05-09 20:09:56','SYSTEM','2010-05-09 20:09:56','SYSTEM',25,42,2,'2010-01-04 00:00:00'),
 (100,'2010-05-09 20:09:56','SYSTEM','2010-05-09 20:09:56','SYSTEM',25,41,1,'2010-01-05 00:00:00'),
 (101,'2010-05-09 20:09:56','SYSTEM','2010-05-09 20:09:56','SYSTEM',26,42,1,'2010-01-01 00:00:00'),
 (102,'2010-05-09 20:09:56','SYSTEM','2010-05-09 20:09:56','SYSTEM',26,39,2,'2010-01-02 00:00:00'),
 (103,'2010-05-09 20:09:56','SYSTEM','2010-05-09 20:09:56','SYSTEM',26,42,2,'2010-01-03 00:00:00'),
 (104,'2010-05-09 20:09:56','SYSTEM','2010-05-09 20:09:56','SYSTEM',26,40,1,'2010-01-04 00:00:00'),
 (105,'2010-05-09 20:09:56','SYSTEM','2010-05-09 20:09:56','SYSTEM',26,38,1,'2010-01-05 00:00:00'),
 (106,'2010-05-09 20:09:56','SYSTEM','2010-05-09 20:09:56','SYSTEM',27,42,1,'2010-01-01 00:00:00'),
 (107,'2010-05-09 20:09:56','SYSTEM','2010-05-09 20:09:56','SYSTEM',27,45,2,'2010-01-02 00:00:00'),
 (108,'2010-05-09 20:09:56','SYSTEM','2010-05-09 20:09:56','SYSTEM',27,40,1,'2010-01-03 00:00:00'),
 (109,'2010-05-09 20:09:56','SYSTEM','2010-05-09 20:09:56','SYSTEM',27,39,2,'2010-01-04 00:00:00'),
 (110,'2010-05-09 20:09:56','SYSTEM','2010-05-09 20:09:56','SYSTEM',27,38,1,'2010-01-05 00:00:00'),
 (111,'2010-05-09 20:09:57','SYSTEM','2010-05-09 20:09:57','SYSTEM',28,43,1,'2010-01-01 00:00:00'),
 (112,'2010-05-09 20:09:57','SYSTEM','2010-05-09 20:09:57','SYSTEM',28,45,2,'2010-01-02 00:00:00'),
 (113,'2010-05-09 20:09:57','SYSTEM','2010-05-09 20:09:57','SYSTEM',28,41,2,'2010-01-03 00:00:00'),
 (114,'2010-05-09 20:09:57','SYSTEM','2010-05-09 20:09:57','SYSTEM',28,42,2,'2010-01-04 00:00:00'),
 (115,'2010-05-09 20:09:57','SYSTEM','2010-05-09 20:09:57','SYSTEM',28,42,1,'2010-01-05 00:00:00'),
 (116,'2010-05-09 20:09:57','SYSTEM','2010-05-09 20:09:57','SYSTEM',29,45,2,'2010-01-01 00:00:00'),
 (117,'2010-05-09 20:09:57','SYSTEM','2010-05-09 20:09:57','SYSTEM',29,43,1,'2010-01-02 00:00:00'),
 (118,'2010-05-09 20:09:57','SYSTEM','2010-05-09 20:09:57','SYSTEM',29,48,2,'2010-01-03 00:00:00'),
 (119,'2010-05-09 20:09:57','SYSTEM','2010-05-09 20:09:57','SYSTEM',29,46,1,'2010-01-04 00:00:00'),
 (120,'2010-05-09 20:09:57','SYSTEM','2010-05-09 20:09:57','SYSTEM',29,41,1,'2010-01-05 00:00:00'),
 (121,'2010-05-09 20:09:57','SYSTEM','2010-05-09 20:09:57','SYSTEM',30,56,2,'2010-01-01 00:00:00'),
 (122,'2010-05-09 20:09:57','SYSTEM','2010-05-09 20:09:57','SYSTEM',30,52,1,'2010-01-02 00:00:00'),
 (123,'2010-05-09 20:09:57','SYSTEM','2010-05-09 20:09:57','SYSTEM',30,49,1,'2010-01-03 00:00:00'),
 (124,'2010-05-09 20:09:57','SYSTEM','2010-05-09 20:09:57','SYSTEM',30,54,2,'2010-01-04 00:00:00'),
 (125,'2010-05-09 20:09:57','SYSTEM','2010-05-09 20:09:57','SYSTEM',30,43,1,'2010-01-05 00:00:00'),
 (126,'2010-05-09 20:09:57','SYSTEM','2010-05-09 20:09:57','SYSTEM',31,50,2,'2010-01-01 00:00:00'),
 (127,'2010-05-09 20:09:57','SYSTEM','2010-05-09 20:09:57','SYSTEM',31,54,2,'2010-01-02 00:00:00'),
 (128,'2010-05-09 20:09:57','SYSTEM','2010-05-09 20:09:57','SYSTEM',31,40,1,'2010-01-03 00:00:00'),
 (129,'2010-05-09 20:09:57','SYSTEM','2010-05-09 20:09:57','SYSTEM',31,45,2,'2010-01-04 00:00:00'),
 (130,'2010-05-09 20:09:57','SYSTEM','2010-05-09 20:09:57','SYSTEM',31,50,2,'2010-01-05 00:00:00'),
 (131,'2010-05-09 20:09:57','SYSTEM','2010-05-09 20:09:57','SYSTEM',33,44,1,'2010-01-01 00:00:00'),
 (132,'2010-05-09 20:09:57','SYSTEM','2010-05-09 20:09:57','SYSTEM',33,43,1,'2010-01-02 00:00:00'),
 (133,'2010-05-09 20:09:57','SYSTEM','2010-05-09 20:09:57','SYSTEM',33,46,2,'2010-01-03 00:00:00'),
 (134,'2010-05-09 20:09:57','SYSTEM','2010-05-09 20:09:57','SYSTEM',33,45,1,'2010-01-04 00:00:00'),
 (135,'2010-05-09 20:09:58','SYSTEM','2010-05-09 20:09:58','SYSTEM',33,48,1,'2010-01-05 00:00:00'),
 (136,'2010-05-09 20:09:58','SYSTEM','2010-05-09 20:09:58','SYSTEM',34,48,1,'2010-01-01 00:00:00'),
 (137,'2010-05-09 20:09:58','SYSTEM','2010-05-09 20:09:58','SYSTEM',34,55,2,'2010-01-02 00:00:00'),
 (138,'2010-05-09 20:09:58','SYSTEM','2010-05-09 20:09:58','SYSTEM',34,59,1,'2010-01-03 00:00:00'),
 (139,'2010-05-09 20:09:58','SYSTEM','2010-05-09 20:09:58','SYSTEM',34,51,2,'2010-01-04 00:00:00'),
 (140,'2010-05-09 20:09:58','SYSTEM','2010-05-09 20:09:58','SYSTEM',34,51,1,'2010-01-05 00:00:00'),
 (141,'2010-05-09 20:09:58','SYSTEM','2010-05-09 20:09:58','SYSTEM',35,47,2,'2010-01-01 00:00:00'),
 (142,'2010-05-09 20:09:58','SYSTEM','2010-05-09 20:09:58','SYSTEM',35,42,1,'2010-01-02 00:00:00'),
 (143,'2010-05-09 20:09:58','SYSTEM','2010-05-09 20:09:58','SYSTEM',35,49,1,'2010-01-03 00:00:00'),
 (144,'2010-05-09 20:09:58','SYSTEM','2010-05-09 20:09:58','SYSTEM',35,55,2,'2010-01-04 00:00:00'),
 (145,'2010-05-09 20:09:58','SYSTEM','2010-05-09 20:09:58','SYSTEM',35,47,1,'2010-01-05 00:00:00'),
 (146,'2010-05-09 20:09:58','SYSTEM','2010-05-09 20:09:58','SYSTEM',36,50,2,'2010-01-01 00:00:00'),
 (147,'2010-05-09 20:09:58','SYSTEM','2010-05-09 20:09:58','SYSTEM',37,53,2,'2010-01-01 00:00:00'),
 (148,'2010-05-09 20:09:58','SYSTEM','2010-05-09 20:09:58','SYSTEM',37,44,1,'2010-01-02 00:00:00'),
 (149,'2010-05-09 20:09:58','SYSTEM','2010-05-09 20:09:58','SYSTEM',37,48,1,'2010-01-03 00:00:00'),
 (150,'2010-05-09 20:09:58','SYSTEM','2010-05-09 20:09:58','SYSTEM',37,52,1,'2010-01-04 00:00:00'),
 (151,'2010-05-09 20:09:58','SYSTEM','2010-05-09 20:09:58','SYSTEM',37,52,1,'2010-01-05 00:00:00'),
 (152,'2010-05-09 20:09:58','SYSTEM','2010-05-09 20:09:58','SYSTEM',38,44,2,'2010-01-01 00:00:00'),
 (153,'2010-05-09 20:09:58','SYSTEM','2010-05-09 20:09:58','SYSTEM',38,42,1,'2010-01-02 00:00:00'),
 (154,'2010-05-09 20:09:58','SYSTEM','2010-05-09 20:09:58','SYSTEM',38,44,1,'2010-01-03 00:00:00'),
 (155,'2010-05-09 20:09:58','SYSTEM','2010-05-09 20:09:58','SYSTEM',38,44,2,'2010-01-04 00:00:00'),
 (156,'2010-05-09 20:09:58','SYSTEM','2010-05-09 20:09:58','SYSTEM',38,41,1,'2010-01-05 00:00:00'),
 (157,'2010-05-09 20:09:59','SYSTEM','2010-05-09 20:09:59','SYSTEM',39,46,2,'2010-01-01 00:00:00'),
 (158,'2010-05-09 20:09:59','SYSTEM','2010-05-09 20:09:59','SYSTEM',39,42,1,'2010-01-02 00:00:00'),
 (159,'2010-05-09 20:09:59','SYSTEM','2010-05-09 20:09:59','SYSTEM',39,42,2,'2010-01-03 00:00:00'),
 (160,'2010-05-09 20:09:59','SYSTEM','2010-05-09 20:09:59','SYSTEM',39,40,2,'2010-01-04 00:00:00'),
 (161,'2010-05-09 20:09:59','SYSTEM','2010-05-09 20:09:59','SYSTEM',39,38,1,'2010-01-05 00:00:00'),
 (162,'2010-05-09 20:09:59','SYSTEM','2010-05-09 20:09:59','SYSTEM',40,42,1,'2010-01-01 00:00:00'),
 (163,'2010-05-09 20:09:59','SYSTEM','2010-05-09 20:09:59','SYSTEM',40,44,2,'2010-01-02 00:00:00'),
 (164,'2010-05-09 20:09:59','SYSTEM','2010-05-09 20:09:59','SYSTEM',40,36,1,'2010-01-03 00:00:00'),
 (165,'2010-05-09 20:09:59','SYSTEM','2010-05-09 20:09:59','SYSTEM',40,39,1,'2010-01-04 00:00:00'),
 (166,'2010-05-09 20:09:59','SYSTEM','2010-05-09 20:09:59','SYSTEM',40,39,1,'2010-01-05 00:00:00'),
 (167,'2010-05-09 20:09:59','SYSTEM','2010-05-09 20:09:59','SYSTEM',43,45,1,'2010-01-01 00:00:00'),
 (168,'2010-05-09 20:09:59','SYSTEM','2010-05-09 20:09:59','SYSTEM',43,46,1,'2010-01-02 00:00:00'),
 (169,'2010-05-09 20:09:59','SYSTEM','2010-05-09 20:09:59','SYSTEM',43,42,2,'2010-01-03 00:00:00'),
 (170,'2010-05-09 20:09:59','SYSTEM','2010-05-09 20:09:59','SYSTEM',43,46,1,'2010-01-04 00:00:00'),
 (171,'2010-05-09 20:09:59','SYSTEM','2010-05-09 20:09:59','SYSTEM',43,47,2,'2010-01-05 00:00:00'),
 (172,'2010-05-09 20:09:59','SYSTEM','2010-05-09 20:09:59','SYSTEM',41,41,2,'2010-01-01 00:00:00'),
 (173,'2010-05-09 20:09:59','SYSTEM','2010-05-09 20:09:59','SYSTEM',41,42,1,'2010-01-02 00:00:00'),
 (174,'2010-05-09 20:09:59','SYSTEM','2010-05-09 20:09:59','SYSTEM',41,39,2,'2010-01-03 00:00:00'),
 (175,'2010-05-09 20:09:59','SYSTEM','2010-05-09 20:09:59','SYSTEM',41,38,1,'2010-01-04 00:00:00'),
 (176,'2010-05-09 20:09:59','SYSTEM','2010-05-09 20:09:59','SYSTEM',41,44,2,'2010-01-05 00:00:00'),
 (177,'2010-05-09 20:09:59','SYSTEM','2010-05-09 20:09:59','SYSTEM',42,41,2,'2010-01-01 00:00:00'),
 (178,'2010-05-09 20:09:59','SYSTEM','2010-05-09 20:09:59','SYSTEM',42,47,1,'2010-01-02 00:00:00'),
 (179,'2010-05-09 20:09:59','SYSTEM','2010-05-09 20:09:59','SYSTEM',42,39,1,'2010-01-03 00:00:00'),
 (180,'2010-05-09 20:10:00','SYSTEM','2010-05-09 20:10:00','SYSTEM',42,44,2,'2010-01-04 00:00:00'),
 (181,'2010-05-09 20:10:00','SYSTEM','2010-05-09 20:10:00','SYSTEM',42,40,1,'2010-01-05 00:00:00'),
 (182,'2010-05-09 20:10:00','SYSTEM','2010-05-09 20:10:00','SYSTEM',46,54,1,'2010-01-01 00:00:00'),
 (183,'2010-05-09 20:10:00','SYSTEM','2010-05-09 20:10:00','SYSTEM',46,51,1,'2010-01-02 00:00:00'),
 (184,'2010-05-09 20:10:00','SYSTEM','2010-05-09 20:10:00','SYSTEM',46,50,1,'2010-01-03 00:00:00'),
 (185,'2010-05-09 20:10:00','SYSTEM','2010-05-09 20:10:00','SYSTEM',46,48,2,'2010-01-04 00:00:00'),
 (186,'2010-05-09 20:10:00','SYSTEM','2010-05-09 20:10:00','SYSTEM',46,58,2,'2010-01-05 00:00:00'),
 (187,'2010-05-09 20:10:00','SYSTEM','2010-05-09 20:10:00','SYSTEM',47,48,1,'2010-01-01 00:00:00'),
 (188,'2010-05-09 20:10:00','SYSTEM','2010-05-09 20:10:00','SYSTEM',47,51,1,'2010-01-02 00:00:00'),
 (189,'2010-05-09 20:10:00','SYSTEM','2010-05-09 20:10:00','SYSTEM',47,46,2,'2010-01-03 00:00:00'),
 (190,'2010-05-09 20:10:00','SYSTEM','2010-05-09 20:10:00','SYSTEM',47,44,2,'2010-01-04 00:00:00'),
 (191,'2010-05-09 20:10:00','SYSTEM','2010-05-09 20:10:00','SYSTEM',47,50,2,'2010-01-05 00:00:00'),
 (192,'2010-05-09 20:10:00','SYSTEM','2010-05-09 20:10:00','SYSTEM',48,58,1,'2010-01-01 00:00:00'),
 (193,'2010-05-09 20:10:00','SYSTEM','2010-05-09 20:10:00','SYSTEM',48,54,2,'2010-01-02 00:00:00'),
 (194,'2010-05-09 20:10:00','SYSTEM','2010-05-09 20:10:00','SYSTEM',48,69,2,'2010-01-03 00:00:00'),
 (195,'2010-05-09 20:10:00','SYSTEM','2010-05-09 20:10:00','SYSTEM',48,63,1,'2010-01-04 00:00:00'),
 (196,'2010-05-09 20:10:00','SYSTEM','2010-05-09 20:10:00','SYSTEM',48,64,2,'2010-01-05 00:00:00'),
 (197,'2010-05-09 20:10:00','SYSTEM','2010-05-09 20:10:00','SYSTEM',49,50,1,'2010-01-01 00:00:00'),
 (198,'2010-05-09 20:10:00','SYSTEM','2010-05-09 20:10:00','SYSTEM',51,39,1,'2010-01-01 00:00:00'),
 (199,'2010-05-09 20:10:00','SYSTEM','2010-05-09 20:10:00','SYSTEM',51,41,2,'2010-01-02 00:00:00'),
 (200,'2010-05-09 20:10:00','SYSTEM','2010-05-09 20:10:00','SYSTEM',51,41,1,'2010-01-03 00:00:00'),
 (201,'2010-05-09 20:10:00','SYSTEM','2010-05-09 20:10:00','SYSTEM',51,42,2,'2010-01-04 00:00:00'),
 (202,'2010-05-09 20:10:00','SYSTEM','2010-05-09 20:10:00','SYSTEM',51,38,2,'2010-01-05 00:00:00'),
 (203,'2010-05-09 20:10:01','SYSTEM','2010-05-09 20:10:01','SYSTEM',52,48,2,'2010-01-01 00:00:00'),
 (204,'2010-05-09 20:10:01','SYSTEM','2010-05-09 20:10:01','SYSTEM',52,45,1,'2010-01-02 00:00:00'),
 (205,'2010-05-09 20:10:01','SYSTEM','2010-05-09 20:10:01','SYSTEM',52,45,1,'2010-01-03 00:00:00'),
 (206,'2010-05-09 20:10:01','SYSTEM','2010-05-09 20:10:01','SYSTEM',52,50,2,'2010-01-04 00:00:00'),
 (207,'2010-05-09 20:10:01','SYSTEM','2010-05-09 20:10:01','SYSTEM',52,42,2,'2010-01-05 00:00:00'),
 (208,'2010-05-09 20:10:01','SYSTEM','2010-05-12 07:43:35','SYSTEM',55,57,1,'2010-01-01 00:00:00'),
 (209,'2010-05-09 20:10:01','SYSTEM','2010-05-12 07:43:35','SYSTEM',55,48,2,'2010-01-02 00:00:00'),
 (210,'2010-05-09 20:10:01','SYSTEM','2010-05-12 07:43:35','SYSTEM',55,52,1,'2010-01-03 00:00:00'),
 (211,'2010-05-09 20:10:01','SYSTEM','2010-05-12 07:43:35','SYSTEM',55,48,1,'2010-01-04 00:00:00'),
 (212,'2010-05-09 20:10:01','SYSTEM','2010-05-12 07:43:35','SYSTEM',55,43,2,'2010-01-05 00:00:00'),
 (213,'2010-05-09 20:10:01','SYSTEM','2010-05-12 07:43:35','SYSTEM',56,51,2,'2010-01-01 00:00:00'),
 (214,'2010-05-09 20:10:01','SYSTEM','2010-05-12 07:43:35','SYSTEM',56,46,1,'2010-01-02 00:00:00'),
 (215,'2010-05-09 20:10:01','SYSTEM','2010-05-12 07:43:35','SYSTEM',56,47,1,'2010-01-03 00:00:00'),
 (216,'2010-05-09 20:10:01','SYSTEM','2010-05-12 07:43:35','SYSTEM',56,49,2,'2010-01-04 00:00:00'),
 (217,'2010-05-09 20:10:01','SYSTEM','2010-05-12 07:43:35','SYSTEM',56,45,2,'2010-01-05 00:00:00'),
 (218,'2010-05-09 20:10:01','SYSTEM','2010-05-12 07:43:35','SYSTEM',57,51,2,'2010-01-01 00:00:00'),
 (219,'2010-05-09 20:10:01','SYSTEM','2010-05-12 07:43:35','SYSTEM',57,53,1,'2010-01-02 00:00:00'),
 (220,'2010-05-09 20:10:01','SYSTEM','2010-05-12 07:43:35','SYSTEM',57,51,1,'2010-01-03 00:00:00'),
 (221,'2010-05-09 20:10:01','SYSTEM','2010-05-12 07:43:35','SYSTEM',57,54,1,'2010-01-04 00:00:00'),
 (222,'2010-05-09 20:10:01','SYSTEM','2010-05-12 07:43:35','SYSTEM',57,53,2,'2010-01-05 00:00:00'),
 (223,'2010-05-09 20:10:01','SYSTEM','2010-05-12 07:43:35','SYSTEM',58,51,2,'2010-01-01 00:00:00'),
 (224,'2010-05-09 20:10:01','SYSTEM','2010-05-12 07:43:35','SYSTEM',58,40,1,'2010-01-02 00:00:00'),
 (225,'2010-05-09 20:10:01','SYSTEM','2010-05-12 07:43:35','SYSTEM',58,52,2,'2010-01-03 00:00:00'),
 (226,'2010-05-09 20:10:01','SYSTEM','2010-05-12 07:43:35','SYSTEM',58,51,2,'2010-01-04 00:00:00'),
 (227,'2010-05-09 20:10:02','SYSTEM','2010-05-12 07:43:35','SYSTEM',58,43,1,'2010-01-05 00:00:00'),
 (228,'2010-05-09 20:10:02','SYSTEM','2010-05-09 20:10:02','SYSTEM',59,49,1,'2010-01-01 00:00:00'),
 (229,'2010-05-09 20:10:02','SYSTEM','2010-05-09 20:10:02','SYSTEM',59,48,1,'2010-01-02 00:00:00'),
 (230,'2010-05-09 20:10:02','SYSTEM','2010-05-09 20:10:02','SYSTEM',59,50,2,'2010-01-03 00:00:00'),
 (231,'2010-05-09 20:10:02','SYSTEM','2010-05-09 20:10:02','SYSTEM',59,46,1,'2010-01-04 00:00:00'),
 (232,'2010-05-09 20:10:02','SYSTEM','2010-05-09 20:10:02','SYSTEM',59,55,2,'2010-01-05 00:00:00'),
 (233,'2010-05-09 20:10:02','SYSTEM','2010-05-09 20:10:02','SYSTEM',60,51,1,'2010-01-01 00:00:00'),
 (234,'2010-05-09 20:10:02','SYSTEM','2010-05-09 20:10:02','SYSTEM',60,54,2,'2010-01-02 00:00:00'),
 (235,'2010-05-09 20:10:02','SYSTEM','2010-05-09 20:10:02','SYSTEM',60,55,2,'2010-01-03 00:00:00'),
 (236,'2010-05-09 20:10:02','SYSTEM','2010-05-09 20:10:02','SYSTEM',60,50,1,'2010-01-04 00:00:00'),
 (237,'2010-05-09 20:10:02','SYSTEM','2010-05-09 20:10:02','SYSTEM',60,57,1,'2010-01-05 00:00:00'),
 (238,'2010-05-09 20:10:02','SYSTEM','2010-05-09 20:10:02','SYSTEM',61,56,2,'2010-01-01 00:00:00'),
 (239,'2010-05-09 20:10:02','SYSTEM','2010-05-09 20:10:02','SYSTEM',61,49,1,'2010-01-02 00:00:00'),
 (240,'2010-05-09 20:10:02','SYSTEM','2010-05-09 20:10:02','SYSTEM',61,53,2,'2010-01-03 00:00:00'),
 (241,'2010-05-09 20:10:02','SYSTEM','2010-05-09 20:10:02','SYSTEM',61,48,1,'2010-01-04 00:00:00'),
 (242,'2010-05-09 20:10:02','SYSTEM','2010-05-09 20:10:02','SYSTEM',61,53,2,'2010-01-05 00:00:00'),
 (243,'2010-05-09 20:10:02','SYSTEM','2010-05-09 20:10:02','SYSTEM',62,50,2,'2010-01-01 00:00:00'),
 (244,'2010-05-09 20:10:02','SYSTEM','2010-05-09 20:10:02','SYSTEM',62,55,2,'2010-01-02 00:00:00'),
 (245,'2010-05-09 20:10:02','SYSTEM','2010-05-09 20:10:02','SYSTEM',62,56,1,'2010-01-03 00:00:00'),
 (246,'2010-05-09 20:10:02','SYSTEM','2010-05-09 20:10:02','SYSTEM',62,58,2,'2010-01-04 00:00:00'),
 (247,'2010-05-09 20:10:02','SYSTEM','2010-05-09 20:10:02','SYSTEM',62,55,1,'2010-01-05 00:00:00'),
 (248,'2010-05-09 20:10:02','SYSTEM','2010-05-09 20:10:02','SYSTEM',63,60,1,'2010-01-01 00:00:00'),
 (249,'2010-05-09 20:10:02','SYSTEM','2010-05-09 20:10:02','SYSTEM',63,60,1,'2010-01-02 00:00:00'),
 (250,'2010-05-09 20:10:02','SYSTEM','2010-05-09 20:10:02','SYSTEM',63,60,2,'2010-01-03 00:00:00'),
 (251,'2010-05-09 20:10:02','SYSTEM','2010-05-09 20:10:02','SYSTEM',63,61,2,'2010-01-04 00:00:00'),
 (252,'2010-05-09 20:10:03','SYSTEM','2010-05-09 20:10:03','SYSTEM',63,55,1,'2010-01-05 00:00:00'),
 (253,'2010-05-09 20:10:03','SYSTEM','2010-05-09 20:10:03','SYSTEM',64,49,1,'2010-01-01 00:00:00'),
 (254,'2010-05-09 20:10:03','SYSTEM','2010-05-09 20:10:03','SYSTEM',64,42,1,'2010-01-02 00:00:00'),
 (255,'2010-05-09 20:10:03','SYSTEM','2010-05-09 20:10:03','SYSTEM',64,45,1,'2010-01-03 00:00:00'),
 (256,'2010-05-09 20:10:03','SYSTEM','2010-05-09 20:10:03','SYSTEM',64,49,2,'2010-01-04 00:00:00'),
 (257,'2010-05-09 20:10:03','SYSTEM','2010-05-09 20:10:03','SYSTEM',64,45,1,'2010-01-05 00:00:00'),
 (258,'2010-05-09 20:10:03','SYSTEM','2010-05-09 20:10:03','SYSTEM',65,45,1,'2010-01-01 00:00:00'),
 (259,'2010-05-09 20:10:03','SYSTEM','2010-05-09 20:10:03','SYSTEM',65,47,2,'2010-01-02 00:00:00'),
 (260,'2010-05-09 20:10:03','SYSTEM','2010-05-09 20:10:03','SYSTEM',65,40,1,'2010-01-03 00:00:00'),
 (261,'2010-05-09 20:10:03','SYSTEM','2010-05-09 20:10:03','SYSTEM',65,47,2,'2010-01-04 00:00:00'),
 (262,'2010-05-09 20:10:03','SYSTEM','2010-05-09 20:10:03','SYSTEM',65,45,1,'2010-01-05 00:00:00'),
 (263,'2010-05-09 20:10:03','SYSTEM','2010-05-09 20:10:03','SYSTEM',66,71,2,'2010-01-01 00:00:00'),
 (264,'2010-05-09 20:10:03','SYSTEM','2010-05-09 20:10:03','SYSTEM',66,62,1,'2010-01-02 00:00:00'),
 (265,'2010-05-09 20:10:03','SYSTEM','2010-05-09 20:10:03','SYSTEM',66,66,2,'2010-01-03 00:00:00'),
 (266,'2010-05-09 20:10:03','SYSTEM','2010-05-09 20:10:03','SYSTEM',66,59,2,'2010-01-04 00:00:00'),
 (267,'2010-05-09 20:10:03','SYSTEM','2010-05-09 20:10:03','SYSTEM',66,60,2,'2010-01-05 00:00:00'),
 (268,'2010-05-09 20:10:03','SYSTEM','2010-05-09 20:10:03','SYSTEM',67,45,1,'2010-01-01 00:00:00'),
 (269,'2010-05-09 20:10:03','SYSTEM','2010-05-09 20:10:03','SYSTEM',67,46,2,'2010-01-02 00:00:00'),
 (270,'2010-05-09 20:10:03','SYSTEM','2010-05-09 20:10:03','SYSTEM',67,45,1,'2010-01-03 00:00:00'),
 (271,'2010-05-09 20:10:03','SYSTEM','2010-05-09 20:10:03','SYSTEM',67,43,2,'2010-01-04 00:00:00'),
 (272,'2010-05-09 20:10:03','SYSTEM','2010-05-09 20:10:03','SYSTEM',67,48,2,'2010-01-05 00:00:00'),
 (273,'2010-05-09 20:10:03','SYSTEM','2010-05-10 00:44:00','SYSTEM',69,50,1,'2010-01-01 00:00:00'),
 (274,'2010-05-09 20:10:03','SYSTEM','2010-05-10 00:44:00','SYSTEM',69,60,2,'2010-01-02 00:00:00'),
 (275,'2010-05-09 20:10:04','SYSTEM','2010-05-10 00:44:00','SYSTEM',69,51,2,'2010-01-03 00:00:00'),
 (276,'2010-05-09 20:10:04','SYSTEM','2010-05-10 00:44:00','SYSTEM',69,55,1,'2010-01-04 00:00:00'),
 (277,'2010-05-09 20:10:04','SYSTEM','2010-05-10 00:44:00','SYSTEM',69,53,2,'2010-01-05 00:00:00'),
 (278,'2010-05-09 20:10:04','SYSTEM','2010-05-10 00:44:00','SYSTEM',70,58,2,'2010-01-01 00:00:00'),
 (279,'2010-05-09 20:10:04','SYSTEM','2010-05-10 00:44:00','SYSTEM',70,57,2,'2010-01-02 00:00:00'),
 (280,'2010-05-09 20:10:04','SYSTEM','2010-05-10 00:44:00','SYSTEM',70,64,1,'2010-01-03 00:00:00'),
 (281,'2010-05-09 20:10:04','SYSTEM','2010-05-10 00:44:00','SYSTEM',70,63,1,'2010-01-04 00:00:00'),
 (282,'2010-05-09 20:10:04','SYSTEM','2010-05-10 00:44:00','SYSTEM',70,63,2,'2010-01-05 00:00:00'),
 (283,'2010-05-09 20:10:04','SYSTEM','2010-05-10 00:44:00','SYSTEM',72,52,2,'2010-01-01 00:00:00'),
 (284,'2010-05-09 20:10:04','SYSTEM','2010-05-10 00:44:00','SYSTEM',72,45,1,'2010-01-02 00:00:00'),
 (285,'2010-05-09 20:10:04','SYSTEM','2010-05-10 00:44:00','SYSTEM',72,49,1,'2010-01-03 00:00:00'),
 (286,'2010-05-09 20:10:04','SYSTEM','2010-05-10 00:44:00','SYSTEM',72,45,2,'2010-01-04 00:00:00'),
 (287,'2010-05-09 20:10:04','SYSTEM','2010-05-10 00:44:00','SYSTEM',72,45,2,'2010-01-05 00:00:00'),
 (288,'2010-05-09 20:10:04','SYSTEM','2010-05-10 00:44:00','SYSTEM',73,48,2,'2010-01-01 00:00:00'),
 (289,'2010-05-09 20:10:04','SYSTEM','2010-05-10 00:44:00','SYSTEM',73,48,1,'2010-01-02 00:00:00'),
 (290,'2010-05-09 20:10:04','SYSTEM','2010-05-10 00:44:00','SYSTEM',73,48,1,'2010-01-03 00:00:00'),
 (291,'2010-05-09 20:10:04','SYSTEM','2010-05-10 00:44:00','SYSTEM',73,49,2,'2010-01-04 00:00:00'),
 (292,'2010-05-09 20:10:04','SYSTEM','2010-05-10 00:44:00','SYSTEM',73,51,2,'2010-01-05 00:00:00'),
 (293,'2010-05-09 20:10:04','SYSTEM','2010-05-10 00:44:00','SYSTEM',74,56,2,'2010-01-01 00:00:00'),
 (294,'2010-05-09 20:10:04','SYSTEM','2010-05-10 00:44:00','SYSTEM',74,52,1,'2010-01-02 00:00:00'),
 (295,'2010-05-09 20:10:04','SYSTEM','2010-05-10 00:44:00','SYSTEM',74,53,2,'2010-01-03 00:00:00'),
 (296,'2010-05-09 20:10:04','SYSTEM','2010-05-10 00:44:00','SYSTEM',74,48,1,'2010-01-04 00:00:00'),
 (297,'2010-05-09 20:10:04','SYSTEM','2010-05-10 00:44:00','SYSTEM',74,53,2,'2010-01-05 00:00:00'),
 (298,'2010-05-09 20:10:05','SYSTEM','2010-05-09 20:10:05','SYSTEM',76,44,2,'2010-01-01 00:00:00'),
 (299,'2010-05-09 20:10:05','SYSTEM','2010-05-09 20:10:05','SYSTEM',76,45,1,'2010-01-02 00:00:00'),
 (300,'2010-05-09 20:10:05','SYSTEM','2010-05-09 20:10:05','SYSTEM',76,42,2,'2010-01-03 00:00:00'),
 (301,'2010-05-09 20:10:05','SYSTEM','2010-05-09 20:10:05','SYSTEM',76,48,2,'2010-01-04 00:00:00'),
 (302,'2010-05-09 20:10:05','SYSTEM','2010-05-09 20:10:05','SYSTEM',76,43,1,'2010-01-05 00:00:00'),
 (303,'2010-05-09 20:10:05','SYSTEM','2010-05-09 20:10:05','SYSTEM',77,47,2,'2010-01-01 00:00:00'),
 (304,'2010-05-09 20:10:05','SYSTEM','2010-05-09 20:10:05','SYSTEM',77,46,1,'2010-01-02 00:00:00'),
 (305,'2010-05-09 20:10:05','SYSTEM','2010-05-09 20:10:05','SYSTEM',77,47,1,'2010-01-03 00:00:00'),
 (306,'2010-05-09 20:10:05','SYSTEM','2010-05-09 20:10:05','SYSTEM',77,50,1,'2010-01-04 00:00:00'),
 (307,'2010-05-09 20:10:05','SYSTEM','2010-05-09 20:10:05','SYSTEM',77,49,2,'2010-01-05 00:00:00'),
 (312,'2010-05-09 20:13:22','SYSTEM','2010-05-09 20:13:22','SYSTEM',50,39,1,'2010-01-01 00:00:00'),
 (313,'2010-05-09 20:13:22','SYSTEM','2010-05-09 20:13:22','SYSTEM',50,47,2,'2010-01-02 00:00:00'),
 (314,'2010-05-09 20:13:22','SYSTEM','2010-05-09 20:13:22','SYSTEM',50,43,1,'2010-01-03 00:00:00'),
 (315,'2010-05-09 20:13:22','SYSTEM','2010-05-09 20:13:22','SYSTEM',50,41,2,'2010-01-04 00:00:00'),
 (316,'2010-05-09 20:13:22','SYSTEM','2010-05-09 20:13:22','SYSTEM',50,44,2,'2010-01-05 00:00:00'),
 (322,'2010-05-12 07:10:32','SYSTEM','2010-05-12 07:10:32','SYSTEM',32,49,1,'2010-01-05 00:00:00'),
 (323,'2010-05-12 07:10:32','SYSTEM','2010-05-12 07:10:32','SYSTEM',32,50,2,'2010-01-04 00:00:00'),
 (324,'2010-05-12 07:10:32','SYSTEM','2010-05-12 07:10:32','SYSTEM',32,50,2,'2010-01-02 00:00:00'),
 (325,'2010-05-12 07:10:32','SYSTEM','2010-05-12 07:10:32','SYSTEM',32,49,1,'2010-01-03 00:00:00'),
 (326,'2010-05-12 07:10:32','SYSTEM','2010-05-12 07:10:32','SYSTEM',32,49,1,'2010-01-01 00:00:00'),
 (327,'2010-05-12 07:33:30','SYSTEM','2010-05-12 07:33:30','SYSTEM',78,37,1,'2010-01-03 00:00:00'),
 (328,'2010-05-12 07:33:30','SYSTEM','2010-05-12 07:33:30','SYSTEM',78,39,2,'2010-01-05 00:00:00'),
 (329,'2010-05-12 07:33:30','SYSTEM','2010-05-12 07:33:30','SYSTEM',78,36,2,'2010-01-01 00:00:00'),
 (330,'2010-05-12 07:33:30','SYSTEM','2010-05-12 07:33:30','SYSTEM',78,36,1,'2010-01-04 00:00:00'),
 (331,'2010-05-12 07:33:30','SYSTEM','2010-05-12 07:33:30','SYSTEM',78,47,1,'2010-01-02 00:00:00'),
 (332,'2010-05-12 07:43:23','SYSTEM','2010-05-12 07:43:35','SYSTEM',81,50,2,'2010-01-05 00:00:00'),
 (333,'2010-05-12 07:43:24','SYSTEM','2010-05-12 07:43:35','SYSTEM',81,50,2,'2010-01-01 00:00:00'),
 (334,'2010-05-12 07:43:24','SYSTEM','2010-05-12 07:43:35','SYSTEM',81,50,2,'2010-01-03 00:00:00'),
 (335,'2010-05-12 07:43:24','SYSTEM','2010-05-12 07:43:35','SYSTEM',81,49,1,'2010-01-02 00:00:00'),
 (336,'2010-05-12 07:43:24','SYSTEM','2010-05-12 07:43:35','SYSTEM',81,49,1,'2010-01-04 00:00:00');
/*!40000 ALTER TABLE `stj_pre_round` ENABLE KEYS */;


--
-- Definition of table `stj_round`
--

DROP TABLE IF EXISTS `stj_round`;
CREATE TABLE `stj_round` (
  `ROUND_ID` int(11) NOT NULL AUTO_INCREMENT,
  `CRTN_DT` timestamp NOT NULL DEFAULT CURRENT_TIMESTAMP ON UPDATE CURRENT_TIMESTAMP,
  `CRTN_USER_ID` varchar(8) NOT NULL,
  `LAST_UPTD_DT` timestamp NOT NULL DEFAULT '0000-00-00 00:00:00',
  `LAST_UPTD_USER_ID` varchar(8) NOT NULL,
  `NAME` varchar(20) NOT NULL,
  `SEASON_ID` int(11) DEFAULT NULL,
  PRIMARY KEY (`ROUND_ID`)
) ENGINE=InnoDB AUTO_INCREMENT=3 DEFAULT CHARSET=latin1;

--
-- Dumping data for table `stj_round`
--

/*!40000 ALTER TABLE `stj_round` DISABLE KEYS */;
INSERT INTO `stj_round` (`ROUND_ID`,`CRTN_DT`,`CRTN_USER_ID`,`LAST_UPTD_DT`,`LAST_UPTD_USER_ID`,`NAME`,`SEASON_ID`) VALUES 
 (1,'2010-05-09 20:09:47','SYSTEM','2010-05-09 20:09:47','SYSTEM','ROUND 1',1),
 (2,'2010-05-09 20:09:47','SYSTEM','2010-05-09 20:09:47','SYSTEM','ROUND 2',1);
/*!40000 ALTER TABLE `stj_round` ENABLE KEYS */;


--
-- Definition of table `stj_season`
--

DROP TABLE IF EXISTS `stj_season`;
CREATE TABLE `stj_season` (
  `SEASON_ID` int(11) NOT NULL AUTO_INCREMENT,
  `CRTN_DT` timestamp NOT NULL DEFAULT CURRENT_TIMESTAMP ON UPDATE CURRENT_TIMESTAMP,
  `CRTN_USER_ID` varchar(8) NOT NULL,
  `LAST_UPTD_DT` timestamp NOT NULL DEFAULT '0000-00-00 00:00:00',
  `LAST_UPTD_USER_ID` varchar(8) NOT NULL,
  `YEAR` int(11) NOT NULL,
  PRIMARY KEY (`SEASON_ID`)
) ENGINE=InnoDB AUTO_INCREMENT=2 DEFAULT CHARSET=latin1;

--
-- Dumping data for table `stj_season`
--

/*!40000 ALTER TABLE `stj_season` DISABLE KEYS */;
INSERT INTO `stj_season` (`SEASON_ID`,`CRTN_DT`,`CRTN_USER_ID`,`LAST_UPTD_DT`,`LAST_UPTD_USER_ID`,`YEAR`) VALUES 
 (1,'2010-05-09 20:09:47','SYSTEM','2010-05-09 20:09:47','SYSTEM',2010);
/*!40000 ALTER TABLE `stj_season` ENABLE KEYS */;


--
-- Definition of table `stj_side`
--

DROP TABLE IF EXISTS `stj_side`;
CREATE TABLE `stj_side` (
  `SIDE_ID` int(11) NOT NULL AUTO_INCREMENT,
  `CRTN_DT` timestamp NOT NULL DEFAULT CURRENT_TIMESTAMP ON UPDATE CURRENT_TIMESTAMP,
  `CRTN_USER_ID` varchar(8) NOT NULL,
  `LAST_UPTD_DT` timestamp NOT NULL DEFAULT '0000-00-00 00:00:00',
  `LAST_UPTD_USER_ID` varchar(8) NOT NULL,
  `SIDE_TYPE` varchar(2) NOT NULL,
  PRIMARY KEY (`SIDE_ID`)
) ENGINE=InnoDB AUTO_INCREMENT=3 DEFAULT CHARSET=latin1;

--
-- Dumping data for table `stj_side`
--

/*!40000 ALTER TABLE `stj_side` DISABLE KEYS */;
INSERT INTO `stj_side` (`SIDE_ID`,`CRTN_DT`,`CRTN_USER_ID`,`LAST_UPTD_DT`,`LAST_UPTD_USER_ID`,`SIDE_TYPE`) VALUES 
 (1,'2010-05-09 20:09:47','SYSTEM','2010-05-09 20:09:47','SYSTEM','FT'),
 (2,'2010-05-09 20:09:47','SYSTEM','2010-05-09 20:09:47','SYSTEM','BK');
/*!40000 ALTER TABLE `stj_side` ENABLE KEYS */;


--
-- Definition of table `stj_team`
--

DROP TABLE IF EXISTS `stj_team`;
CREATE TABLE `stj_team` (
  `TEAM_ID` int(11) NOT NULL AUTO_INCREMENT,
  `CRTN_DT` timestamp NOT NULL DEFAULT CURRENT_TIMESTAMP ON UPDATE CURRENT_TIMESTAMP,
  `CRTN_USER_ID` varchar(8) NOT NULL,
  `LAST_UPTD_DT` timestamp NOT NULL DEFAULT '0000-00-00 00:00:00',
  `LAST_UPTD_USER_ID` varchar(8) NOT NULL,
  `NAME` varchar(50) NOT NULL,
  `TEAM_NBR` int(11) NOT NULL,
  `SEASON_ID` int(11) DEFAULT NULL,
  PRIMARY KEY (`TEAM_ID`)
) ENGINE=InnoDB AUTO_INCREMENT=12 DEFAULT CHARSET=latin1;

--
-- Dumping data for table `stj_team`
--

/*!40000 ALTER TABLE `stj_team` DISABLE KEYS */;
INSERT INTO `stj_team` (`TEAM_ID`,`CRTN_DT`,`CRTN_USER_ID`,`LAST_UPTD_DT`,`LAST_UPTD_USER_ID`,`NAME`,`TEAM_NBR`,`SEASON_ID`) VALUES 
 (1,'2010-05-09 20:09:48','SYSTEM','2010-05-09 20:09:48','SYSTEM','POST',1,1),
 (2,'2010-05-09 20:09:48','SYSTEM','2010-05-09 20:09:48','SYSTEM','BISCHOF',2,1),
 (3,'2010-05-09 20:09:48','SYSTEM','2010-05-09 20:09:48','SYSTEM','HAKE',3,1),
 (4,'2010-05-09 20:09:48','SYSTEM','2010-05-09 20:09:48','SYSTEM','HARTER',4,1),
 (5,'2010-05-09 20:09:48','SYSTEM','2010-05-09 20:09:48','SYSTEM','TOUREK',5,1),
 (6,'2010-05-09 20:09:48','SYSTEM','2010-05-09 20:09:48','SYSTEM','BURBRIDGE',6,1),
 (7,'2010-05-09 20:09:48','SYSTEM','2010-05-09 20:09:48','SYSTEM','ARTS',7,1),
 (8,'2010-05-09 20:09:48','SYSTEM','2010-05-12 07:43:35','SYSTEM','MURCEK',8,1),
 (9,'2010-05-09 20:09:48','SYSTEM','2010-05-09 20:09:48','SYSTEM','GERGEN',9,1),
 (10,'2010-05-09 20:09:48','SYSTEM','2010-05-10 00:44:00','SYSTEM','WILMES',10,1),
 (11,'2010-05-09 20:09:48','SYSTEM','2010-05-09 20:09:48','SYSTEM','LINKE',11,1);
/*!40000 ALTER TABLE `stj_team` ENABLE KEYS */;


--
-- Definition of table `stj_team_match`
--

DROP TABLE IF EXISTS `stj_team_match`;
CREATE TABLE `stj_team_match` (
  `TEAM_MATCH_ID` int(11) NOT NULL AUTO_INCREMENT,
  `CRTN_DT` timestamp NOT NULL DEFAULT CURRENT_TIMESTAMP ON UPDATE CURRENT_TIMESTAMP,
  `CRTN_USER_ID` varchar(8) NOT NULL,
  `LAST_UPTD_DT` timestamp NOT NULL DEFAULT '0000-00-00 00:00:00',
  `LAST_UPTD_USER_ID` varchar(8) NOT NULL,
  `TEAM_SCORE_ID_1` int(11) NOT NULL,
  `TEAM_SCORE_ID_2` int(11) NOT NULL,
  `WEEK_ID` int(11) DEFAULT NULL,
  PRIMARY KEY (`TEAM_MATCH_ID`)
) ENGINE=InnoDB AUTO_INCREMENT=21 DEFAULT CHARSET=latin1;

--
-- Dumping data for table `stj_team_match`
--

/*!40000 ALTER TABLE `stj_team_match` DISABLE KEYS */;
INSERT INTO `stj_team_match` (`TEAM_MATCH_ID`,`CRTN_DT`,`CRTN_USER_ID`,`LAST_UPTD_DT`,`LAST_UPTD_USER_ID`,`TEAM_SCORE_ID_1`,`TEAM_SCORE_ID_2`,`WEEK_ID`) VALUES 
 (1,'2010-05-09 21:05:54','SYSTEM','2010-05-12 07:16:38','SYSTEM',1,2,NULL),
 (2,'2010-05-09 21:05:54','SYSTEM','2010-05-12 07:16:38','SYSTEM',3,4,NULL),
 (3,'2010-05-09 21:05:54','SYSTEM','2010-05-12 07:16:38','SYSTEM',5,6,NULL),
 (4,'2010-05-09 21:05:54','SYSTEM','2010-05-12 07:16:38','SYSTEM',7,8,NULL),
 (5,'2010-05-09 21:05:54','SYSTEM','2010-05-12 07:16:38','SYSTEM',9,10,NULL),
 (6,'2010-05-10 00:06:26','SYSTEM','2010-05-12 07:47:14','SYSTEM',11,12,NULL),
 (7,'2010-05-10 00:06:26','SYSTEM','2010-05-12 07:47:14','SYSTEM',13,14,NULL),
 (8,'2010-05-10 00:06:26','SYSTEM','2010-05-12 07:47:14','SYSTEM',15,16,NULL),
 (9,'2010-05-10 00:06:26','SYSTEM','2010-05-12 07:47:14','SYSTEM',17,18,NULL),
 (10,'2010-05-10 00:06:26','SYSTEM','2010-05-12 07:47:14','SYSTEM',19,20,NULL),
 (11,'2010-05-10 00:06:52','SYSTEM','2010-05-13 20:11:53','SYSTEM',21,22,NULL),
 (12,'2010-05-10 00:06:52','SYSTEM','2010-05-13 20:11:53','SYSTEM',23,24,NULL),
 (13,'2010-05-10 00:06:52','SYSTEM','2010-05-13 20:11:53','SYSTEM',25,26,NULL),
 (14,'2010-05-10 00:06:52','SYSTEM','2010-05-13 20:11:53','SYSTEM',27,28,NULL),
 (15,'2010-05-10 00:06:52','SYSTEM','2010-05-13 20:11:53','SYSTEM',29,30,NULL),
 (16,'2010-05-10 00:07:14','SYSTEM','2010-05-10 00:07:14','SYSTEM',31,32,NULL),
 (17,'2010-05-10 00:07:14','SYSTEM','2010-05-10 00:07:14','SYSTEM',33,34,NULL),
 (18,'2010-05-10 00:07:14','SYSTEM','2010-05-10 00:07:14','SYSTEM',35,36,NULL),
 (19,'2010-05-10 00:07:14','SYSTEM','2010-05-10 00:07:14','SYSTEM',37,38,NULL),
 (20,'2010-05-10 00:07:14','SYSTEM','2010-05-10 00:07:14','SYSTEM',39,40,NULL);
/*!40000 ALTER TABLE `stj_team_match` ENABLE KEYS */;


--
-- Definition of table `stj_team_score`
--

DROP TABLE IF EXISTS `stj_team_score`;
CREATE TABLE `stj_team_score` (
  `TEAM_SCORE_ID` int(11) NOT NULL AUTO_INCREMENT,
  `CRTN_DT` timestamp NOT NULL DEFAULT CURRENT_TIMESTAMP ON UPDATE CURRENT_TIMESTAMP,
  `CRTN_USER_ID` varchar(8) NOT NULL,
  `LAST_UPTD_DT` timestamp NOT NULL DEFAULT '0000-00-00 00:00:00',
  `LAST_UPTD_USER_ID` varchar(8) NOT NULL,
  `TEAM_ID` int(11) NOT NULL,
  `PLAYER_SCORE_ID_A` int(11) DEFAULT NULL,
  `PLAYER_SCORE_ID_B` int(11) DEFAULT NULL,
  `PLAYER_SCORE_ID_C` int(11) DEFAULT NULL,
  `PLAYER_SCORE_ID_D` int(11) DEFAULT NULL,
  `TEAM_MATCH_ID` int(11) DEFAULT NULL,
  PRIMARY KEY (`TEAM_SCORE_ID`)
) ENGINE=InnoDB AUTO_INCREMENT=41 DEFAULT CHARSET=latin1;

--
-- Dumping data for table `stj_team_score`
--

/*!40000 ALTER TABLE `stj_team_score` DISABLE KEYS */;
INSERT INTO `stj_team_score` (`TEAM_SCORE_ID`,`CRTN_DT`,`CRTN_USER_ID`,`LAST_UPTD_DT`,`LAST_UPTD_USER_ID`,`TEAM_ID`,`PLAYER_SCORE_ID_A`,`PLAYER_SCORE_ID_B`,`PLAYER_SCORE_ID_C`,`PLAYER_SCORE_ID_D`,`TEAM_MATCH_ID`) VALUES 
 (1,'2010-05-09 21:05:54','SYSTEM','2010-05-12 07:16:38','SYSTEM',1,1,3,5,7,NULL),
 (2,'2010-05-09 21:05:54','SYSTEM','2010-05-12 07:16:38','SYSTEM',8,2,4,6,8,NULL),
 (3,'2010-05-09 21:05:54','SYSTEM','2010-05-12 07:16:38','SYSTEM',9,9,11,13,15,NULL),
 (4,'2010-05-09 21:05:54','SYSTEM','2010-05-12 07:16:38','SYSTEM',7,10,12,14,16,NULL),
 (5,'2010-05-09 21:05:54','SYSTEM','2010-05-12 07:16:38','SYSTEM',11,17,19,21,23,NULL),
 (6,'2010-05-09 21:05:54','SYSTEM','2010-05-12 07:16:38','SYSTEM',5,18,20,22,24,NULL),
 (7,'2010-05-09 21:05:54','SYSTEM','2010-05-12 07:16:38','SYSTEM',2,25,27,29,31,NULL),
 (8,'2010-05-09 21:05:54','SYSTEM','2010-05-12 07:16:38','SYSTEM',3,26,28,30,32,NULL),
 (9,'2010-05-09 21:05:54','SYSTEM','2010-05-12 07:16:38','SYSTEM',6,33,35,37,39,NULL),
 (10,'2010-05-09 21:05:54','SYSTEM','2010-05-12 07:16:38','SYSTEM',10,34,36,38,40,NULL),
 (11,'2010-05-10 00:06:26','SYSTEM','2010-05-12 07:47:14','SYSTEM',6,41,43,45,47,NULL),
 (12,'2010-05-10 00:06:26','SYSTEM','2010-05-12 07:47:14','SYSTEM',9,42,44,46,48,NULL),
 (13,'2010-05-10 00:06:26','SYSTEM','2010-05-12 07:47:14','SYSTEM',5,49,51,53,55,NULL),
 (14,'2010-05-10 00:06:26','SYSTEM','2010-05-12 07:47:14','SYSTEM',10,50,52,54,56,NULL),
 (15,'2010-05-10 00:06:26','SYSTEM','2010-05-12 07:47:14','SYSTEM',1,57,59,61,63,NULL),
 (16,'2010-05-10 00:06:26','SYSTEM','2010-05-12 07:47:14','SYSTEM',2,58,60,62,64,NULL),
 (17,'2010-05-10 00:06:26','SYSTEM','2010-05-12 07:47:14','SYSTEM',4,65,67,69,71,NULL),
 (18,'2010-05-10 00:06:26','SYSTEM','2010-05-12 07:47:14','SYSTEM',11,66,68,70,72,NULL),
 (19,'2010-05-10 00:06:26','SYSTEM','2010-05-12 07:47:14','SYSTEM',7,73,75,77,79,NULL),
 (20,'2010-05-10 00:06:26','SYSTEM','2010-05-12 07:47:14','SYSTEM',8,74,76,78,80,NULL),
 (21,'2010-05-10 00:06:52','SYSTEM','2010-05-13 20:11:53','SYSTEM',10,81,83,85,87,NULL),
 (22,'2010-05-10 00:06:52','SYSTEM','2010-05-13 20:11:53','SYSTEM',4,82,84,86,88,NULL),
 (23,'2010-05-10 00:06:52','SYSTEM','2010-05-13 20:11:53','SYSTEM',11,89,91,93,95,NULL),
 (24,'2010-05-10 00:06:52','SYSTEM','2010-05-13 20:11:53','SYSTEM',3,90,92,94,96,NULL),
 (25,'2010-05-10 00:06:52','SYSTEM','2010-05-13 20:11:53','SYSTEM',7,113,115,117,119,NULL),
 (26,'2010-05-10 00:06:52','SYSTEM','2010-05-13 20:11:53','SYSTEM',1,114,116,118,120,NULL),
 (27,'2010-05-10 00:06:52','SYSTEM','2010-05-13 20:11:53','SYSTEM',8,97,99,101,103,NULL),
 (28,'2010-05-10 00:06:52','SYSTEM','2010-05-13 20:11:53','SYSTEM',6,98,100,102,104,NULL),
 (29,'2010-05-10 00:06:52','SYSTEM','2010-05-13 20:11:53','SYSTEM',9,105,107,109,111,NULL),
 (30,'2010-05-10 00:06:52','SYSTEM','2010-05-13 20:11:53','SYSTEM',5,106,108,110,112,NULL),
 (31,'2010-05-10 00:07:14','SYSTEM','2010-05-10 00:07:14','SYSTEM',10,NULL,NULL,NULL,NULL,NULL),
 (32,'2010-05-10 00:07:14','SYSTEM','2010-05-10 00:07:14','SYSTEM',2,NULL,NULL,NULL,NULL,NULL),
 (33,'2010-05-10 00:07:14','SYSTEM','2010-05-10 00:07:14','SYSTEM',1,NULL,NULL,NULL,NULL,NULL),
 (34,'2010-05-10 00:07:14','SYSTEM','2010-05-10 00:07:14','SYSTEM',6,NULL,NULL,NULL,NULL,NULL),
 (35,'2010-05-10 00:07:14','SYSTEM','2010-05-10 00:07:14','SYSTEM',9,NULL,NULL,NULL,NULL,NULL),
 (36,'2010-05-10 00:07:14','SYSTEM','2010-05-10 00:07:14','SYSTEM',3,NULL,NULL,NULL,NULL,NULL),
 (37,'2010-05-10 00:07:14','SYSTEM','2010-05-10 00:07:14','SYSTEM',8,NULL,NULL,NULL,NULL,NULL),
 (38,'2010-05-10 00:07:14','SYSTEM','2010-05-10 00:07:14','SYSTEM',4,NULL,NULL,NULL,NULL,NULL),
 (39,'2010-05-10 00:07:14','SYSTEM','2010-05-10 00:07:14','SYSTEM',7,NULL,NULL,NULL,NULL,NULL),
 (40,'2010-05-10 00:07:14','SYSTEM','2010-05-10 00:07:14','SYSTEM',5,NULL,NULL,NULL,NULL,NULL);
/*!40000 ALTER TABLE `stj_team_score` ENABLE KEYS */;


--
-- Definition of table `stj_week`
--

DROP TABLE IF EXISTS `stj_week`;
CREATE TABLE `stj_week` (
  `WEEK_ID` int(11) NOT NULL AUTO_INCREMENT,
  `CRTN_DT` timestamp NOT NULL DEFAULT CURRENT_TIMESTAMP ON UPDATE CURRENT_TIMESTAMP,
  `CRTN_USER_ID` varchar(8) NOT NULL,
  `LAST_UPTD_DT` timestamp NOT NULL DEFAULT '0000-00-00 00:00:00',
  `LAST_UPTD_USER_ID` varchar(8) NOT NULL,
  `WK_DATE` date NOT NULL,
  `TEAM_MATCH_1_ID` int(11) DEFAULT NULL,
  `TEAM_MATCH_2_ID` int(11) DEFAULT NULL,
  `TEAM_MATCH_3_ID` int(11) DEFAULT NULL,
  `TEAM_MATCH_4_ID` int(11) DEFAULT NULL,
  `TEAM_MATCH_5_ID` int(11) DEFAULT NULL,
  `ROUND_ID` int(11) DEFAULT NULL,
  PRIMARY KEY (`WEEK_ID`)
) ENGINE=InnoDB AUTO_INCREMENT=23 DEFAULT CHARSET=latin1;

--
-- Dumping data for table `stj_week`
--

/*!40000 ALTER TABLE `stj_week` DISABLE KEYS */;
INSERT INTO `stj_week` (`WEEK_ID`,`CRTN_DT`,`CRTN_USER_ID`,`LAST_UPTD_DT`,`LAST_UPTD_USER_ID`,`WK_DATE`,`TEAM_MATCH_1_ID`,`TEAM_MATCH_2_ID`,`TEAM_MATCH_3_ID`,`TEAM_MATCH_4_ID`,`TEAM_MATCH_5_ID`,`ROUND_ID`) VALUES 
 (1,'2010-05-09 20:09:47','SYSTEM','2010-05-12 07:16:38','SYSTEM','2010-04-23',1,2,3,4,5,1),
 (2,'2010-05-09 20:09:47','SYSTEM','2010-05-12 07:47:14','SYSTEM','2010-04-30',6,7,8,9,10,1),
 (3,'2010-05-09 20:09:47','SYSTEM','2010-05-13 20:11:53','SYSTEM','2010-05-07',11,12,13,14,15,1),
 (4,'2010-05-09 20:09:47','SYSTEM','2010-05-10 00:07:14','SYSTEM','2010-05-14',16,17,18,19,20,1),
 (5,'2010-05-09 20:09:47','SYSTEM','2010-05-09 20:09:47','SYSTEM','2010-05-21',NULL,NULL,NULL,NULL,NULL,1),
 (6,'2010-05-09 20:09:47','SYSTEM','2010-05-09 20:09:47','SYSTEM','2010-05-28',NULL,NULL,NULL,NULL,NULL,1),
 (7,'2010-05-09 20:09:47','SYSTEM','2010-05-09 20:09:47','SYSTEM','2010-06-04',NULL,NULL,NULL,NULL,NULL,1),
 (8,'2010-05-09 20:09:47','SYSTEM','2010-05-09 20:09:47','SYSTEM','2010-06-11',NULL,NULL,NULL,NULL,NULL,1),
 (9,'2010-05-09 20:09:47','SYSTEM','2010-05-09 20:09:47','SYSTEM','2010-06-18',NULL,NULL,NULL,NULL,NULL,1),
 (10,'2010-05-09 20:09:47','SYSTEM','2010-05-09 20:09:47','SYSTEM','2010-06-25',NULL,NULL,NULL,NULL,NULL,1),
 (11,'2010-05-09 20:09:47','SYSTEM','2010-05-09 20:09:47','SYSTEM','2010-07-02',NULL,NULL,NULL,NULL,NULL,1),
 (12,'2010-05-09 20:09:48','SYSTEM','2010-05-09 20:09:48','SYSTEM','2010-07-09',NULL,NULL,NULL,NULL,NULL,2),
 (13,'2010-05-09 20:09:48','SYSTEM','2010-05-09 20:09:48','SYSTEM','2010-07-16',NULL,NULL,NULL,NULL,NULL,2),
 (14,'2010-05-09 20:09:48','SYSTEM','2010-05-09 20:09:48','SYSTEM','2010-07-23',NULL,NULL,NULL,NULL,NULL,2),
 (15,'2010-05-09 20:09:48','SYSTEM','2010-05-09 20:09:48','SYSTEM','2010-07-30',NULL,NULL,NULL,NULL,NULL,2),
 (16,'2010-05-09 20:09:48','SYSTEM','2010-05-09 20:09:48','SYSTEM','2010-08-06',NULL,NULL,NULL,NULL,NULL,2),
 (17,'2010-05-09 20:09:48','SYSTEM','2010-05-09 20:09:48','SYSTEM','2010-08-13',NULL,NULL,NULL,NULL,NULL,2),
 (18,'2010-05-09 20:09:48','SYSTEM','2010-05-09 20:09:48','SYSTEM','2010-08-20',NULL,NULL,NULL,NULL,NULL,2),
 (19,'2010-05-09 20:09:48','SYSTEM','2010-05-09 20:09:48','SYSTEM','2010-08-27',NULL,NULL,NULL,NULL,NULL,2),
 (20,'2010-05-09 20:09:48','SYSTEM','2010-05-09 20:09:48','SYSTEM','2010-09-03',NULL,NULL,NULL,NULL,NULL,2),
 (21,'2010-05-09 20:09:48','SYSTEM','2010-05-09 20:09:48','SYSTEM','2010-09-10',NULL,NULL,NULL,NULL,NULL,2),
 (22,'2010-05-09 20:09:48','SYSTEM','2010-05-09 20:09:48','SYSTEM','2010-09-17',NULL,NULL,NULL,NULL,NULL,2);
/*!40000 ALTER TABLE `stj_week` ENABLE KEYS */;


--
-- Definition of table `stj_weekly_score`
--

DROP TABLE IF EXISTS `stj_weekly_score`;
CREATE TABLE `stj_weekly_score` (
  `WEEKLY_SCORE_ID` int(11) NOT NULL AUTO_INCREMENT,
  `CRTN_DT` timestamp NOT NULL DEFAULT CURRENT_TIMESTAMP ON UPDATE CURRENT_TIMESTAMP,
  `CRTN_USER_ID` varchar(8) NOT NULL,
  `LAST_UPTD_DT` timestamp NOT NULL DEFAULT '0000-00-00 00:00:00',
  `LAST_UPTD_USER_ID` varchar(8) NOT NULL,
  `HANDICAP` int(11) DEFAULT NULL,
  `SCORE_DATE` timestamp NOT NULL DEFAULT '0000-00-00 00:00:00',
  `PLAYER_ID` int(11) DEFAULT NULL,
  `SIDE_ID` int(11) NOT NULL,
  `TEAM_SCORE_ID` int(11) DEFAULT NULL,
  `GHOST_FLG` varchar(1) NOT NULL DEFAULT 'N',
  `HOLE_1_SCORE` int(11) DEFAULT NULL,
  `HOLE_2_SCORE` int(11) DEFAULT NULL,
  `HOLE_3_SCORE` int(11) DEFAULT NULL,
  `HOLE_4_SCORE` int(11) DEFAULT NULL,
  `HOLE_5_SCORE` int(11) DEFAULT NULL,
  `HOLE_6_SCORE` int(11) DEFAULT NULL,
  `HOLE_7_SCORE` int(11) DEFAULT NULL,
  `HOLE_8_SCORE` int(11) DEFAULT NULL,
  `HOLE_9_SCORE` int(11) DEFAULT NULL,
  PRIMARY KEY (`WEEKLY_SCORE_ID`)
) ENGINE=InnoDB AUTO_INCREMENT=121 DEFAULT CHARSET=latin1;

--
-- Dumping data for table `stj_weekly_score`
--

/*!40000 ALTER TABLE `stj_weekly_score` DISABLE KEYS */;
INSERT INTO `stj_weekly_score` (`WEEKLY_SCORE_ID`,`CRTN_DT`,`CRTN_USER_ID`,`LAST_UPTD_DT`,`LAST_UPTD_USER_ID`,`HANDICAP`,`SCORE_DATE`,`PLAYER_ID`,`SIDE_ID`,`TEAM_SCORE_ID`,`GHOST_FLG`,`HOLE_1_SCORE`,`HOLE_2_SCORE`,`HOLE_3_SCORE`,`HOLE_4_SCORE`,`HOLE_5_SCORE`,`HOLE_6_SCORE`,`HOLE_7_SCORE`,`HOLE_8_SCORE`,`HOLE_9_SCORE`) VALUES 
 (1,'2010-05-10 00:09:59','SYSTEM','2010-05-12 07:16:38','SYSTEM',5,'2010-04-23 00:00:00',1,1,1,'N',5,3,6,4,4,6,5,3,5),
 (2,'2010-05-10 00:09:59','SYSTEM','2010-05-12 07:43:35','SYSTEM',11,'2010-04-23 00:00:00',58,1,2,'N',6,5,5,6,3,7,8,4,7),
 (3,'2010-05-10 00:11:04','SYSTEM','2010-05-12 07:16:38','SYSTEM',6,'2010-04-23 00:00:00',5,1,1,'N',5,3,4,6,4,6,5,3,6),
 (4,'2010-05-10 00:11:04','SYSTEM','2010-05-12 07:43:35','SYSTEM',13,'2010-04-23 00:00:00',55,1,2,'N',5,4,8,5,5,6,7,5,6),
 (5,'2010-05-10 00:11:59','SYSTEM','2010-05-12 07:16:38','SYSTEM',8,'2010-04-23 00:00:00',6,1,1,'N',4,4,4,5,4,6,5,3,5),
 (6,'2010-05-10 00:11:59','SYSTEM','2010-05-12 07:43:35','SYSTEM',15,'2010-04-23 00:00:00',57,1,2,'N',8,4,7,6,6,9,6,5,7),
 (7,'2010-05-10 00:13:07','SYSTEM','2010-05-12 07:16:38','SYSTEM',14,'2010-04-23 00:00:00',3,1,1,'N',7,3,7,6,3,7,5,4,8),
 (8,'2010-05-10 00:13:07','SYSTEM','2010-05-12 07:43:35','SYSTEM',16,'2010-04-23 00:00:00',53,1,2,'N',6,5,6,5,4,10,5,3,9),
 (9,'2010-05-10 00:19:25','SYSTEM','2010-05-12 07:16:38','SYSTEM',13,'2010-04-23 00:00:00',59,1,3,'N',6,4,6,5,3,6,6,6,9),
 (10,'2010-05-10 00:19:25','SYSTEM','2010-05-12 07:16:38','SYSTEM',4,'2010-04-23 00:00:00',51,1,4,'N',5,3,5,4,3,5,5,3,5),
 (11,'2010-05-10 00:21:42','SYSTEM','2010-05-12 07:16:38','SYSTEM',15,'2010-04-23 00:00:00',61,1,3,'N',9,5,9,8,4,6,5,5,5),
 (12,'2010-05-10 00:21:42','SYSTEM','2010-05-12 07:16:38','SYSTEM',11,'2010-04-23 00:00:00',47,1,4,'N',5,3,5,5,4,7,5,4,6),
 (13,'2010-05-10 00:23:48','SYSTEM','2010-05-12 07:16:38','SYSTEM',16,'2010-04-23 00:00:00',60,1,3,'N',7,5,7,5,4,6,9,8,8),
 (14,'2010-05-10 00:23:48','SYSTEM','2010-05-12 07:16:38','SYSTEM',15,'2010-04-23 00:00:00',46,1,4,'N',7,6,5,4,5,6,6,6,6),
 (15,'2010-05-10 00:25:11','SYSTEM','2010-05-12 07:16:38','SYSTEM',21,'2010-04-23 00:00:00',63,1,3,'N',6,6,8,7,5,8,8,5,9),
 (16,'2010-05-10 00:25:11','SYSTEM','2010-05-12 07:16:38','SYSTEM',23,'2010-04-23 00:00:00',48,1,4,'N',5,5,6,7,4,10,8,4,6),
 (17,'2010-05-10 00:27:21','SYSTEM','2010-05-12 07:33:30','SYSTEM',3,'2010-04-23 00:00:00',78,2,5,'N',4,6,4,6,4,4,3,7,5),
 (18,'2010-05-10 00:27:21','SYSTEM','2010-05-12 07:16:38','SYSTEM',7,'2010-04-23 00:00:00',38,2,6,'N',4,8,6,8,5,4,4,5,4),
 (19,'2010-05-10 00:28:56','SYSTEM','2010-05-12 07:16:38','SYSTEM',11,'2010-04-23 00:00:00',77,2,5,'N',6,8,5,5,4,7,5,4,8),
 (20,'2010-05-10 00:28:56','SYSTEM','2010-05-12 07:16:38','SYSTEM',9,'2010-04-23 00:00:00',33,2,6,'N',3,5,5,5,6,4,5,4,7),
 (21,'2010-05-10 00:31:59','SYSTEM','2010-05-12 07:16:38','SYSTEM',14,'2010-04-23 00:00:00',79,2,5,'N',6,7,5,6,4,4,6,8,5),
 (22,'2010-05-10 00:31:59','SYSTEM','2010-05-12 07:16:38','SYSTEM',13,'2010-04-23 00:00:00',32,2,6,'N',8,7,7,6,5,7,4,4,6),
 (23,'2010-05-10 00:33:42','SYSTEM','2010-05-12 07:16:38','SYSTEM',22,'2010-04-23 00:00:00',75,2,5,'N',6,7,8,9,6,7,4,7,6),
 (24,'2010-05-10 00:33:42','SYSTEM','2010-05-12 07:16:38','SYSTEM',16,'2010-04-23 00:00:00',34,2,6,'N',4,9,8,9,6,5,4,5,5),
 (25,'2010-05-10 00:37:19','SYSTEM','2010-05-12 07:16:38','SYSTEM',9,'2010-04-23 00:00:00',7,2,7,'N',5,6,6,6,5,6,3,5,5),
 (26,'2010-05-10 00:37:19','SYSTEM','2010-05-12 07:16:38','SYSTEM',3,'2010-04-23 00:00:00',16,2,8,'N',4,6,3,6,4,6,4,4,5),
 (27,'2010-05-10 00:38:14','SYSTEM','2010-05-12 07:16:38','SYSTEM',16,'2010-04-23 00:00:00',14,2,7,'N',4,7,7,8,7,5,5,7,6),
 (28,'2010-05-10 00:38:14','SYSTEM','2010-05-12 07:16:38','SYSTEM',10,'2010-04-23 00:00:00',15,2,8,'N',5,8,5,5,6,5,5,4,5),
 (29,'2010-05-10 00:40:14','SYSTEM','2010-05-12 07:16:38','SYSTEM',17,'2010-04-23 00:00:00',13,2,7,'N',4,9,6,6,5,6,5,4,5),
 (30,'2010-05-10 00:40:14','SYSTEM','2010-05-12 07:16:38','SYSTEM',17,'2010-04-23 00:00:00',62,2,8,'N',5,9,6,7,5,4,6,6,5),
 (31,'2010-05-10 00:41:47','SYSTEM','2010-05-12 07:16:38','SYSTEM',8,'2010-04-23 00:00:00',10,2,7,'N',6,7,5,4,5,4,4,5,5),
 (32,'2010-05-10 00:41:47','SYSTEM','2010-05-12 07:16:38','SYSTEM',14,'2010-04-23 00:00:00',20,2,8,'N',4,7,8,6,6,6,4,5,6),
 (33,'2010-05-10 00:46:00','SYSTEM','2010-05-12 07:16:38','SYSTEM',5,'2010-04-23 00:00:00',41,2,9,'N',3,7,8,6,4,5,4,4,4),
 (34,'2010-05-10 00:46:00','SYSTEM','2010-05-12 07:16:38','SYSTEM',20,'2010-04-23 00:00:00',80,2,10,'N',5,10,6,10,4,8,4,6,5),
 (35,'2010-05-10 00:47:36','SYSTEM','2010-05-12 07:16:38','SYSTEM',6,'2010-04-23 00:00:00',42,1,9,'N',6,5,6,5,3,6,6,4,6),
 (36,'2010-05-10 00:47:36','SYSTEM','2010-05-12 07:16:38','SYSTEM',16,'2010-04-23 00:00:00',69,1,10,'N',7,5,8,6,5,6,6,5,7),
 (37,'2010-05-10 00:49:11','SYSTEM','2010-05-12 07:16:38','SYSTEM',9,'2010-04-23 00:00:00',43,1,9,'N',6,5,4,4,3,6,7,4,6),
 (38,'2010-05-10 00:49:11','SYSTEM','2010-05-12 07:16:38','SYSTEM',23,'2010-04-23 00:00:00',70,1,10,'N',8,9,8,5,4,7,10,4,5),
 (39,'2010-05-10 00:50:19','SYSTEM','2010-05-12 07:16:38','SYSTEM',16,'2010-04-23 00:00:00',44,2,9,'N',4,7,6,8,8,7,4,5,5),
 (40,'2010-05-10 00:50:19','SYSTEM','2010-05-12 07:16:38','SYSTEM',21,'2010-04-23 00:00:00',68,2,10,'N',5,10,7,10,6,4,5,6,6),
 (41,'2010-05-11 12:43:28','SYSTEM','2010-05-12 07:47:14','SYSTEM',5,'2010-04-30 00:00:00',41,1,11,'N',4,3,5,4,3,5,5,5,6),
 (42,'2010-05-11 12:43:28','SYSTEM','2010-05-12 07:47:14','SYSTEM',8,'2010-04-30 00:00:00',65,1,12,'N',5,6,6,6,4,5,6,4,8),
 (43,'2010-05-11 12:44:53','SYSTEM','2010-05-12 07:47:14','SYSTEM',9,'2010-04-30 00:00:00',43,1,11,'N',5,3,4,5,3,5,6,3,5),
 (44,'2010-05-11 12:44:53','SYSTEM','2010-05-12 07:47:14','SYSTEM',9,'2010-04-30 00:00:00',67,1,12,'N',7,6,6,4,4,6,5,6,6),
 (45,'2010-05-11 12:46:25','SYSTEM','2010-05-12 07:47:14','SYSTEM',16,'2010-04-30 00:00:00',44,1,11,'N',4,4,7,4,5,7,5,3,7),
 (46,'2010-05-11 12:46:25','SYSTEM','2010-05-12 07:47:14','SYSTEM',10,'2010-04-30 00:00:00',64,1,12,'N',5,5,8,5,4,5,5,4,5),
 (47,'2010-05-11 12:48:51','SYSTEM','2010-05-12 07:47:14','SYSTEM',5,'2010-04-30 00:00:00',45,1,11,'N',4,3,6,6,3,5,4,4,6),
 (48,'2010-05-12 22:23:44','SYSTEM','2010-05-12 07:47:14','SYSTEM',17,'2010-04-30 00:00:00',62,1,12,'N',5,4,7,6,5,6,6,5,10),
 (49,'2010-05-12 07:21:54','SYSTEM','2010-05-12 07:47:14','SYSTEM',8,'2010-04-30 00:00:00',38,1,13,'N',4,4,6,5,3,6,6,4,5),
 (50,'2010-05-12 07:21:54','SYSTEM','2010-05-12 07:47:14','SYSTEM',10,'2010-04-30 00:00:00',72,1,14,'N',5,3,6,6,3,5,4,3,6),
 (51,'2010-05-12 07:23:03','SYSTEM','2010-05-12 07:47:14','SYSTEM',13,'2010-04-30 00:00:00',36,1,13,'N',5,6,9,5,3,9,6,4,6),
 (52,'2010-05-12 07:23:03','SYSTEM','2010-05-12 07:47:14','SYSTEM',15,'2010-04-30 00:00:00',74,1,14,'N',6,4,7,5,4,7,8,4,9),
 (53,'2010-05-12 07:24:07','SYSTEM','2010-05-12 07:47:14','SYSTEM',11,'2010-04-30 00:00:00',35,1,13,'N',6,4,6,6,3,7,6,3,6),
 (54,'2010-05-12 07:24:07','SYSTEM','2010-05-12 07:47:14','SYSTEM',12,'2010-04-30 00:00:00',73,1,14,'N',10,3,7,5,3,8,5,4,6),
 (55,'2010-05-12 07:25:51','SYSTEM','2010-05-12 07:47:14','SYSTEM',13,'2010-04-30 00:00:00',32,1,13,'N',7,5,5,5,5,9,4,4,6),
 (56,'2010-05-12 07:25:51','SYSTEM','2010-05-12 07:47:14','SYSTEM',18,'2010-04-30 00:00:00',71,1,14,'N',7,4,6,6,4,10,5,6,7),
 (57,'2010-05-12 07:27:24','SYSTEM','2010-05-12 07:47:14','SYSTEM',6,'2010-04-30 00:00:00',1,2,15,'N',3,6,4,7,6,7,3,5,4),
 (58,'2010-05-12 07:27:24','SYSTEM','2010-05-12 07:47:14','SYSTEM',8,'2010-04-30 00:00:00',8,2,16,'N',4,7,4,6,4,5,4,4,5),
 (59,'2010-05-12 07:28:07','SYSTEM','2010-05-12 07:47:14','SYSTEM',6,'2010-04-30 00:00:00',5,2,15,'N',4,6,6,6,5,4,3,4,5),
 (60,'2010-05-12 07:28:07','SYSTEM','2010-05-12 07:47:14','SYSTEM',9,'2010-04-30 00:00:00',7,2,16,'N',4,9,7,7,5,6,4,5,6),
 (61,'2010-05-12 07:29:02','SYSTEM','2010-05-12 07:47:14','SYSTEM',7,'2010-04-30 00:00:00',6,2,15,'N',6,6,6,6,7,6,6,5,8),
 (62,'2010-05-12 07:29:02','SYSTEM','2010-05-12 07:47:14','SYSTEM',11,'2010-04-30 00:00:00',11,2,16,'N',3,5,5,7,6,5,5,5,5),
 (63,'2010-05-12 07:30:38','SYSTEM','2010-05-12 07:47:14','SYSTEM',18,'2010-04-30 00:00:00',4,2,15,'N',8,6,6,7,8,8,5,6,4),
 (64,'2010-05-12 07:30:38','SYSTEM','2010-05-12 07:47:14','SYSTEM',28,'2010-04-30 00:00:00',12,2,16,'N',5,10,9,8,7,8,6,9,5),
 (65,'2010-05-12 07:35:00','SYSTEM','2010-05-12 07:47:14','SYSTEM',4,'2010-04-30 00:00:00',26,2,17,'N',4,5,4,5,5,4,3,3,4),
 (66,'2010-05-12 07:35:00','SYSTEM','2010-05-12 07:47:14','SYSTEM',5,'2010-04-30 00:00:00',78,2,18,'N',3,5,4,5,3,6,4,5,3),
 (67,'2010-05-12 07:36:12','SYSTEM','2010-05-12 07:47:14','SYSTEM',6,'2010-04-30 00:00:00',25,2,17,'N',3,8,5,7,4,4,2,4,5),
 (68,'2010-05-12 07:36:12','SYSTEM','2010-05-12 07:47:14','SYSTEM',6,'2010-04-30 00:00:00',28,2,18,'N',4,10,3,6,4,6,4,6,5),
 (69,'2010-05-12 07:38:09','SYSTEM','2010-05-12 07:47:14','SYSTEM',11,'2010-04-30 00:00:00',31,2,17,'N',3,7,6,5,7,3,4,6,5),
 (70,'2010-05-12 07:38:09','SYSTEM','2010-05-12 07:47:14','SYSTEM',8,'2010-04-30 00:00:00',76,2,18,'N',5,6,5,5,5,6,4,5,4),
 (71,'2010-05-12 07:39:04','SYSTEM','2010-05-12 07:47:14','SYSTEM',13,'2010-04-30 00:00:00',24,2,17,'N',3,7,6,7,7,5,4,9,7),
 (72,'2010-05-12 07:39:04','SYSTEM','2010-05-12 07:47:14','SYSTEM',14,'2010-04-30 00:00:00',79,2,18,'N',5,7,4,6,8,4,6,8,5),
 (73,'2010-05-12 07:40:43','SYSTEM','2010-05-12 07:47:14','SYSTEM',6,'2010-04-30 00:00:00',50,1,19,'N',4,4,5,5,4,6,4,2,6),
 (74,'2010-05-12 07:40:43','SYSTEM','2010-05-12 07:47:14','SYSTEM',12,'2010-04-30 00:00:00',55,1,20,'N',6,4,5,5,5,6,6,5,8),
 (75,'2010-05-12 07:44:45','SYSTEM','2010-05-12 07:47:14','SYSTEM',9,'2010-04-30 00:00:00',52,1,19,'N',6,4,6,5,5,6,6,3,6),
 (76,'2010-05-12 07:44:45','SYSTEM','2010-05-12 07:47:14','SYSTEM',13,'2010-04-30 00:00:00',81,1,20,'N',6,7,6,3,4,5,7,6,8),
 (77,'2010-05-12 07:45:40','SYSTEM','2010-05-12 07:47:14','SYSTEM',15,'2010-04-30 00:00:00',46,2,19,'N',4,8,7,7,9,6,5,6,6),
 (78,'2010-05-12 07:45:40','SYSTEM','2010-05-12 07:47:14','SYSTEM',17,'2010-04-30 00:00:00',57,2,20,'N',5,7,6,9,5,7,4,6,6),
 (79,'2010-05-12 07:47:14','SYSTEM','2010-05-12 07:47:14','SYSTEM',23,'2010-04-30 00:00:00',48,2,19,'N',5,7,6,6,6,7,4,9,5),
 (80,'2010-05-12 07:47:14','SYSTEM','2010-05-12 07:47:14','SYSTEM',15,'2010-04-30 00:00:00',54,2,20,'N',5,7,6,8,5,5,4,7,6),
 (81,'2010-05-12 21:15:57','SYSTEM','2010-05-13 20:11:53','SYSTEM',13,'2010-05-07 00:00:00',73,1,21,'N',6,5,5,7,4,8,6,5,7),
 (82,'2010-05-12 21:15:57','SYSTEM','2010-05-13 20:11:53','SYSTEM',5,'2010-05-07 00:00:00',27,1,22,'N',6,4,6,6,3,5,5,4,7),
 (83,'2010-05-12 21:18:23','SYSTEM','2010-05-13 20:11:53','SYSTEM',17,'2010-05-07 00:00:00',69,1,21,'N',6,4,7,7,6,5,4,4,7),
 (84,'2010-05-12 21:18:23','SYSTEM','2010-05-13 20:11:53','SYSTEM',7,'2010-05-07 00:00:00',28,1,22,'N',4,4,5,6,4,6,5,5,7),
 (85,'2010-05-12 21:19:15','SYSTEM','2010-05-13 20:11:53','SYSTEM',21,'2010-05-07 00:00:00',68,1,21,'N',8,5,9,8,6,10,7,6,10),
 (86,'2010-05-12 21:19:15','SYSTEM','2010-05-13 20:11:53','SYSTEM',8,'2010-05-07 00:00:00',29,1,22,'N',5,4,4,6,4,5,8,3,6),
 (87,'2010-05-12 21:20:18','SYSTEM','2010-05-13 20:11:53','SYSTEM',23,'2010-05-07 00:00:00',70,1,21,'N',8,5,7,6,4,7,10,4,10),
 (88,'2010-05-12 21:20:18','SYSTEM','2010-05-13 20:11:53','SYSTEM',14,'2010-05-07 00:00:00',30,1,22,'N',5,3,6,6,5,8,5,4,5),
 (89,'2010-05-12 21:22:31','SYSTEM','2010-05-13 20:11:53','SYSTEM',3,'2010-05-07 00:00:00',78,1,23,'N',5,4,4,6,4,6,5,4,6),
 (90,'2010-05-12 21:22:31','SYSTEM','2010-05-13 20:11:53','SYSTEM',7,'2010-05-07 00:00:00',17,1,24,'N',3,4,5,5,4,8,5,3,8),
 (91,'2010-05-12 21:23:23','SYSTEM','2010-05-13 20:11:53','SYSTEM',12,'2010-05-07 00:00:00',77,1,23,'N',5,4,7,5,5,6,5,5,6),
 (92,'2010-05-12 21:23:23','SYSTEM','2010-05-13 20:11:53','SYSTEM',10,'2010-05-07 00:00:00',21,1,24,'N',6,5,5,6,4,7,6,5,8),
 (93,'2010-05-12 21:24:25','SYSTEM','2010-05-13 20:11:53','SYSTEM',14,'2010-05-07 00:00:00',79,1,23,'N',6,3,7,10,4,5,6,6,6),
 (94,'2010-05-12 21:24:25','SYSTEM','2010-05-13 20:11:53','SYSTEM',11,'2010-05-07 00:00:00',19,1,24,'N',6,4,7,5,4,6,4,2,7),
 (95,'2010-05-12 21:25:39','SYSTEM','2010-05-13 20:11:53','SYSTEM',22,'2010-05-07 00:00:00',75,1,23,'N',5,4,7,6,4,13,7,4,7),
 (96,'2010-05-12 21:25:39','SYSTEM','2010-05-13 20:11:53','SYSTEM',14,'2010-05-07 00:00:00',20,1,24,'N',8,5,6,6,4,5,6,4,6),
 (97,'2010-05-12 21:27:25','SYSTEM','2010-05-13 20:11:53','SYSTEM',11,'2010-05-07 00:00:00',56,2,27,'N',8,8,7,9,6,5,4,6,9),
 (98,'2010-05-12 21:27:25','SYSTEM','2010-05-13 20:11:53','SYSTEM',4,'2010-05-07 00:00:00',40,2,28,'N',5,7,5,7,5,4,4,9,5),
 (99,'2010-05-12 21:28:10','SYSTEM','2010-05-13 20:11:53','SYSTEM',12,'2010-05-07 00:00:00',55,2,27,'N',6,6,5,4,7,8,4,5,8),
 (100,'2010-05-12 21:28:10','SYSTEM','2010-05-13 20:11:53','SYSTEM',5,'2010-05-07 00:00:00',41,2,28,'N',3,5,6,5,5,5,4,5,5),
 (101,'2010-05-12 21:28:54','SYSTEM','2010-05-13 20:11:53','SYSTEM',16,'2010-05-07 00:00:00',53,2,27,'N',7,10,7,9,5,7,5,7,10),
 (102,'2010-05-12 21:28:54','SYSTEM','2010-05-13 20:11:53','SYSTEM',7,'2010-05-07 00:00:00',42,2,28,'N',3,7,6,6,6,5,6,5,6),
 (103,'2010-05-12 21:39:58','SYSTEM','2010-05-13 20:11:53','SYSTEM',NULL,'2010-05-07 00:00:00',NULL,2,27,'Y',NULL,NULL,NULL,NULL,NULL,NULL,NULL,NULL,NULL),
 (104,'2010-05-12 21:39:58','SYSTEM','2010-05-13 20:11:53','SYSTEM',8,'2010-05-07 00:00:00',43,2,28,'N',5,6,7,5,8,3,5,5,5),
 (105,'2010-05-12 22:16:11','SYSTEM','2010-05-13 20:11:53','SYSTEM',13,'2010-05-07 00:00:00',59,1,29,'N',7,5,7,7,5,8,7,4,10),
 (106,'2010-05-12 22:16:11','SYSTEM','2010-05-13 20:11:53','SYSTEM',5,'2010-05-07 00:00:00',39,1,30,'N',6,3,6,7,5,6,5,4,5),
 (107,'2010-05-12 22:25:45','SYSTEM','2010-05-13 20:11:53','SYSTEM',18,'2010-05-07 00:00:00',62,1,29,'N',7,4,5,8,5,10,6,6,8),
 (108,'2010-05-12 22:25:45','SYSTEM','2010-05-13 20:11:53','SYSTEM',8,'2010-05-07 00:00:00',38,1,30,'N',6,3,7,7,5,6,5,5,7),
 (109,'2010-05-12 22:26:46','SYSTEM','2010-05-13 20:11:53','SYSTEM',22,'2010-05-07 00:00:00',63,1,29,'N',7,4,9,9,6,8,7,5,10),
 (110,'2010-05-12 22:26:46','SYSTEM','2010-05-13 20:11:53','SYSTEM',13,'2010-05-07 00:00:00',37,1,30,'N',6,4,7,6,4,7,6,6,7),
 (111,'2010-05-12 22:27:38','SYSTEM','2010-05-13 20:11:53','SYSTEM',25,'2010-05-07 00:00:00',66,1,29,'N',8,5,10,8,8,10,8,5,9),
 (112,'2010-05-12 22:27:38','SYSTEM','2010-05-13 20:11:53','SYSTEM',17,'2010-05-07 00:00:00',34,1,30,'N',6,4,6,8,4,8,8,5,7),
 (113,'2010-05-13 20:08:20','SYSTEM','2010-05-13 20:11:53','SYSTEM',NULL,'2010-05-07 00:00:00',NULL,2,25,'Y',NULL,NULL,NULL,NULL,NULL,NULL,NULL,NULL,NULL),
 (114,'2010-05-13 20:08:20','SYSTEM','2010-05-13 20:11:53','SYSTEM',6,'2010-05-07 00:00:00',5,2,26,'N',5,5,5,6,5,5,7,5,5),
 (115,'2010-05-13 20:09:56','SYSTEM','2010-05-13 20:11:53','SYSTEM',NULL,'2010-05-07 00:00:00',NULL,2,25,'Y',NULL,NULL,NULL,NULL,NULL,NULL,NULL,NULL,NULL),
 (116,'2010-05-13 20:09:56','SYSTEM','2010-05-13 20:11:53','SYSTEM',10,'2010-05-07 00:00:00',6,2,26,'N',5,5,5,6,5,5,3,5,5),
 (117,'2010-05-13 20:10:38','SYSTEM','2010-05-13 20:11:53','SYSTEM',NULL,'2010-05-07 00:00:00',NULL,2,25,'Y',NULL,NULL,NULL,NULL,NULL,NULL,NULL,NULL,NULL),
 (118,'2010-05-13 20:10:38','SYSTEM','2010-05-13 20:11:53','SYSTEM',14,'2010-05-07 00:00:00',3,2,26,'N',4,7,5,5,5,4,4,5,5),
 (119,'2010-05-13 20:11:53','SYSTEM','2010-05-13 20:11:53','SYSTEM',NULL,'2010-05-07 00:00:00',NULL,2,25,'Y',NULL,NULL,NULL,NULL,NULL,NULL,NULL,NULL,NULL),
 (120,'2010-05-13 20:11:53','SYSTEM','2010-05-13 20:11:53','SYSTEM',18,'2010-05-07 00:00:00',4,2,26,'N',5,9,6,7,7,6,4,7,5);
/*!40000 ALTER TABLE `stj_weekly_score` ENABLE KEYS */;




/*!40101 SET SQL_MODE=@OLD_SQL_MODE */;
/*!40014 SET FOREIGN_KEY_CHECKS=@OLD_FOREIGN_KEY_CHECKS */;
/*!40014 SET UNIQUE_CHECKS=@OLD_UNIQUE_CHECKS */;
/*!40101 SET CHARACTER_SET_CLIENT=@OLD_CHARACTER_SET_CLIENT */;
/*!40101 SET CHARACTER_SET_RESULTS=@OLD_CHARACTER_SET_RESULTS */;
/*!40101 SET COLLATION_CONNECTION=@OLD_COLLATION_CONNECTION */;
/*!40101 SET CHARACTER_SET_CLIENT=@OLD_CHARACTER_SET_CLIENT */;
