-- phpMyAdmin SQL Dump
-- version 3.3.10.2
-- http://www.phpmyadmin.net
--
-- Host: localhost
-- Generation Time: May 20, 2012 at 12:04 PM
-- Server version: 5.1.56
-- PHP Version: 5.2.9

SET SQL_MODE="NO_AUTO_VALUE_ON_ZERO";


/*!40101 SET @OLD_CHARACTER_SET_CLIENT=@@CHARACTER_SET_CLIENT */;
/*!40101 SET @OLD_CHARACTER_SET_RESULTS=@@CHARACTER_SET_RESULTS */;
/*!40101 SET @OLD_COLLATION_CONNECTION=@@COLLATION_CONNECTION */;
/*!40101 SET NAMES utf8 */;

--
-- Database: `stjames_stjames`
--

-- --------------------------------------------------------

--
-- Table structure for table `APP_PROPERTY`
--

DROP TABLE IF EXISTS `APP_PROPERTY`;
CREATE TABLE IF NOT EXISTS `APP_PROPERTY` (
  `PROPERTY_KEY` varchar(50) NOT NULL DEFAULT '',
  `PROPERTY_VALUE` varchar(500) DEFAULT NULL,
  PRIMARY KEY (`PROPERTY_KEY`)
) ENGINE=InnoDB DEFAULT CHARSET=latin1;

--
-- Dumping data for table `APP_PROPERTY`
--

INSERT INTO `APP_PROPERTY` (`PROPERTY_KEY`, `PROPERTY_VALUE`) VALUES
('public_message', 'TONIGHT, 5-18-12, WE WILL PLAY 1&4, 2&3. NEXT WEEK WILL BE 1&2, 4&3.\r\nSkins results will be posted on the snack bar window and can be found on the web site, www.stjamesgolfleague.com, under the ''Skins'' tab.\r\nSee TJ or Ken.\r\nWe are looking to start the inaugural St. Elizabeth Ann''s vs. St James Ryder Cup format between the parishes. More info to follow.');

-- --------------------------------------------------------

--
-- Table structure for table `STJ_COURSE`
--

DROP TABLE IF EXISTS `STJ_COURSE`;
CREATE TABLE IF NOT EXISTS `STJ_COURSE` (
  `COURSE_ID` int(11) NOT NULL AUTO_INCREMENT,
  `NAME` varchar(100) NOT NULL,
  `CRTN_DT` timestamp NOT NULL DEFAULT CURRENT_TIMESTAMP ON UPDATE CURRENT_TIMESTAMP,
  `CRTN_USER_ID` varchar(8) NOT NULL,
  `LAST_UPTD_DT` timestamp NOT NULL DEFAULT '0000-00-00 00:00:00',
  `LAST_UPTD_USER_ID` varchar(8) NOT NULL,
  `COURSE_TYPE` varchar(2) NOT NULL,
  PRIMARY KEY (`COURSE_ID`)
) ENGINE=MyISAM  DEFAULT CHARSET=latin1 AUTO_INCREMENT=3 ;

--
-- Dumping data for table `STJ_COURSE`
--

INSERT INTO `STJ_COURSE` (`COURSE_ID`, `NAME`, `CRTN_DT`, `CRTN_USER_ID`, `LAST_UPTD_DT`, `LAST_UPTD_USER_ID`, `COURSE_TYPE`) VALUES
(1, 'The Knolls', '2010-09-09 09:51:06', 'SYSTEM', '2010-09-09 09:51:06', 'SYSTEM', 'KN'),
(2, 'Ironwood', '2010-09-09 09:51:06', 'SYSTEM', '2010-09-09 09:51:06', 'SYSTEM', 'IW');

-- --------------------------------------------------------

--
-- Table structure for table `STJ_MESSAGE_BOARD`
--

DROP TABLE IF EXISTS `STJ_MESSAGE_BOARD`;
CREATE TABLE IF NOT EXISTS `STJ_MESSAGE_BOARD` (
  `MESSAGE_BOARD_ID` int(11) NOT NULL AUTO_INCREMENT,
  `CREATE_DATE` timestamp NOT NULL DEFAULT CURRENT_TIMESTAMP ON UPDATE CURRENT_TIMESTAMP,
  `USER_NAME` varchar(50) NOT NULL,
  `MESSAGE` varchar(1000) DEFAULT NULL,
  `SEASON_ID` int(11) NOT NULL,
  PRIMARY KEY (`MESSAGE_BOARD_ID`)
) ENGINE=MyISAM  DEFAULT CHARSET=latin1 AUTO_INCREMENT=11 ;

--
-- Dumping data for table `STJ_MESSAGE_BOARD`
--

INSERT INTO `STJ_MESSAGE_BOARD` (`MESSAGE_BOARD_ID`, `CREATE_DATE`, `USER_NAME`, `MESSAGE`, `SEASON_ID`) VALUES
(1, '2012-04-24 09:13:44', 'TJ Burbridge', 'Testing out the new message board.  I will be reviewing the posts, so feel free to put in suggestions or comments.', 3),
(2, '2012-04-24 11:52:04', 'Ken Murcek', 'If your available to sub enter your info here. If yu need a sub also enter your info here.', 3),
(6, '2012-04-30 08:35:17', 'TJ Burbridge - Team 6', 'We are in the need of one sub this Friday (5/4).  Please reply to this if you are available.  Thanks.', 3),
(7, '2012-04-30 09:00:26', 'TJ Burbridge', 'I found a sub.  Thanks.', 3),
(8, '2012-05-03 06:23:02', 'Ken Murcek-Team 8', 'Team 8, 5:12 Front, is in need of a sub this week. Call Ken, 598-8812.', 3),
(9, '2012-05-03 08:22:01', 'Ken murcek', 'Found a sub.', 3),
(10, '2012-05-04 10:19:03', 'Ken Post', 'Team 1, we need a sub for tonight @ 5:00 [ front nine ]  Please call me, Ken Post  402-350-0977', 3);

-- --------------------------------------------------------

--
-- Table structure for table `STJ_PLAYER`
--

DROP TABLE IF EXISTS `STJ_PLAYER`;
CREATE TABLE IF NOT EXISTS `STJ_PLAYER` (
  `PLAYER_ID` int(11) NOT NULL AUTO_INCREMENT,
  `CRTN_DT` timestamp NOT NULL DEFAULT CURRENT_TIMESTAMP ON UPDATE CURRENT_TIMESTAMP,
  `CRTN_USER_ID` varchar(8) NOT NULL,
  `LAST_UPTD_DT` timestamp NOT NULL DEFAULT '0000-00-00 00:00:00',
  `LAST_UPTD_USER_ID` varchar(8) NOT NULL,
  `FIRST_NAME` varchar(20) NOT NULL,
  `LAST_NAME` varchar(30) NOT NULL,
  `TEAM_ID` int(11) DEFAULT NULL,
  `ACTIVE_FLAG` char(1) NOT NULL DEFAULT 'Y',
  `SKINS_START_DATE` datetime DEFAULT NULL,
  PRIMARY KEY (`PLAYER_ID`)
) ENGINE=InnoDB  DEFAULT CHARSET=latin1 AUTO_INCREMENT=137 ;

--
-- Dumping data for table `STJ_PLAYER`
--

INSERT INTO `STJ_PLAYER` (`PLAYER_ID`, `CRTN_DT`, `CRTN_USER_ID`, `LAST_UPTD_DT`, `LAST_UPTD_USER_ID`, `FIRST_NAME`, `LAST_NAME`, `TEAM_ID`, `ACTIVE_FLAG`, `SKINS_START_DATE`) VALUES
(1, '2010-05-09 20:09:48', 'SYSTEM', '2011-06-14 10:31:43', 'SYSTEM', 'Denny', 'Conner', 1, 'Y', NULL),
(2, '2010-05-09 20:09:48', 'SYSTEM', '2011-06-14 10:31:43', 'SYSTEM', 'Fr. Frank', 'Dvorak', 1, 'Y', NULL),
(3, '2010-05-09 20:09:49', 'SYSTEM', '2011-06-14 10:31:43', 'SYSTEM', 'Dick', 'Jones', 1, 'Y', NULL),
(4, '2010-05-09 20:09:49', 'SYSTEM', '2011-06-14 10:31:43', 'SYSTEM', 'Dave', 'Klein', 1, 'Y', NULL),
(5, '2011-06-04 05:21:04', 'SYSTEM', '2011-04-11 21:00:05', 'SYSTEM', 'Al', 'Miller', NULL, 'Y', NULL),
(6, '2010-05-09 20:09:49', 'SYSTEM', '2011-06-14 10:31:43', 'SYSTEM', 'Ken', 'Post', 1, 'Y', NULL),
(7, '2012-04-11 07:24:45', 'SYSTEM', '2012-04-12 06:09:10', 'SYSTEM', 'Daryl', 'Arndt', 2, 'Y', NULL),
(8, '2010-05-09 20:09:49', 'SYSTEM', '2012-04-12 06:09:10', 'SYSTEM', 'Ted', 'Arndt', 2, 'Y', NULL),
(9, '2012-04-11 06:34:17', 'SYSTEM', '2012-04-11 07:12:14', 'SYSTEM', 'Rich', 'Bischof', NULL, 'N', NULL),
(10, '2010-05-09 20:09:49', 'SYSTEM', '2012-04-12 06:09:10', 'SYSTEM', 'Tom', 'Bischof', 2, 'Y', NULL),
(11, '2012-04-11 06:34:17', 'SYSTEM', '2011-06-16 05:52:17', 'SYSTEM', 'Jim', 'Hubschman', NULL, 'Y', NULL),
(12, '2010-05-09 20:09:49', 'SYSTEM', '2011-03-29 20:55:53', 'SYSTEM', 'Vern', 'Nixon', NULL, 'N', NULL),
(13, '2011-04-04 10:12:04', 'SYSTEM', '2012-04-11 07:12:28', 'SYSTEM', 'Ron', 'Potthoff', NULL, 'N', NULL),
(14, '2011-04-04 10:12:04', 'SYSTEM', '2010-05-09 20:09:49', 'SYSTEM', 'Bill', 'Stafford', NULL, 'Y', NULL),
(15, '2010-05-09 20:09:49', 'SYSTEM', '2010-09-09 18:28:50', 'SYSTEM', 'Tim', 'Gilg', 3, 'Y', NULL),
(16, '2012-04-26 12:58:33', 'SYSTEM', '2010-09-09 18:28:50', 'SYSTEM', 'Brian', 'Hake', 3, 'Y', '2012-04-26 00:00:00'),
(17, '2012-04-26 12:59:00', 'SYSTEM', '2010-09-09 18:28:50', 'SYSTEM', 'George', 'Hruska', 3, 'Y', '2012-04-26 00:00:00'),
(18, '2012-04-28 09:03:44', 'SYSTEM', '2010-09-09 18:28:50', 'SYSTEM', 'Scott', 'Knight', 3, 'Y', '2012-04-26 00:00:00'),
(19, '2010-05-09 20:09:49', 'SYSTEM', '2010-09-09 18:28:50', 'SYSTEM', 'Russ', 'Mandel', 3, 'Y', NULL),
(20, '2012-04-26 13:00:17', 'SYSTEM', '2010-09-09 18:28:50', 'SYSTEM', 'John', 'Patterson', 3, 'Y', '2012-04-26 00:00:00'),
(21, '2010-05-09 20:09:49', 'SYSTEM', '2010-09-09 18:28:50', 'SYSTEM', 'John', 'Opheim', 3, 'Y', NULL),
(22, '2011-03-19 17:13:42', 'SYSTEM', '2011-03-30 06:36:03', 'SYSTEM', 'Brian', 'Osborne', NULL, 'N', NULL),
(23, '2010-09-09 18:28:50', 'SYSTEM', '2010-06-27 12:26:49', 'SYSTEM', 'Mark', 'Wright', NULL, 'Y', NULL),
(24, '2011-07-23 22:19:30', 'SYSTEM', '2011-06-04 05:55:08', 'SYSTEM', 'Bernie', 'Briggs', NULL, 'Y', NULL),
(25, '2012-04-26 12:58:52', 'SYSTEM', '2012-05-05 07:40:35', 'SYSTEM', 'Marty', 'Harter', 4, 'Y', '2012-04-26 00:00:00'),
(26, '2011-03-19 17:13:55', 'SYSTEM', '2011-03-19 20:05:43', 'SYSTEM', 'Rich', 'Manning', NULL, 'Y', NULL),
(27, '2012-04-22 09:46:07', 'SYSTEM', '2012-04-22 09:43:52', 'SYSTEM', 'Jack', 'Murcek', NULL, 'Y', NULL),
(28, '2012-04-26 12:59:52', 'SYSTEM', '2012-05-05 07:40:35', 'SYSTEM', 'John', 'Murcek', 4, 'Y', '2012-04-26 00:00:00'),
(29, '2012-04-26 13:00:06', 'SYSTEM', '2012-05-05 07:40:35', 'SYSTEM', 'Mike', 'Murcek', 4, 'Y', '2012-04-26 00:00:00'),
(30, '2012-04-26 12:58:25', 'SYSTEM', '2012-05-05 07:40:35', 'SYSTEM', 'Garth', 'Fuhs', 4, 'Y', '2012-04-26 00:00:00'),
(31, '2012-04-26 13:00:26', 'SYSTEM', '2012-05-05 07:40:35', 'SYSTEM', 'Jerry', 'Ramm', 4, 'Y', '2012-04-26 00:00:00'),
(32, '2010-06-18 15:48:06', 'SYSTEM', '2010-05-12 07:10:32', 'SYSTEM', 'Don', 'Bohnenkamp', NULL, 'Y', NULL),
(33, '2012-04-28 09:03:01', 'SYSTEM', '2012-04-11 06:39:17', 'SYSTEM', 'Jay', 'Buckley', 5, 'Y', '2012-04-26 00:00:00'),
(34, '2010-05-09 20:09:50', 'SYSTEM', '2012-04-11 06:39:17', 'SYSTEM', 'Steve', 'Gross-rode', 5, 'Y', NULL),
(35, '2012-04-11 06:39:17', 'SYSTEM', '2011-06-22 18:56:45', 'SYSTEM', 'Jim', 'Priener', NULL, 'Y', NULL),
(36, '2011-03-23 05:52:40', 'SYSTEM', '2010-06-18 15:48:06', 'SYSTEM', 'Greg', 'Thomas', NULL, 'Y', NULL),
(37, '2010-05-09 20:09:50', 'SYSTEM', '2012-04-11 06:39:17', 'SYSTEM', 'Pat', 'Thomas', 5, 'Y', NULL),
(38, '2010-05-09 20:09:50', 'SYSTEM', '2012-04-11 06:39:17', 'SYSTEM', 'Steve', 'Thomas', 5, 'Y', NULL),
(39, '2010-05-09 20:09:50', 'SYSTEM', '2012-04-11 06:39:17', 'SYSTEM', 'Joe', 'Tourek', 5, 'Y', NULL),
(40, '2012-04-26 12:57:45', 'SYSTEM', '2012-05-15 09:54:33', 'SYSTEM', 'TJ', 'Burbridge', 6, 'Y', '2012-04-26 00:00:00'),
(41, '2012-04-26 13:00:32', 'SYSTEM', '2012-05-15 09:54:33', 'SYSTEM', 'Bob', 'Taylor', 6, 'Y', '2012-04-26 00:00:00'),
(42, '2012-04-26 13:00:48', 'SYSTEM', '2012-05-15 09:54:33', 'SYSTEM', 'George', 'Wurtz', 6, 'Y', '2012-04-26 00:00:00'),
(43, '2012-04-26 12:59:16', 'SYSTEM', '2012-05-15 09:54:33', 'SYSTEM', 'Brett', 'Matthies', 6, 'Y', '2012-04-26 00:00:00'),
(44, '2010-05-09 20:09:50', 'SYSTEM', '2012-05-15 09:54:33', 'SYSTEM', 'Jim', 'Gonzales', NULL, 'Y', NULL),
(45, '2011-03-27 23:21:36', 'SYSTEM', '2011-03-23 05:52:58', 'SYSTEM', 'Dave', 'Volenec', NULL, 'Y', NULL),
(46, '2010-05-09 20:09:50', 'SYSTEM', '2010-07-02 21:33:08', 'SYSTEM', 'Rob', 'Adam', 7, 'Y', NULL),
(47, '2010-05-09 20:09:50', 'SYSTEM', '2010-07-02 21:33:08', 'SYSTEM', 'Pat', 'Arts', 7, 'Y', NULL),
(48, '2010-05-09 20:09:50', 'SYSTEM', '2010-07-02 21:33:08', 'SYSTEM', 'Nick', 'Derr', 7, 'Y', NULL),
(49, '2010-05-09 20:09:51', 'SYSTEM', '2010-07-02 21:33:08', 'SYSTEM', 'Scott', 'Eubanks', 7, 'Y', NULL),
(50, '2010-05-09 20:09:51', 'SYSTEM', '2010-07-02 21:33:08', 'SYSTEM', 'Andy', 'Greibel', 7, 'Y', NULL),
(51, '2012-04-28 09:09:18', 'SYSTEM', '2010-07-02 21:33:08', 'SYSTEM', 'Scott', 'Ohri', 7, 'Y', '2012-04-26 00:00:00'),
(52, '2010-05-09 20:09:51', 'SYSTEM', '2010-07-18 21:15:56', 'SYSTEM', 'Mike', 'Swallow', 7, 'Y', NULL),
(53, '2011-03-23 05:52:58', 'SYSTEM', '2012-05-15 09:54:33', 'SYSTEM', 'Joe', 'Clites', 6, 'Y', NULL),
(54, '2011-07-23 22:20:04', 'SYSTEM', '2012-04-11 07:25:08', 'SYSTEM', 'Brent', 'Dickie', NULL, 'N', NULL),
(55, '2012-04-26 12:58:44', 'SYSTEM', '2012-05-12 06:59:39', 'SYSTEM', 'Harlan', 'Harter', 8, 'Y', '2012-04-26 00:00:00'),
(56, '2012-05-18 23:09:33', 'SYSTEM', '2012-05-12 06:59:39', 'SYSTEM', 'Kevin', 'Post', 8, 'Y', '2012-05-17 00:00:00'),
(57, '2012-05-20 12:03:31', 'SYSTEM', '2012-05-12 06:59:39', 'SYSTEM', 'Mike', 'Schawang', 8, 'Y', '2012-05-24 00:00:00'),
(58, '2010-05-09 20:09:51', 'SYSTEM', '2012-05-12 06:59:39', 'SYSTEM', 'Claire', 'Stramel', 8, 'Y', NULL),
(59, '2010-05-09 20:09:51', 'SYSTEM', '2011-03-23 05:53:52', 'SYSTEM', 'Jim', 'Busse', 9, 'Y', NULL),
(60, '2010-05-09 20:09:51', 'SYSTEM', '2011-03-23 05:53:52', 'SYSTEM', 'Jim', 'Currie', 9, 'Y', NULL),
(61, '2010-05-09 20:09:51', 'SYSTEM', '2011-03-23 05:53:52', 'SYSTEM', 'Ted', 'Fischer', 9, 'Y', NULL),
(62, '2010-05-09 20:09:51', 'SYSTEM', '2011-03-23 05:53:52', 'SYSTEM', 'Joe', 'Gergen', 9, 'Y', NULL),
(63, '2011-03-23 05:53:53', 'SYSTEM', '2010-05-09 20:09:51', 'SYSTEM', 'Bob', 'Lampe', NULL, 'Y', NULL),
(64, '2010-05-09 20:09:51', 'SYSTEM', '2011-03-23 05:53:52', 'SYSTEM', 'Mike', 'Leehy', 9, 'Y', NULL),
(65, '2010-05-09 20:09:51', 'SYSTEM', '2011-03-23 05:53:52', 'SYSTEM', 'Ken', 'Nass', 9, 'Y', NULL),
(66, '2010-05-09 20:09:51', 'SYSTEM', '2011-03-23 05:53:52', 'SYSTEM', 'Leo', 'Rau', 9, 'Y', NULL),
(67, '2010-05-09 20:09:51', 'SYSTEM', '2011-03-23 05:53:52', 'SYSTEM', 'Pete', 'Smith', 9, 'Y', NULL),
(68, '2010-05-09 20:09:51', 'SYSTEM', '2012-04-11 07:24:01', 'SYSTEM', 'Matt', 'Dunning', 10, 'Y', NULL),
(69, '2012-04-11 07:24:01', 'SYSTEM', '2011-04-23 17:02:23', 'SYSTEM', 'Randy', 'Franson', NULL, 'Y', NULL),
(70, '2010-05-09 20:09:51', 'SYSTEM', '2012-04-11 07:24:01', 'SYSTEM', 'Tom', 'Haley', 10, 'Y', NULL),
(71, '2010-05-09 20:09:51', 'SYSTEM', '2012-04-11 07:24:01', 'SYSTEM', 'John', 'Nocita', 10, 'Y', NULL),
(72, '2012-04-11 07:24:01', 'SYSTEM', '2011-04-23 17:02:23', 'SYSTEM', 'Jerry', 'Philbin', NULL, 'Y', NULL),
(73, '2010-05-09 20:09:51', 'SYSTEM', '2012-04-11 07:24:01', 'SYSTEM', 'Bob', 'Thomsen', 10, 'Y', NULL),
(74, '2010-05-09 20:09:51', 'SYSTEM', '2012-04-11 07:24:01', 'SYSTEM', 'Dave', 'Wilmes', 10, 'Y', NULL),
(75, '2010-06-18 15:48:31', 'SYSTEM', '2011-03-30 06:36:26', 'SYSTEM', 'Aron', 'Coit', NULL, 'N', NULL),
(76, '2012-04-26 12:59:22', 'SYSTEM', '2012-04-11 07:15:35', 'SYSTEM', 'Mike', 'Larson', 11, 'Y', '2012-04-26 00:00:00'),
(77, '2010-05-09 20:09:52', 'SYSTEM', '2012-04-11 07:15:35', 'SYSTEM', 'Jim', 'Linke', 11, 'Y', NULL),
(78, '2012-04-26 12:59:59', 'SYSTEM', '2012-04-11 07:15:35', 'SYSTEM', 'Ken', 'Murcek', 11, 'Y', '2012-04-26 00:00:00'),
(79, '2010-05-09 20:09:52', 'SYSTEM', '2012-04-11 07:15:35', 'SYSTEM', 'Mike', 'Walker', 11, 'Y', NULL),
(80, '2010-05-10 00:44:01', 'SYSTEM', '2012-04-11 07:24:01', 'SYSTEM', 'Jim', 'Placek', 10, 'Y', NULL),
(81, '2010-07-30 22:14:46', 'SYSTEM', '2011-03-17 16:42:42', 'SYSTEM', 'Dave', 'Grosserode', NULL, 'N', NULL),
(83, '2011-04-23 17:02:23', 'SYSTEM', '2010-05-20 20:39:03', 'SYSTEM', 'Jeff', 'Herber', NULL, 'Y', NULL),
(84, '2011-03-23 05:50:46', 'SYSTEM', '2012-05-05 07:40:35', 'SYSTEM', 'Rich', 'Murcek', 4, 'Y', NULL),
(85, '2012-04-11 06:39:17', 'SYSTEM', '2011-06-22 18:56:45', 'SYSTEM', 'Kevin', 'Hruska', NULL, 'Y', NULL),
(87, '2010-07-03 08:01:57', 'SYSTEM', '2010-07-03 08:01:57', 'SYSTEM', 'Nick', 'Alitz', NULL, 'Y', NULL),
(88, '2010-09-09 18:28:50', 'SYSTEM', '2010-09-09 18:28:50', 'SYSTEM', 'Steve', 'Vaughn', 3, 'Y', NULL),
(89, '2011-03-23 05:51:30', 'SYSTEM', '2011-03-23 05:51:12', 'SYSTEM', 'Josh', 'Meisenger', NULL, 'Y', NULL),
(90, '2011-03-23 05:52:28', 'SYSTEM', '2011-06-14 10:31:43', 'SYSTEM', 'Mike', 'Wattier', 1, 'Y', NULL),
(91, '2011-06-04 05:21:04', 'SYSTEM', '2011-06-14 10:31:43', 'SYSTEM', 'Mark', 'John', 1, 'Y', NULL),
(92, '2011-03-28 21:44:22', 'SYSTEM', '2012-03-21 22:39:23', 'SYSTEM', 'Joe', 'Peklo', NULL, 'N', NULL),
(93, '2011-03-29 20:12:13', 'SYSTEM', '2011-03-29 20:59:13', 'SYSTEM', 'Dennis', 'Nelson', NULL, 'N', NULL),
(94, '2012-04-11 07:10:50', 'SYSTEM', '2011-03-29 20:58:21', 'SYSTEM', 'Kevin', 'Keilion', NULL, 'Y', NULL),
(95, '2011-03-29 20:57:15', 'SYSTEM', '2012-04-11 07:15:35', 'SYSTEM', 'Matt', 'Allen', 11, 'Y', NULL),
(96, '2011-03-29 20:55:42', 'SYSTEM', '2012-04-12 06:22:16', 'SYSTEM', 'Matt', 'Dugan', 12, 'Y', NULL),
(97, '2012-04-28 09:03:19', 'SYSTEM', '2012-04-12 06:22:16', 'SYSTEM', 'Brandon', 'Eaves', 12, 'Y', '2012-04-26 00:00:00'),
(98, '2012-04-26 12:58:17', 'SYSTEM', '2012-04-12 06:22:16', 'SYSTEM', 'Mike', 'Francl', 12, 'Y', '2012-04-26 00:00:00'),
(99, '2011-03-29 20:55:42', 'SYSTEM', '2012-04-12 06:22:16', 'SYSTEM', 'Tom', 'Goetz', 12, 'Y', NULL),
(100, '2011-03-29 20:55:42', 'SYSTEM', '2012-04-12 06:22:16', 'SYSTEM', 'Mark', 'Iossi', 12, 'Y', NULL),
(101, '2011-03-29 20:55:42', 'SYSTEM', '2012-04-12 06:22:16', 'SYSTEM', 'Brian', 'Keating', 12, 'Y', NULL),
(102, '2011-04-11 21:14:18', 'SYSTEM', '2011-03-29 20:55:42', 'SYSTEM', 'Ed', 'Mccubbin', NULL, 'Y', NULL),
(103, '2012-04-11 07:10:50', 'SYSTEM', '2011-03-29 20:58:21', 'SYSTEM', 'Dennis', 'Nelson', NULL, 'Y', NULL),
(104, '2011-04-04 10:12:04', 'SYSTEM', '2012-04-12 06:09:10', 'SYSTEM', 'Tim', 'Yoder', 2, 'Y', NULL),
(105, '2012-04-12 06:08:53', 'SYSTEM', '2012-04-11 07:24:45', 'SYSTEM', 'David', 'Miller', NULL, 'Y', NULL),
(106, '2011-04-11 21:03:46', 'SYSTEM', '2012-04-12 06:09:10', 'SYSTEM', 'David', 'Wolf', 2, 'Y', NULL),
(107, '2011-04-11 21:05:26', 'SYSTEM', '2012-05-12 06:59:39', 'SYSTEM', 'Jeff', 'Guinane', 8, 'Y', NULL),
(108, '2012-04-11 06:35:18', 'SYSTEM', '2011-07-23 22:20:04', 'SYSTEM', 'Larry', 'Glass', NULL, 'Y', NULL),
(109, '2011-04-11 21:14:18', 'SYSTEM', '2012-04-12 06:22:16', 'SYSTEM', 'Kevin', 'Culbertson', 12, 'Y', NULL),
(110, '2011-04-15 06:44:03', 'SYSTEM', '2012-04-12 06:22:16', 'SYSTEM', 'John', 'Troyshynski', 12, 'Y', NULL),
(111, '2011-05-07 22:55:25', 'SYSTEM', '2011-05-07 22:55:25', 'SYSTEM', 'Rick', 'Mcillele', NULL, 'Y', NULL),
(112, '2011-06-04 05:55:08', 'SYSTEM', '2012-05-05 07:40:35', 'SYSTEM', 'Scott', 'Nielson', 4, 'Y', NULL),
(113, '2011-06-14 10:31:43', 'SYSTEM', '2011-06-14 10:31:43', 'SYSTEM', 'Jerry', 'Nastase', 1, 'Y', NULL),
(114, '2011-06-16 05:52:17', 'SYSTEM', '2011-06-14 10:40:52', 'SYSTEM', 'Dale', 'Thelen', NULL, 'Y', NULL),
(115, '2011-06-22 18:56:41', 'SYSTEM', '2011-06-22 18:56:41', 'SYSTEM', 'Toby', 'Kuehl', NULL, 'Y', NULL),
(116, '2012-04-11 07:10:30', 'SYSTEM', '2011-07-23 22:17:13', 'SYSTEM', 'Dean', 'Collier', NULL, 'N', NULL),
(117, '2011-07-14 21:33:18', 'SYSTEM', '2011-07-14 21:33:18', 'SYSTEM', 'Mark', 'Weising', NULL, 'N', NULL),
(118, '2011-08-15 20:18:47', 'SYSTEM', '2011-08-15 20:18:47', 'SYSTEM', 'Ryan', 'Van Winkle', NULL, 'N', NULL),
(119, '2011-08-25 21:25:41', 'SYSTEM', '2011-08-25 21:25:41', 'SYSTEM', 'Corey', 'Wilkinson', NULL, 'N', NULL),
(120, '2012-04-26 13:00:43', 'SYSTEM', '2012-05-15 09:54:33', 'SYSTEM', 'Don', 'Wurtz', 6, 'Y', '2012-04-26 00:00:00'),
(121, '2012-04-11 06:34:17', 'SYSTEM', '2012-04-12 06:09:10', 'SYSTEM', 'Bob', 'Kovar', 2, 'N', NULL),
(122, '2012-04-11 06:34:17', 'SYSTEM', '2012-04-12 06:09:10', 'SYSTEM', 'Paul', 'Baumann', 2, 'N', NULL),
(123, '2012-04-11 06:36:10', 'SYSTEM', '2012-05-05 07:40:35', 'SYSTEM', 'Gary', 'Sykora', 4, 'N', NULL),
(124, '2012-04-11 06:39:17', 'SYSTEM', '2012-04-11 06:39:17', 'SYSTEM', 'Dick', 'Cuva', 5, 'N', NULL),
(125, '2012-04-11 06:39:17', 'SYSTEM', '2012-04-11 06:39:17', 'SYSTEM', 'Hank', 'Bauer', 5, 'N', NULL),
(126, '2012-04-11 06:39:17', 'SYSTEM', '2012-04-11 06:39:17', 'SYSTEM', 'Chad', 'Gross-rode', 5, 'N', NULL),
(127, '2012-04-11 07:24:01', 'SYSTEM', '2012-04-11 07:24:01', 'SYSTEM', 'Shawn', 'Graeve', 10, 'N', NULL),
(128, '2012-04-11 07:24:01', 'SYSTEM', '2012-04-11 07:24:01', 'SYSTEM', 'Ken', 'Muckey', 10, 'N', NULL),
(129, '2012-04-11 07:24:01', 'SYSTEM', '2012-04-11 07:24:01', 'SYSTEM', 'Pat', 'Becker', 10, 'N', NULL),
(130, '2012-04-12 06:09:10', 'SYSTEM', '2012-04-12 06:09:10', 'SYSTEM', 'Tom', 'Brantley', 2, 'N', NULL),
(131, '2012-04-12 06:09:34', 'SYSTEM', '2012-05-12 06:59:39', 'SYSTEM', 'Alex', 'Post', 8, 'N', NULL),
(132, '2012-04-12 06:22:16', 'SYSTEM', '2012-04-12 06:22:16', 'SYSTEM', 'John', 'Huelskamp', 12, 'N', NULL),
(134, '2012-05-18 23:09:40', 'SYSTEM', '2012-05-05 07:40:35', 'SYSTEM', 'Kelly', 'Galbraith', 4, 'N', '2012-05-17 00:00:00'),
(135, '2012-05-08 15:35:26', 'SYSTEM', '2012-05-15 09:54:33', 'SYSTEM', 'Doug', 'Stewart', NULL, 'Y', NULL),
(136, '2012-05-12 06:59:39', 'SYSTEM', '2012-05-12 06:59:39', 'SYSTEM', 'Dave', 'Beringer', 8, 'N', NULL);

-- --------------------------------------------------------

--
-- Table structure for table `STJ_PRE_ROUND`
--

DROP TABLE IF EXISTS `STJ_PRE_ROUND`;
CREATE TABLE IF NOT EXISTS `STJ_PRE_ROUND` (
  `PRE_ROUND_ID` int(11) NOT NULL AUTO_INCREMENT,
  `CRTN_DT` timestamp NOT NULL DEFAULT CURRENT_TIMESTAMP ON UPDATE CURRENT_TIMESTAMP,
  `CRTN_USER_ID` varchar(8) NOT NULL,
  `LAST_UPTD_DT` timestamp NOT NULL DEFAULT '0000-00-00 00:00:00',
  `LAST_UPTD_USER_ID` varchar(8) NOT NULL,
  `PLAYER_ID` int(11) DEFAULT NULL,
  `SCORE` int(11) NOT NULL,
  `SIDE_ID` int(11) NOT NULL,
  `SCORE_DATE` timestamp NOT NULL DEFAULT '0000-00-00 00:00:00',
  PRIMARY KEY (`PRE_ROUND_ID`)
) ENGINE=InnoDB  DEFAULT CHARSET=latin1 AUTO_INCREMENT=364 ;

--
-- Dumping data for table `STJ_PRE_ROUND`
--

INSERT INTO `STJ_PRE_ROUND` (`PRE_ROUND_ID`, `CRTN_DT`, `CRTN_USER_ID`, `LAST_UPTD_DT`, `LAST_UPTD_USER_ID`, `PLAYER_ID`, `SCORE`, `SIDE_ID`, `SCORE_DATE`) VALUES
(1, '2010-05-09 20:09:52', 'SYSTEM', '2011-06-14 10:31:43', 'SYSTEM', 1, 37, 1, '2010-01-01 00:00:00'),
(2, '2010-05-09 20:09:52', 'SYSTEM', '2011-06-14 10:31:43', 'SYSTEM', 1, 40, 1, '2010-01-02 00:00:00'),
(3, '2010-05-09 20:09:52', 'SYSTEM', '2011-06-14 10:31:43', 'SYSTEM', 1, 45, 2, '2010-01-03 00:00:00'),
(4, '2010-05-09 20:09:52', 'SYSTEM', '2011-06-14 10:31:43', 'SYSTEM', 1, 43, 2, '2010-01-04 00:00:00'),
(5, '2010-05-09 20:09:52', 'SYSTEM', '2011-06-14 10:31:43', 'SYSTEM', 1, 40, 1, '2010-01-05 00:00:00'),
(6, '2010-05-09 20:09:52', 'SYSTEM', '2011-06-14 10:31:43', 'SYSTEM', 2, 48, 2, '2010-01-01 00:00:00'),
(7, '2010-05-09 20:09:52', 'SYSTEM', '2011-06-14 10:31:43', 'SYSTEM', 2, 51, 2, '2010-01-02 00:00:00'),
(8, '2010-05-09 20:09:52', 'SYSTEM', '2011-06-14 10:31:43', 'SYSTEM', 2, 48, 2, '2010-01-03 00:00:00'),
(9, '2010-05-09 20:09:52', 'SYSTEM', '2011-06-14 10:31:43', 'SYSTEM', 2, 46, 2, '2010-01-04 00:00:00'),
(10, '2010-05-09 20:09:52', 'SYSTEM', '2011-06-14 10:31:43', 'SYSTEM', 2, 45, 1, '2010-01-05 00:00:00'),
(11, '2010-05-09 20:09:52', 'SYSTEM', '2011-06-14 10:31:43', 'SYSTEM', 4, 59, 1, '2010-01-01 00:00:00'),
(12, '2010-05-09 20:09:52', 'SYSTEM', '2011-06-14 10:31:43', 'SYSTEM', 4, 56, 1, '2010-01-02 00:00:00'),
(13, '2010-05-09 20:09:52', 'SYSTEM', '2011-06-14 10:31:43', 'SYSTEM', 4, 59, 2, '2010-01-03 00:00:00'),
(14, '2010-05-09 20:09:52', 'SYSTEM', '2011-06-14 10:31:43', 'SYSTEM', 4, 51, 2, '2010-01-04 00:00:00'),
(15, '2010-05-09 20:09:52', 'SYSTEM', '2011-06-14 10:31:43', 'SYSTEM', 4, 53, 1, '2010-01-05 00:00:00'),
(16, '2010-05-09 20:09:52', 'SYSTEM', '2011-04-11 21:00:05', 'SYSTEM', 5, 42, 2, '2010-01-01 00:00:00'),
(17, '2010-05-09 20:09:52', 'SYSTEM', '2011-04-11 21:00:05', 'SYSTEM', 5, 44, 2, '2010-01-02 00:00:00'),
(18, '2010-05-09 20:09:52', 'SYSTEM', '2011-04-11 21:00:05', 'SYSTEM', 5, 41, 2, '2010-01-03 00:00:00'),
(19, '2010-05-09 20:09:52', 'SYSTEM', '2011-04-11 21:00:05', 'SYSTEM', 5, 41, 2, '2010-01-04 00:00:00'),
(20, '2010-05-09 20:09:52', 'SYSTEM', '2011-04-11 21:00:05', 'SYSTEM', 5, 42, 1, '2010-01-05 00:00:00'),
(21, '2010-05-09 20:09:52', 'SYSTEM', '2011-06-14 10:31:43', 'SYSTEM', 6, 43, 1, '2010-01-01 00:00:00'),
(22, '2010-05-09 20:09:53', 'SYSTEM', '2011-06-14 10:31:43', 'SYSTEM', 6, 42, 2, '2010-01-02 00:00:00'),
(23, '2010-05-09 20:09:53', 'SYSTEM', '2011-06-14 10:31:43', 'SYSTEM', 6, 44, 2, '2010-01-03 00:00:00'),
(24, '2010-05-09 20:09:53', 'SYSTEM', '2011-06-14 10:31:43', 'SYSTEM', 6, 47, 2, '2010-01-04 00:00:00'),
(25, '2010-05-09 20:09:53', 'SYSTEM', '2011-06-14 10:31:43', 'SYSTEM', 6, 46, 1, '2010-01-05 00:00:00'),
(26, '2010-05-09 20:09:53', 'SYSTEM', '2012-04-12 06:09:10', 'SYSTEM', 7, 46, 1, '2010-01-01 00:00:00'),
(27, '2010-05-09 20:09:53', 'SYSTEM', '2012-04-12 06:09:10', 'SYSTEM', 7, 45, 2, '2010-01-02 00:00:00'),
(28, '2010-05-09 20:09:53', 'SYSTEM', '2012-04-12 06:09:10', 'SYSTEM', 7, 50, 2, '2010-01-03 00:00:00'),
(29, '2010-05-09 20:09:53', 'SYSTEM', '2012-04-12 06:09:10', 'SYSTEM', 7, 43, 1, '2010-01-04 00:00:00'),
(30, '2010-05-09 20:09:53', 'SYSTEM', '2012-04-12 06:09:10', 'SYSTEM', 7, 42, 1, '2010-01-05 00:00:00'),
(31, '2010-05-09 20:09:53', 'SYSTEM', '2012-04-12 06:09:10', 'SYSTEM', 8, 46, 2, '2010-01-01 00:00:00'),
(32, '2010-05-09 20:09:53', 'SYSTEM', '2012-04-12 06:09:10', 'SYSTEM', 8, 48, 2, '2010-01-02 00:00:00'),
(33, '2010-05-09 20:09:53', 'SYSTEM', '2012-04-12 06:09:10', 'SYSTEM', 8, 46, 1, '2010-01-03 00:00:00'),
(34, '2010-05-09 20:09:53', 'SYSTEM', '2012-04-12 06:09:10', 'SYSTEM', 8, 39, 1, '2010-01-04 00:00:00'),
(35, '2010-05-09 20:09:53', 'SYSTEM', '2012-04-12 06:09:10', 'SYSTEM', 8, 41, 1, '2010-01-05 00:00:00'),
(36, '2010-05-09 20:09:53', 'SYSTEM', '2012-04-11 07:12:14', 'SYSTEM', 9, 55, 1, '2010-01-01 00:00:00'),
(37, '2010-05-09 20:09:53', 'SYSTEM', '2012-04-11 07:12:14', 'SYSTEM', 9, 48, 2, '2010-01-02 00:00:00'),
(38, '2010-05-09 20:09:53', 'SYSTEM', '2012-04-11 07:12:14', 'SYSTEM', 9, 54, 2, '2010-01-03 00:00:00'),
(39, '2010-05-09 20:09:53', 'SYSTEM', '2012-04-11 07:12:14', 'SYSTEM', 9, 49, 1, '2010-01-04 00:00:00'),
(40, '2010-05-09 20:09:53', 'SYSTEM', '2012-04-11 07:12:14', 'SYSTEM', 9, 45, 1, '2010-01-05 00:00:00'),
(41, '2010-05-09 20:09:53', 'SYSTEM', '2011-06-16 05:52:17', 'SYSTEM', 11, 48, 1, '2010-01-01 00:00:00'),
(42, '2010-05-09 20:09:53', 'SYSTEM', '2011-06-16 05:52:17', 'SYSTEM', 11, 50, 1, '2010-01-02 00:00:00'),
(43, '2010-05-09 20:09:53', 'SYSTEM', '2011-06-16 05:52:17', 'SYSTEM', 11, 45, 2, '2010-01-03 00:00:00'),
(44, '2010-05-09 20:09:54', 'SYSTEM', '2011-06-16 05:52:17', 'SYSTEM', 11, 50, 1, '2010-01-04 00:00:00'),
(45, '2010-05-09 20:09:54', 'SYSTEM', '2011-06-16 05:52:17', 'SYSTEM', 11, 46, 1, '2010-01-05 00:00:00'),
(46, '2010-05-09 20:09:54', 'SYSTEM', '2012-04-11 07:12:28', 'SYSTEM', 13, 54, 2, '2010-01-01 00:00:00'),
(47, '2010-05-09 20:09:54', 'SYSTEM', '2012-04-11 07:12:28', 'SYSTEM', 13, 52, 1, '2010-01-02 00:00:00'),
(48, '2010-05-09 20:09:54', 'SYSTEM', '2012-04-11 07:12:28', 'SYSTEM', 13, 59, 2, '2010-01-03 00:00:00'),
(49, '2010-05-09 20:09:54', 'SYSTEM', '2012-04-11 07:12:28', 'SYSTEM', 13, 55, 2, '2010-01-04 00:00:00'),
(50, '2010-05-09 20:09:54', 'SYSTEM', '2012-04-11 07:12:28', 'SYSTEM', 13, 55, 1, '2010-01-05 00:00:00'),
(51, '2010-05-09 20:09:54', 'SYSTEM', '2010-05-09 20:09:54', 'SYSTEM', 14, 60, 2, '2010-01-01 00:00:00'),
(52, '2010-05-09 20:09:54', 'SYSTEM', '2010-05-09 20:09:54', 'SYSTEM', 14, 52, 1, '2010-01-02 00:00:00'),
(53, '2010-05-09 20:09:54', 'SYSTEM', '2010-05-09 20:09:54', 'SYSTEM', 14, 51, 2, '2010-01-03 00:00:00'),
(54, '2010-05-09 20:09:54', 'SYSTEM', '2010-05-09 20:09:54', 'SYSTEM', 14, 52, 2, '2010-01-04 00:00:00'),
(55, '2010-05-09 20:09:54', 'SYSTEM', '2010-05-09 20:09:54', 'SYSTEM', 14, 51, 1, '2010-01-05 00:00:00'),
(56, '2010-05-09 20:09:54', 'SYSTEM', '2010-09-09 18:28:50', 'SYSTEM', 15, 49, 1, '2010-01-01 00:00:00'),
(57, '2010-05-09 20:09:54', 'SYSTEM', '2010-09-09 18:28:50', 'SYSTEM', 15, 47, 1, '2010-01-02 00:00:00'),
(58, '2010-05-09 20:09:54', 'SYSTEM', '2010-09-09 18:28:50', 'SYSTEM', 15, 41, 1, '2010-01-03 00:00:00'),
(59, '2010-05-09 20:09:54', 'SYSTEM', '2010-09-09 18:28:50', 'SYSTEM', 15, 48, 1, '2010-01-04 00:00:00'),
(60, '2010-05-09 20:09:54', 'SYSTEM', '2010-09-09 18:28:50', 'SYSTEM', 15, 48, 2, '2010-01-05 00:00:00'),
(61, '2010-05-09 20:09:54', 'SYSTEM', '2010-09-09 18:28:50', 'SYSTEM', 16, 37, 1, '2010-01-01 00:00:00'),
(62, '2010-05-09 20:09:54', 'SYSTEM', '2010-09-09 18:28:50', 'SYSTEM', 16, 39, 2, '2010-01-02 00:00:00'),
(63, '2010-05-09 20:09:54', 'SYSTEM', '2010-09-09 18:28:50', 'SYSTEM', 16, 41, 1, '2010-01-03 00:00:00'),
(64, '2010-05-09 20:09:54', 'SYSTEM', '2010-09-09 18:28:50', 'SYSTEM', 16, 39, 1, '2010-01-04 00:00:00'),
(65, '2010-05-09 20:09:54', 'SYSTEM', '2010-09-09 18:28:50', 'SYSTEM', 16, 35, 2, '2010-01-05 00:00:00'),
(66, '2010-05-09 20:09:54', 'SYSTEM', '2010-09-09 18:28:50', 'SYSTEM', 17, 41, 1, '2010-01-01 00:00:00'),
(67, '2010-05-09 20:09:54', 'SYSTEM', '2010-09-09 18:28:50', 'SYSTEM', 17, 45, 2, '2010-01-02 00:00:00'),
(68, '2010-05-09 20:09:54', 'SYSTEM', '2010-09-09 18:28:50', 'SYSTEM', 17, 45, 1, '2010-01-03 00:00:00'),
(69, '2010-05-09 20:09:54', 'SYSTEM', '2010-09-09 18:28:50', 'SYSTEM', 17, 41, 1, '2010-01-04 00:00:00'),
(70, '2010-05-09 20:09:54', 'SYSTEM', '2010-09-09 18:28:50', 'SYSTEM', 17, 46, 2, '2010-01-05 00:00:00'),
(71, '2010-05-09 20:09:55', 'SYSTEM', '2010-09-09 18:28:50', 'SYSTEM', 18, 49, 2, '2010-01-01 00:00:00'),
(72, '2010-05-09 20:09:55', 'SYSTEM', '2010-09-09 18:28:50', 'SYSTEM', 18, 58, 2, '2010-01-02 00:00:00'),
(73, '2010-05-09 20:09:55', 'SYSTEM', '2010-09-09 18:28:50', 'SYSTEM', 18, 55, 2, '2010-01-03 00:00:00'),
(74, '2010-05-09 20:09:55', 'SYSTEM', '2010-09-09 18:28:50', 'SYSTEM', 18, 56, 1, '2010-01-04 00:00:00'),
(75, '2010-05-09 20:09:55', 'SYSTEM', '2010-09-09 18:28:50', 'SYSTEM', 18, 59, 2, '2010-01-05 00:00:00'),
(76, '2010-05-09 20:09:55', 'SYSTEM', '2010-09-09 18:28:50', 'SYSTEM', 19, 46, 2, '2010-01-01 00:00:00'),
(77, '2010-05-09 20:09:55', 'SYSTEM', '2010-09-09 18:28:50', 'SYSTEM', 19, 52, 1, '2010-01-02 00:00:00'),
(78, '2010-05-09 20:09:55', 'SYSTEM', '2010-09-09 18:28:50', 'SYSTEM', 19, 46, 2, '2010-01-03 00:00:00'),
(79, '2010-05-09 20:09:55', 'SYSTEM', '2010-09-09 18:28:50', 'SYSTEM', 19, 50, 1, '2010-01-04 00:00:00'),
(80, '2010-05-09 20:09:55', 'SYSTEM', '2010-09-09 18:28:50', 'SYSTEM', 19, 46, 2, '2010-01-05 00:00:00'),
(81, '2010-05-09 20:09:55', 'SYSTEM', '2010-09-09 18:28:50', 'SYSTEM', 21, 45, 1, '2010-01-01 00:00:00'),
(82, '2010-05-09 20:09:55', 'SYSTEM', '2010-09-09 18:28:50', 'SYSTEM', 21, 43, 2, '2010-01-02 00:00:00'),
(83, '2010-05-09 20:09:55', 'SYSTEM', '2010-09-09 18:28:50', 'SYSTEM', 21, 52, 1, '2010-01-03 00:00:00'),
(84, '2010-05-09 20:09:55', 'SYSTEM', '2010-09-09 18:28:50', 'SYSTEM', 21, 48, 1, '2010-01-04 00:00:00'),
(85, '2010-05-09 20:09:55', 'SYSTEM', '2010-09-09 18:28:50', 'SYSTEM', 21, 46, 2, '2010-01-05 00:00:00'),
(86, '2010-05-09 20:09:55', 'SYSTEM', '2011-03-30 06:36:03', 'SYSTEM', 22, 38, 1, '2010-01-01 00:00:00'),
(87, '2010-05-09 20:09:55', 'SYSTEM', '2011-03-30 06:36:03', 'SYSTEM', 22, 43, 2, '2010-01-02 00:00:00'),
(88, '2010-05-09 20:09:55', 'SYSTEM', '2011-03-30 06:36:03', 'SYSTEM', 22, 47, 2, '2010-01-03 00:00:00'),
(89, '2010-05-09 20:09:55', 'SYSTEM', '2011-03-30 06:36:03', 'SYSTEM', 22, 42, 1, '2010-01-04 00:00:00'),
(90, '2010-05-09 20:09:55', 'SYSTEM', '2011-03-30 06:36:03', 'SYSTEM', 22, 42, 1, '2010-01-05 00:00:00'),
(91, '2010-05-09 20:09:55', 'SYSTEM', '2011-06-04 05:55:08', 'SYSTEM', 24, 52, 2, '2010-01-01 00:00:00'),
(92, '2010-05-09 20:09:56', 'SYSTEM', '2011-06-04 05:55:08', 'SYSTEM', 24, 52, 2, '2010-01-02 00:00:00'),
(93, '2010-05-09 20:09:56', 'SYSTEM', '2011-06-04 05:55:08', 'SYSTEM', 24, 50, 1, '2010-01-03 00:00:00'),
(94, '2010-05-09 20:09:56', 'SYSTEM', '2011-06-04 05:55:08', 'SYSTEM', 24, 52, 2, '2010-01-04 00:00:00'),
(95, '2010-05-09 20:09:56', 'SYSTEM', '2011-06-04 05:55:08', 'SYSTEM', 24, 46, 2, '2010-01-05 00:00:00'),
(96, '2010-05-09 20:09:56', 'SYSTEM', '2012-05-05 07:40:35', 'SYSTEM', 25, 43, 2, '2010-01-01 00:00:00'),
(97, '2010-05-09 20:09:56', 'SYSTEM', '2012-05-05 07:40:35', 'SYSTEM', 25, 40, 1, '2010-01-02 00:00:00'),
(98, '2010-05-09 20:09:56', 'SYSTEM', '2012-05-05 07:40:35', 'SYSTEM', 25, 43, 2, '2010-01-03 00:00:00'),
(99, '2010-05-09 20:09:56', 'SYSTEM', '2012-05-05 07:40:35', 'SYSTEM', 25, 42, 2, '2010-01-04 00:00:00'),
(100, '2010-05-09 20:09:56', 'SYSTEM', '2012-05-05 07:40:35', 'SYSTEM', 25, 41, 1, '2010-01-05 00:00:00'),
(101, '2010-05-09 20:09:56', 'SYSTEM', '2011-03-19 20:05:43', 'SYSTEM', 26, 42, 1, '2010-01-01 00:00:00'),
(102, '2010-05-09 20:09:56', 'SYSTEM', '2011-03-19 20:05:43', 'SYSTEM', 26, 39, 2, '2010-01-02 00:00:00'),
(103, '2010-05-09 20:09:56', 'SYSTEM', '2011-03-19 20:05:43', 'SYSTEM', 26, 42, 2, '2010-01-03 00:00:00'),
(104, '2010-05-09 20:09:56', 'SYSTEM', '2011-03-19 20:05:43', 'SYSTEM', 26, 40, 1, '2010-01-04 00:00:00'),
(105, '2010-05-09 20:09:56', 'SYSTEM', '2011-03-19 20:05:43', 'SYSTEM', 26, 38, 1, '2010-01-05 00:00:00'),
(106, '2010-05-09 20:09:56', 'SYSTEM', '2012-04-22 09:43:52', 'SYSTEM', 27, 42, 1, '2010-01-01 00:00:00'),
(107, '2010-05-09 20:09:56', 'SYSTEM', '2012-04-22 09:43:52', 'SYSTEM', 27, 45, 2, '2010-01-02 00:00:00'),
(108, '2010-05-09 20:09:56', 'SYSTEM', '2012-04-22 09:43:52', 'SYSTEM', 27, 40, 1, '2010-01-03 00:00:00'),
(109, '2010-05-09 20:09:56', 'SYSTEM', '2012-04-22 09:43:52', 'SYSTEM', 27, 39, 2, '2010-01-04 00:00:00'),
(110, '2010-05-09 20:09:56', 'SYSTEM', '2012-04-22 09:43:52', 'SYSTEM', 27, 38, 1, '2010-01-05 00:00:00'),
(111, '2010-05-09 20:09:57', 'SYSTEM', '2012-05-05 07:40:35', 'SYSTEM', 28, 43, 1, '2010-01-01 00:00:00'),
(112, '2010-05-09 20:09:57', 'SYSTEM', '2012-05-05 07:40:35', 'SYSTEM', 28, 45, 2, '2010-01-02 00:00:00'),
(113, '2010-05-09 20:09:57', 'SYSTEM', '2012-05-05 07:40:35', 'SYSTEM', 28, 41, 2, '2010-01-03 00:00:00'),
(114, '2010-05-09 20:09:57', 'SYSTEM', '2012-05-05 07:40:35', 'SYSTEM', 28, 42, 2, '2010-01-04 00:00:00'),
(115, '2010-05-09 20:09:57', 'SYSTEM', '2012-05-05 07:40:35', 'SYSTEM', 28, 42, 1, '2010-01-05 00:00:00'),
(116, '2010-05-09 20:09:57', 'SYSTEM', '2012-05-05 07:40:35', 'SYSTEM', 29, 45, 2, '2010-01-01 00:00:00'),
(117, '2010-05-09 20:09:57', 'SYSTEM', '2012-05-05 07:40:35', 'SYSTEM', 29, 43, 1, '2010-01-02 00:00:00'),
(118, '2010-05-09 20:09:57', 'SYSTEM', '2012-05-05 07:40:35', 'SYSTEM', 29, 48, 2, '2010-01-03 00:00:00'),
(119, '2010-05-09 20:09:57', 'SYSTEM', '2012-05-05 07:40:35', 'SYSTEM', 29, 46, 1, '2010-01-04 00:00:00'),
(120, '2010-05-09 20:09:57', 'SYSTEM', '2012-05-05 07:40:35', 'SYSTEM', 29, 41, 1, '2010-01-05 00:00:00'),
(121, '2010-05-09 20:09:57', 'SYSTEM', '2012-05-05 07:40:35', 'SYSTEM', 30, 56, 2, '2010-01-01 00:00:00'),
(122, '2010-05-09 20:09:57', 'SYSTEM', '2012-05-05 07:40:35', 'SYSTEM', 30, 52, 1, '2010-01-02 00:00:00'),
(123, '2010-05-09 20:09:57', 'SYSTEM', '2012-05-05 07:40:35', 'SYSTEM', 30, 49, 1, '2010-01-03 00:00:00'),
(124, '2010-05-09 20:09:57', 'SYSTEM', '2012-05-05 07:40:35', 'SYSTEM', 30, 54, 2, '2010-01-04 00:00:00'),
(125, '2010-05-09 20:09:57', 'SYSTEM', '2012-05-05 07:40:35', 'SYSTEM', 30, 43, 1, '2010-01-05 00:00:00'),
(126, '2010-05-09 20:09:57', 'SYSTEM', '2012-05-05 07:40:35', 'SYSTEM', 31, 50, 2, '2010-01-01 00:00:00'),
(127, '2010-05-09 20:09:57', 'SYSTEM', '2012-05-05 07:40:35', 'SYSTEM', 31, 54, 2, '2010-01-02 00:00:00'),
(128, '2010-05-09 20:09:57', 'SYSTEM', '2012-05-05 07:40:35', 'SYSTEM', 31, 40, 1, '2010-01-03 00:00:00'),
(129, '2010-05-09 20:09:57', 'SYSTEM', '2012-05-05 07:40:35', 'SYSTEM', 31, 45, 2, '2010-01-04 00:00:00'),
(130, '2010-05-09 20:09:57', 'SYSTEM', '2012-05-05 07:40:35', 'SYSTEM', 31, 50, 2, '2010-01-05 00:00:00'),
(131, '2010-05-09 20:09:57', 'SYSTEM', '2012-04-11 06:39:17', 'SYSTEM', 33, 44, 1, '2010-01-01 00:00:00'),
(132, '2010-05-09 20:09:57', 'SYSTEM', '2012-04-11 06:39:17', 'SYSTEM', 33, 43, 1, '2010-01-02 00:00:00'),
(133, '2010-05-09 20:09:57', 'SYSTEM', '2012-04-11 06:39:17', 'SYSTEM', 33, 46, 2, '2010-01-03 00:00:00'),
(134, '2010-05-09 20:09:57', 'SYSTEM', '2012-04-11 06:39:17', 'SYSTEM', 33, 45, 1, '2010-01-04 00:00:00'),
(135, '2010-05-09 20:09:58', 'SYSTEM', '2012-04-11 06:39:17', 'SYSTEM', 33, 48, 1, '2010-01-05 00:00:00'),
(136, '2010-05-09 20:09:58', 'SYSTEM', '2012-04-11 06:39:17', 'SYSTEM', 34, 48, 1, '2010-01-01 00:00:00'),
(137, '2010-05-09 20:09:58', 'SYSTEM', '2012-04-11 06:39:17', 'SYSTEM', 34, 55, 2, '2010-01-02 00:00:00'),
(138, '2010-05-09 20:09:58', 'SYSTEM', '2012-04-11 06:39:17', 'SYSTEM', 34, 59, 1, '2010-01-03 00:00:00'),
(139, '2010-05-09 20:09:58', 'SYSTEM', '2012-04-11 06:39:17', 'SYSTEM', 34, 51, 2, '2010-01-04 00:00:00'),
(140, '2010-05-09 20:09:58', 'SYSTEM', '2012-04-11 06:39:17', 'SYSTEM', 34, 51, 1, '2010-01-05 00:00:00'),
(141, '2010-05-09 20:09:58', 'SYSTEM', '2011-06-22 18:56:45', 'SYSTEM', 35, 47, 2, '2010-01-01 00:00:00'),
(142, '2010-05-09 20:09:58', 'SYSTEM', '2011-06-22 18:56:45', 'SYSTEM', 35, 42, 1, '2010-01-02 00:00:00'),
(143, '2010-05-09 20:09:58', 'SYSTEM', '2011-06-22 18:56:45', 'SYSTEM', 35, 49, 1, '2010-01-03 00:00:00'),
(144, '2010-05-09 20:09:58', 'SYSTEM', '2011-06-22 18:56:45', 'SYSTEM', 35, 55, 2, '2010-01-04 00:00:00'),
(145, '2010-05-09 20:09:58', 'SYSTEM', '2011-06-22 18:56:45', 'SYSTEM', 35, 47, 1, '2010-01-05 00:00:00'),
(146, '2010-05-09 20:09:58', 'SYSTEM', '2010-06-18 15:48:06', 'SYSTEM', 36, 50, 2, '2010-01-01 00:00:00'),
(147, '2010-05-09 20:09:58', 'SYSTEM', '2012-04-11 06:39:17', 'SYSTEM', 37, 53, 2, '2010-01-01 00:00:00'),
(148, '2010-05-09 20:09:58', 'SYSTEM', '2012-04-11 06:39:17', 'SYSTEM', 37, 44, 1, '2010-01-02 00:00:00'),
(149, '2010-05-09 20:09:58', 'SYSTEM', '2012-04-11 06:39:17', 'SYSTEM', 37, 48, 1, '2010-01-03 00:00:00'),
(150, '2010-05-09 20:09:58', 'SYSTEM', '2012-04-11 06:39:17', 'SYSTEM', 37, 52, 1, '2010-01-04 00:00:00'),
(151, '2010-05-09 20:09:58', 'SYSTEM', '2012-04-11 06:39:17', 'SYSTEM', 37, 52, 1, '2010-01-05 00:00:00'),
(152, '2010-05-09 20:09:58', 'SYSTEM', '2012-04-11 06:39:17', 'SYSTEM', 38, 44, 2, '2010-01-01 00:00:00'),
(153, '2010-05-09 20:09:58', 'SYSTEM', '2012-04-11 06:39:17', 'SYSTEM', 38, 42, 1, '2010-01-02 00:00:00'),
(154, '2010-05-09 20:09:58', 'SYSTEM', '2012-04-11 06:39:17', 'SYSTEM', 38, 44, 1, '2010-01-03 00:00:00'),
(155, '2010-05-09 20:09:58', 'SYSTEM', '2012-04-11 06:39:17', 'SYSTEM', 38, 44, 2, '2010-01-04 00:00:00'),
(156, '2010-05-09 20:09:58', 'SYSTEM', '2012-04-11 06:39:17', 'SYSTEM', 38, 41, 1, '2010-01-05 00:00:00'),
(157, '2010-05-09 20:09:59', 'SYSTEM', '2012-04-11 06:39:17', 'SYSTEM', 39, 46, 2, '2010-01-01 00:00:00'),
(158, '2010-05-09 20:09:59', 'SYSTEM', '2012-04-11 06:39:17', 'SYSTEM', 39, 42, 1, '2010-01-02 00:00:00'),
(159, '2010-05-09 20:09:59', 'SYSTEM', '2012-04-11 06:39:17', 'SYSTEM', 39, 42, 2, '2010-01-03 00:00:00'),
(160, '2010-05-09 20:09:59', 'SYSTEM', '2012-04-11 06:39:17', 'SYSTEM', 39, 40, 2, '2010-01-04 00:00:00'),
(161, '2010-05-09 20:09:59', 'SYSTEM', '2012-04-11 06:39:17', 'SYSTEM', 39, 38, 1, '2010-01-05 00:00:00'),
(162, '2010-05-09 20:09:59', 'SYSTEM', '2012-05-15 09:54:33', 'SYSTEM', 40, 42, 1, '2010-01-01 00:00:00'),
(163, '2010-05-09 20:09:59', 'SYSTEM', '2012-05-15 09:54:33', 'SYSTEM', 40, 44, 2, '2010-01-02 00:00:00'),
(164, '2010-05-09 20:09:59', 'SYSTEM', '2012-05-15 09:54:33', 'SYSTEM', 40, 36, 1, '2010-01-03 00:00:00'),
(165, '2010-05-09 20:09:59', 'SYSTEM', '2012-05-15 09:54:33', 'SYSTEM', 40, 39, 1, '2010-01-04 00:00:00'),
(166, '2010-05-09 20:09:59', 'SYSTEM', '2012-05-15 09:54:33', 'SYSTEM', 40, 39, 1, '2010-01-05 00:00:00'),
(167, '2010-05-09 20:09:59', 'SYSTEM', '2012-05-15 09:54:33', 'SYSTEM', 43, 45, 1, '2010-01-01 00:00:00'),
(168, '2010-05-09 20:09:59', 'SYSTEM', '2012-05-15 09:54:33', 'SYSTEM', 43, 46, 1, '2010-01-02 00:00:00'),
(169, '2010-05-09 20:09:59', 'SYSTEM', '2012-05-15 09:54:33', 'SYSTEM', 43, 42, 2, '2010-01-03 00:00:00'),
(170, '2010-05-09 20:09:59', 'SYSTEM', '2012-05-15 09:54:33', 'SYSTEM', 43, 46, 1, '2010-01-04 00:00:00'),
(171, '2010-05-09 20:09:59', 'SYSTEM', '2012-05-15 09:54:33', 'SYSTEM', 43, 47, 2, '2010-01-05 00:00:00'),
(172, '2010-05-09 20:09:59', 'SYSTEM', '2012-05-15 09:54:33', 'SYSTEM', 41, 41, 2, '2010-01-01 00:00:00'),
(173, '2010-05-09 20:09:59', 'SYSTEM', '2012-05-15 09:54:33', 'SYSTEM', 41, 42, 1, '2010-01-02 00:00:00'),
(174, '2010-05-09 20:09:59', 'SYSTEM', '2012-05-15 09:54:33', 'SYSTEM', 41, 39, 2, '2010-01-03 00:00:00'),
(175, '2010-05-09 20:09:59', 'SYSTEM', '2012-05-15 09:54:33', 'SYSTEM', 41, 38, 1, '2010-01-04 00:00:00'),
(176, '2010-05-09 20:09:59', 'SYSTEM', '2012-05-15 09:54:33', 'SYSTEM', 41, 44, 2, '2010-01-05 00:00:00'),
(177, '2010-05-09 20:09:59', 'SYSTEM', '2012-05-15 09:54:33', 'SYSTEM', 42, 41, 2, '2010-01-01 00:00:00'),
(178, '2010-05-09 20:09:59', 'SYSTEM', '2012-05-15 09:54:33', 'SYSTEM', 42, 47, 1, '2010-01-02 00:00:00'),
(179, '2010-05-09 20:09:59', 'SYSTEM', '2012-05-15 09:54:33', 'SYSTEM', 42, 39, 1, '2010-01-03 00:00:00'),
(180, '2010-05-09 20:10:00', 'SYSTEM', '2012-05-15 09:54:33', 'SYSTEM', 42, 44, 2, '2010-01-04 00:00:00'),
(181, '2010-05-09 20:10:00', 'SYSTEM', '2012-05-15 09:54:33', 'SYSTEM', 42, 40, 1, '2010-01-05 00:00:00'),
(182, '2010-05-09 20:10:00', 'SYSTEM', '2010-07-02 21:33:08', 'SYSTEM', 46, 54, 1, '2010-01-01 00:00:00'),
(183, '2010-05-09 20:10:00', 'SYSTEM', '2010-07-02 21:33:08', 'SYSTEM', 46, 51, 1, '2010-01-02 00:00:00'),
(184, '2010-05-09 20:10:00', 'SYSTEM', '2010-07-02 21:33:08', 'SYSTEM', 46, 50, 1, '2010-01-03 00:00:00'),
(185, '2010-05-09 20:10:00', 'SYSTEM', '2010-07-02 21:33:08', 'SYSTEM', 46, 48, 2, '2010-01-04 00:00:00'),
(186, '2010-05-09 20:10:00', 'SYSTEM', '2010-07-02 21:33:08', 'SYSTEM', 46, 58, 2, '2010-01-05 00:00:00'),
(187, '2010-05-09 20:10:00', 'SYSTEM', '2010-07-02 21:33:08', 'SYSTEM', 47, 48, 1, '2010-01-01 00:00:00'),
(188, '2010-05-09 20:10:00', 'SYSTEM', '2010-07-02 21:33:08', 'SYSTEM', 47, 51, 1, '2010-01-02 00:00:00'),
(189, '2010-05-09 20:10:00', 'SYSTEM', '2010-07-02 21:33:08', 'SYSTEM', 47, 46, 2, '2010-01-03 00:00:00'),
(190, '2010-05-09 20:10:00', 'SYSTEM', '2010-07-02 21:33:08', 'SYSTEM', 47, 44, 2, '2010-01-04 00:00:00'),
(191, '2010-05-09 20:10:00', 'SYSTEM', '2010-07-02 21:33:08', 'SYSTEM', 47, 50, 2, '2010-01-05 00:00:00'),
(192, '2010-05-09 20:10:00', 'SYSTEM', '2010-07-02 21:33:08', 'SYSTEM', 48, 58, 1, '2010-01-01 00:00:00'),
(193, '2010-05-09 20:10:00', 'SYSTEM', '2010-07-02 21:33:08', 'SYSTEM', 48, 54, 2, '2010-01-02 00:00:00'),
(194, '2010-05-09 20:10:00', 'SYSTEM', '2010-07-02 21:33:08', 'SYSTEM', 48, 69, 2, '2010-01-03 00:00:00'),
(195, '2010-05-09 20:10:00', 'SYSTEM', '2010-07-02 21:33:08', 'SYSTEM', 48, 63, 1, '2010-01-04 00:00:00'),
(196, '2010-05-09 20:10:00', 'SYSTEM', '2010-07-02 21:33:08', 'SYSTEM', 48, 64, 2, '2010-01-05 00:00:00'),
(197, '2010-05-09 20:10:00', 'SYSTEM', '2010-07-02 21:33:08', 'SYSTEM', 49, 50, 1, '2010-01-01 00:00:00'),
(198, '2010-05-09 20:10:00', 'SYSTEM', '2010-07-02 21:33:08', 'SYSTEM', 51, 39, 1, '2010-01-01 00:00:00'),
(199, '2010-05-09 20:10:00', 'SYSTEM', '2010-07-02 21:33:08', 'SYSTEM', 51, 41, 2, '2010-01-02 00:00:00'),
(200, '2010-05-09 20:10:00', 'SYSTEM', '2010-07-02 21:33:08', 'SYSTEM', 51, 41, 1, '2010-01-03 00:00:00'),
(201, '2010-05-09 20:10:00', 'SYSTEM', '2010-07-02 21:33:08', 'SYSTEM', 51, 42, 2, '2010-01-04 00:00:00'),
(202, '2010-05-09 20:10:00', 'SYSTEM', '2010-07-02 21:33:08', 'SYSTEM', 51, 38, 2, '2010-01-05 00:00:00'),
(208, '2010-05-09 20:10:01', 'SYSTEM', '2012-05-12 06:59:39', 'SYSTEM', 55, 57, 1, '2010-01-01 00:00:00'),
(209, '2010-05-09 20:10:01', 'SYSTEM', '2012-05-12 06:59:39', 'SYSTEM', 55, 48, 2, '2010-01-02 00:00:00'),
(210, '2010-05-09 20:10:01', 'SYSTEM', '2012-05-12 06:59:39', 'SYSTEM', 55, 52, 1, '2010-01-03 00:00:00'),
(211, '2010-05-09 20:10:01', 'SYSTEM', '2012-05-12 06:59:39', 'SYSTEM', 55, 48, 1, '2010-01-04 00:00:00'),
(212, '2010-05-09 20:10:01', 'SYSTEM', '2012-05-12 06:59:39', 'SYSTEM', 55, 43, 2, '2010-01-05 00:00:00'),
(213, '2010-05-09 20:10:01', 'SYSTEM', '2012-05-12 06:59:39', 'SYSTEM', 56, 51, 2, '2010-01-01 00:00:00'),
(214, '2010-05-09 20:10:01', 'SYSTEM', '2012-05-12 06:59:39', 'SYSTEM', 56, 46, 1, '2010-01-02 00:00:00'),
(215, '2010-05-09 20:10:01', 'SYSTEM', '2012-05-12 06:59:39', 'SYSTEM', 56, 47, 1, '2010-01-03 00:00:00'),
(216, '2010-05-09 20:10:01', 'SYSTEM', '2012-05-12 06:59:39', 'SYSTEM', 56, 49, 2, '2010-01-04 00:00:00'),
(217, '2010-05-09 20:10:01', 'SYSTEM', '2012-05-12 06:59:39', 'SYSTEM', 56, 45, 2, '2010-01-05 00:00:00'),
(218, '2010-05-09 20:10:01', 'SYSTEM', '2012-05-12 06:59:39', 'SYSTEM', 57, 51, 2, '2010-01-01 00:00:00'),
(219, '2010-05-09 20:10:01', 'SYSTEM', '2012-05-12 06:59:39', 'SYSTEM', 57, 53, 1, '2010-01-02 00:00:00'),
(220, '2010-05-09 20:10:01', 'SYSTEM', '2012-05-12 06:59:39', 'SYSTEM', 57, 51, 1, '2010-01-03 00:00:00'),
(221, '2010-05-09 20:10:01', 'SYSTEM', '2012-05-12 06:59:39', 'SYSTEM', 57, 54, 1, '2010-01-04 00:00:00'),
(222, '2010-05-09 20:10:01', 'SYSTEM', '2012-05-12 06:59:39', 'SYSTEM', 57, 53, 2, '2010-01-05 00:00:00'),
(223, '2010-05-09 20:10:01', 'SYSTEM', '2012-05-12 06:59:39', 'SYSTEM', 58, 51, 2, '2010-01-01 00:00:00'),
(224, '2010-05-09 20:10:01', 'SYSTEM', '2012-05-12 06:59:39', 'SYSTEM', 58, 40, 1, '2010-01-02 00:00:00'),
(225, '2010-05-09 20:10:01', 'SYSTEM', '2012-05-12 06:59:39', 'SYSTEM', 58, 52, 2, '2010-01-03 00:00:00'),
(226, '2010-05-09 20:10:01', 'SYSTEM', '2012-05-12 06:59:39', 'SYSTEM', 58, 51, 2, '2010-01-04 00:00:00'),
(227, '2010-05-09 20:10:02', 'SYSTEM', '2012-05-12 06:59:39', 'SYSTEM', 58, 43, 1, '2010-01-05 00:00:00'),
(228, '2010-05-09 20:10:02', 'SYSTEM', '2011-03-23 05:53:52', 'SYSTEM', 59, 49, 1, '2010-01-01 00:00:00'),
(229, '2010-05-09 20:10:02', 'SYSTEM', '2011-03-23 05:53:52', 'SYSTEM', 59, 48, 1, '2010-01-02 00:00:00'),
(230, '2010-05-09 20:10:02', 'SYSTEM', '2011-03-23 05:53:52', 'SYSTEM', 59, 50, 2, '2010-01-03 00:00:00'),
(231, '2010-05-09 20:10:02', 'SYSTEM', '2011-03-23 05:53:52', 'SYSTEM', 59, 46, 1, '2010-01-04 00:00:00'),
(232, '2010-05-09 20:10:02', 'SYSTEM', '2011-03-23 05:53:52', 'SYSTEM', 59, 55, 2, '2010-01-05 00:00:00'),
(233, '2010-05-09 20:10:02', 'SYSTEM', '2011-03-23 05:53:52', 'SYSTEM', 60, 51, 1, '2010-01-01 00:00:00'),
(234, '2010-05-09 20:10:02', 'SYSTEM', '2011-03-23 05:53:52', 'SYSTEM', 60, 54, 2, '2010-01-02 00:00:00'),
(235, '2010-05-09 20:10:02', 'SYSTEM', '2011-03-23 05:53:52', 'SYSTEM', 60, 55, 2, '2010-01-03 00:00:00'),
(236, '2010-05-09 20:10:02', 'SYSTEM', '2011-03-23 05:53:52', 'SYSTEM', 60, 50, 1, '2010-01-04 00:00:00'),
(237, '2010-05-09 20:10:02', 'SYSTEM', '2011-03-23 05:53:52', 'SYSTEM', 60, 57, 1, '2010-01-05 00:00:00'),
(238, '2010-05-09 20:10:02', 'SYSTEM', '2011-03-23 05:53:52', 'SYSTEM', 61, 56, 2, '2010-01-01 00:00:00'),
(239, '2010-05-09 20:10:02', 'SYSTEM', '2011-03-23 05:53:52', 'SYSTEM', 61, 49, 1, '2010-01-02 00:00:00'),
(240, '2010-05-09 20:10:02', 'SYSTEM', '2011-03-23 05:53:52', 'SYSTEM', 61, 53, 2, '2010-01-03 00:00:00'),
(241, '2010-05-09 20:10:02', 'SYSTEM', '2011-03-23 05:53:52', 'SYSTEM', 61, 48, 1, '2010-01-04 00:00:00'),
(242, '2010-05-09 20:10:02', 'SYSTEM', '2011-03-23 05:53:52', 'SYSTEM', 61, 53, 2, '2010-01-05 00:00:00'),
(243, '2010-05-09 20:10:02', 'SYSTEM', '2011-03-23 05:53:52', 'SYSTEM', 62, 50, 2, '2010-01-01 00:00:00'),
(244, '2010-05-09 20:10:02', 'SYSTEM', '2011-03-23 05:53:52', 'SYSTEM', 62, 55, 2, '2010-01-02 00:00:00'),
(245, '2010-05-09 20:10:02', 'SYSTEM', '2011-03-23 05:53:52', 'SYSTEM', 62, 56, 1, '2010-01-03 00:00:00'),
(246, '2010-05-09 20:10:02', 'SYSTEM', '2011-03-23 05:53:52', 'SYSTEM', 62, 58, 2, '2010-01-04 00:00:00'),
(247, '2010-05-09 20:10:02', 'SYSTEM', '2011-03-23 05:53:52', 'SYSTEM', 62, 55, 1, '2010-01-05 00:00:00'),
(248, '2010-05-09 20:10:02', 'SYSTEM', '2010-05-09 20:10:02', 'SYSTEM', 63, 60, 1, '2010-01-01 00:00:00'),
(249, '2010-05-09 20:10:02', 'SYSTEM', '2010-05-09 20:10:02', 'SYSTEM', 63, 60, 1, '2010-01-02 00:00:00'),
(250, '2010-05-09 20:10:02', 'SYSTEM', '2010-05-09 20:10:02', 'SYSTEM', 63, 60, 2, '2010-01-03 00:00:00'),
(251, '2010-05-09 20:10:02', 'SYSTEM', '2010-05-09 20:10:02', 'SYSTEM', 63, 61, 2, '2010-01-04 00:00:00'),
(252, '2010-05-09 20:10:03', 'SYSTEM', '2010-05-09 20:10:03', 'SYSTEM', 63, 55, 1, '2010-01-05 00:00:00'),
(253, '2010-05-09 20:10:03', 'SYSTEM', '2011-03-23 05:53:52', 'SYSTEM', 64, 49, 1, '2010-01-01 00:00:00'),
(254, '2010-05-09 20:10:03', 'SYSTEM', '2011-03-23 05:53:52', 'SYSTEM', 64, 42, 1, '2010-01-02 00:00:00'),
(255, '2010-05-09 20:10:03', 'SYSTEM', '2011-03-23 05:53:52', 'SYSTEM', 64, 45, 1, '2010-01-03 00:00:00'),
(256, '2010-05-09 20:10:03', 'SYSTEM', '2011-03-23 05:53:52', 'SYSTEM', 64, 49, 2, '2010-01-04 00:00:00'),
(257, '2010-05-09 20:10:03', 'SYSTEM', '2011-03-23 05:53:52', 'SYSTEM', 64, 45, 1, '2010-01-05 00:00:00'),
(258, '2010-05-09 20:10:03', 'SYSTEM', '2011-03-23 05:53:52', 'SYSTEM', 65, 45, 1, '2010-01-01 00:00:00'),
(259, '2010-05-09 20:10:03', 'SYSTEM', '2011-03-23 05:53:52', 'SYSTEM', 65, 47, 2, '2010-01-02 00:00:00'),
(260, '2010-05-09 20:10:03', 'SYSTEM', '2011-03-23 05:53:52', 'SYSTEM', 65, 40, 1, '2010-01-03 00:00:00'),
(261, '2010-05-09 20:10:03', 'SYSTEM', '2011-03-23 05:53:52', 'SYSTEM', 65, 47, 2, '2010-01-04 00:00:00'),
(262, '2010-05-09 20:10:03', 'SYSTEM', '2011-03-23 05:53:52', 'SYSTEM', 65, 45, 1, '2010-01-05 00:00:00'),
(263, '2010-05-09 20:10:03', 'SYSTEM', '2011-03-23 05:53:52', 'SYSTEM', 66, 71, 2, '2010-01-01 00:00:00'),
(264, '2010-05-09 20:10:03', 'SYSTEM', '2011-03-23 05:53:52', 'SYSTEM', 66, 62, 1, '2010-01-02 00:00:00'),
(265, '2010-05-09 20:10:03', 'SYSTEM', '2011-03-23 05:53:52', 'SYSTEM', 66, 66, 2, '2010-01-03 00:00:00'),
(266, '2010-05-09 20:10:03', 'SYSTEM', '2011-03-23 05:53:52', 'SYSTEM', 66, 59, 2, '2010-01-04 00:00:00'),
(267, '2010-05-09 20:10:03', 'SYSTEM', '2011-03-23 05:53:52', 'SYSTEM', 66, 60, 2, '2010-01-05 00:00:00'),
(268, '2010-05-09 20:10:03', 'SYSTEM', '2011-03-23 05:53:52', 'SYSTEM', 67, 45, 1, '2010-01-01 00:00:00'),
(269, '2010-05-09 20:10:03', 'SYSTEM', '2011-03-23 05:53:52', 'SYSTEM', 67, 46, 2, '2010-01-02 00:00:00'),
(270, '2010-05-09 20:10:03', 'SYSTEM', '2011-03-23 05:53:52', 'SYSTEM', 67, 45, 1, '2010-01-03 00:00:00'),
(271, '2010-05-09 20:10:03', 'SYSTEM', '2011-03-23 05:53:52', 'SYSTEM', 67, 43, 2, '2010-01-04 00:00:00'),
(272, '2010-05-09 20:10:03', 'SYSTEM', '2011-03-23 05:53:52', 'SYSTEM', 67, 48, 2, '2010-01-05 00:00:00'),
(273, '2010-05-09 20:10:03', 'SYSTEM', '2011-04-23 17:02:23', 'SYSTEM', 69, 50, 1, '2010-01-01 00:00:00'),
(274, '2010-05-09 20:10:03', 'SYSTEM', '2011-04-23 17:02:23', 'SYSTEM', 69, 60, 2, '2010-01-02 00:00:00'),
(275, '2010-05-09 20:10:04', 'SYSTEM', '2011-04-23 17:02:23', 'SYSTEM', 69, 51, 2, '2010-01-03 00:00:00'),
(276, '2010-05-09 20:10:04', 'SYSTEM', '2011-04-23 17:02:23', 'SYSTEM', 69, 55, 1, '2010-01-04 00:00:00'),
(277, '2010-05-09 20:10:04', 'SYSTEM', '2011-04-23 17:02:23', 'SYSTEM', 69, 53, 2, '2010-01-05 00:00:00'),
(278, '2010-05-09 20:10:04', 'SYSTEM', '2012-04-11 07:24:01', 'SYSTEM', 70, 58, 2, '2010-01-01 00:00:00'),
(279, '2010-05-09 20:10:04', 'SYSTEM', '2012-04-11 07:24:01', 'SYSTEM', 70, 57, 2, '2010-01-02 00:00:00'),
(280, '2010-05-09 20:10:04', 'SYSTEM', '2012-04-11 07:24:01', 'SYSTEM', 70, 64, 1, '2010-01-03 00:00:00'),
(281, '2010-05-09 20:10:04', 'SYSTEM', '2012-04-11 07:24:01', 'SYSTEM', 70, 63, 1, '2010-01-04 00:00:00'),
(282, '2010-05-09 20:10:04', 'SYSTEM', '2012-04-11 07:24:01', 'SYSTEM', 70, 63, 2, '2010-01-05 00:00:00'),
(283, '2010-05-09 20:10:04', 'SYSTEM', '2011-04-23 17:02:23', 'SYSTEM', 72, 52, 2, '2010-01-01 00:00:00'),
(284, '2010-05-09 20:10:04', 'SYSTEM', '2011-04-23 17:02:23', 'SYSTEM', 72, 45, 1, '2010-01-02 00:00:00'),
(285, '2010-05-09 20:10:04', 'SYSTEM', '2011-04-23 17:02:23', 'SYSTEM', 72, 49, 1, '2010-01-03 00:00:00'),
(286, '2010-05-09 20:10:04', 'SYSTEM', '2011-04-23 17:02:23', 'SYSTEM', 72, 45, 2, '2010-01-04 00:00:00'),
(287, '2010-05-09 20:10:04', 'SYSTEM', '2011-04-23 17:02:23', 'SYSTEM', 72, 45, 2, '2010-01-05 00:00:00'),
(288, '2010-05-09 20:10:04', 'SYSTEM', '2012-04-11 07:24:01', 'SYSTEM', 73, 48, 2, '2010-01-01 00:00:00'),
(289, '2010-05-09 20:10:04', 'SYSTEM', '2012-04-11 07:24:01', 'SYSTEM', 73, 48, 1, '2010-01-02 00:00:00'),
(290, '2010-05-09 20:10:04', 'SYSTEM', '2012-04-11 07:24:01', 'SYSTEM', 73, 48, 1, '2010-01-03 00:00:00'),
(291, '2010-05-09 20:10:04', 'SYSTEM', '2012-04-11 07:24:01', 'SYSTEM', 73, 49, 2, '2010-01-04 00:00:00'),
(292, '2010-05-09 20:10:04', 'SYSTEM', '2012-04-11 07:24:01', 'SYSTEM', 73, 51, 2, '2010-01-05 00:00:00'),
(293, '2010-05-09 20:10:04', 'SYSTEM', '2012-04-11 07:24:01', 'SYSTEM', 74, 56, 2, '2010-01-01 00:00:00'),
(294, '2010-05-09 20:10:04', 'SYSTEM', '2012-04-11 07:24:01', 'SYSTEM', 74, 52, 1, '2010-01-02 00:00:00'),
(295, '2010-05-09 20:10:04', 'SYSTEM', '2012-04-11 07:24:01', 'SYSTEM', 74, 53, 2, '2010-01-03 00:00:00'),
(296, '2010-05-09 20:10:04', 'SYSTEM', '2012-04-11 07:24:01', 'SYSTEM', 74, 48, 1, '2010-01-04 00:00:00'),
(297, '2010-05-09 20:10:04', 'SYSTEM', '2012-04-11 07:24:01', 'SYSTEM', 74, 53, 2, '2010-01-05 00:00:00'),
(298, '2010-05-09 20:10:05', 'SYSTEM', '2012-04-11 07:15:35', 'SYSTEM', 76, 44, 2, '2010-01-01 00:00:00'),
(299, '2010-05-09 20:10:05', 'SYSTEM', '2012-04-11 07:15:35', 'SYSTEM', 76, 45, 1, '2010-01-02 00:00:00'),
(300, '2010-05-09 20:10:05', 'SYSTEM', '2012-04-11 07:15:35', 'SYSTEM', 76, 42, 2, '2010-01-03 00:00:00'),
(301, '2010-05-09 20:10:05', 'SYSTEM', '2012-04-11 07:15:35', 'SYSTEM', 76, 48, 2, '2010-01-04 00:00:00'),
(302, '2010-05-09 20:10:05', 'SYSTEM', '2012-04-11 07:15:35', 'SYSTEM', 76, 43, 1, '2010-01-05 00:00:00'),
(303, '2010-05-09 20:10:05', 'SYSTEM', '2012-04-11 07:15:35', 'SYSTEM', 77, 47, 2, '2010-01-01 00:00:00'),
(304, '2010-05-09 20:10:05', 'SYSTEM', '2012-04-11 07:15:35', 'SYSTEM', 77, 46, 1, '2010-01-02 00:00:00'),
(305, '2010-05-09 20:10:05', 'SYSTEM', '2012-04-11 07:15:35', 'SYSTEM', 77, 47, 1, '2010-01-03 00:00:00'),
(306, '2010-05-09 20:10:05', 'SYSTEM', '2012-04-11 07:15:35', 'SYSTEM', 77, 50, 1, '2010-01-04 00:00:00'),
(307, '2010-05-09 20:10:05', 'SYSTEM', '2012-04-11 07:15:35', 'SYSTEM', 77, 49, 2, '2010-01-05 00:00:00'),
(312, '2010-05-09 20:13:22', 'SYSTEM', '2010-07-02 21:33:08', 'SYSTEM', 50, 39, 1, '2010-01-01 00:00:00'),
(313, '2010-05-09 20:13:22', 'SYSTEM', '2010-07-02 21:33:08', 'SYSTEM', 50, 47, 2, '2010-01-02 00:00:00'),
(314, '2010-05-09 20:13:22', 'SYSTEM', '2010-07-02 21:33:08', 'SYSTEM', 50, 43, 1, '2010-01-03 00:00:00'),
(315, '2010-05-09 20:13:22', 'SYSTEM', '2010-07-02 21:33:08', 'SYSTEM', 50, 41, 2, '2010-01-04 00:00:00'),
(316, '2010-05-09 20:13:22', 'SYSTEM', '2010-07-02 21:33:08', 'SYSTEM', 50, 44, 2, '2010-01-05 00:00:00'),
(322, '2010-05-12 07:10:32', 'SYSTEM', '2010-05-12 07:10:32', 'SYSTEM', 32, 49, 1, '2010-01-05 00:00:00'),
(323, '2010-05-12 07:10:32', 'SYSTEM', '2010-05-12 07:10:32', 'SYSTEM', 32, 50, 2, '2010-01-04 00:00:00'),
(324, '2010-05-12 07:10:32', 'SYSTEM', '2010-05-12 07:10:32', 'SYSTEM', 32, 50, 2, '2010-01-02 00:00:00'),
(325, '2010-05-12 07:10:32', 'SYSTEM', '2010-05-12 07:10:32', 'SYSTEM', 32, 49, 1, '2010-01-03 00:00:00'),
(326, '2010-05-12 07:10:32', 'SYSTEM', '2010-05-12 07:10:32', 'SYSTEM', 32, 49, 1, '2010-01-01 00:00:00'),
(327, '2010-05-12 07:33:30', 'SYSTEM', '2012-04-11 07:15:35', 'SYSTEM', 78, 37, 1, '2010-01-03 00:00:00'),
(328, '2010-05-12 07:33:30', 'SYSTEM', '2012-04-11 07:15:35', 'SYSTEM', 78, 39, 2, '2010-01-05 00:00:00'),
(329, '2010-05-12 07:33:30', 'SYSTEM', '2012-04-11 07:15:35', 'SYSTEM', 78, 36, 2, '2010-01-01 00:00:00'),
(330, '2010-05-12 07:33:30', 'SYSTEM', '2012-04-11 07:15:35', 'SYSTEM', 78, 36, 1, '2010-01-04 00:00:00'),
(331, '2010-05-12 07:33:30', 'SYSTEM', '2012-04-11 07:15:35', 'SYSTEM', 78, 47, 1, '2010-01-02 00:00:00'),
(332, '2010-05-12 07:43:23', 'SYSTEM', '2011-03-17 16:42:42', 'SYSTEM', 81, 50, 2, '2010-01-05 00:00:00'),
(333, '2010-05-12 07:43:24', 'SYSTEM', '2011-03-17 16:42:42', 'SYSTEM', 81, 50, 2, '2010-01-01 00:00:00'),
(334, '2010-05-12 07:43:24', 'SYSTEM', '2011-03-17 16:42:42', 'SYSTEM', 81, 50, 2, '2010-01-03 00:00:00'),
(335, '2010-05-12 07:43:24', 'SYSTEM', '2011-03-17 16:42:42', 'SYSTEM', 81, 49, 1, '2010-01-02 00:00:00'),
(336, '2010-05-12 07:43:24', 'SYSTEM', '2011-03-17 16:42:42', 'SYSTEM', 81, 49, 1, '2010-01-04 00:00:00'),
(337, '2010-06-18 21:44:49', 'SYSTEM', '2012-05-05 07:40:35', 'SYSTEM', 84, 41, 1, '2010-01-01 00:00:00'),
(338, '2010-06-18 21:44:49', 'SYSTEM', '2012-05-05 07:40:35', 'SYSTEM', 84, 40, 2, '2010-01-05 00:00:00'),
(339, '2010-06-18 21:44:49', 'SYSTEM', '2012-05-05 07:40:35', 'SYSTEM', 84, 41, 2, '2010-01-02 00:00:00'),
(340, '2010-06-18 21:44:49', 'SYSTEM', '2012-05-05 07:40:35', 'SYSTEM', 84, 43, 2, '2010-01-04 00:00:00'),
(341, '2010-06-18 21:44:49', 'SYSTEM', '2012-05-05 07:40:35', 'SYSTEM', 84, 41, 1, '2010-01-03 00:00:00'),
(342, '2010-06-18 21:45:57', 'SYSTEM', '2011-06-22 18:56:45', 'SYSTEM', 85, 53, 2, '2010-01-04 00:00:00'),
(343, '2010-06-18 21:45:57', 'SYSTEM', '2011-06-22 18:56:45', 'SYSTEM', 85, 51, 2, '2010-01-03 00:00:00'),
(344, '2010-06-18 21:45:57', 'SYSTEM', '2011-06-22 18:56:45', 'SYSTEM', 85, 56, 1, '2010-01-05 00:00:00'),
(345, '2010-06-18 21:45:57', 'SYSTEM', '2011-06-22 18:56:45', 'SYSTEM', 85, 49, 1, '2010-01-02 00:00:00'),
(346, '2010-06-18 21:45:57', 'SYSTEM', '2011-06-22 18:56:45', 'SYSTEM', 85, 55, 2, '2010-01-01 00:00:00'),
(347, '2010-06-27 12:26:50', 'SYSTEM', '2010-06-27 12:26:49', 'SYSTEM', 23, 43, 1, '2010-01-03 00:00:00'),
(348, '2010-06-27 12:26:50', 'SYSTEM', '2010-06-27 12:26:49', 'SYSTEM', 23, 47, 1, '2010-01-01 00:00:00'),
(349, '2010-06-27 12:26:50', 'SYSTEM', '2010-06-27 12:26:49', 'SYSTEM', 23, 45, 1, '2010-01-05 00:00:00'),
(350, '2010-06-27 12:26:50', 'SYSTEM', '2010-06-27 12:26:49', 'SYSTEM', 23, 47, 2, '2010-01-02 00:00:00'),
(351, '2010-06-27 12:26:50', 'SYSTEM', '2010-06-27 12:26:49', 'SYSTEM', 23, 45, 2, '2010-01-04 00:00:00'),
(352, '2010-07-03 08:01:57', 'SYSTEM', '2010-07-03 08:01:57', 'SYSTEM', 87, 48, 2, '2010-01-02 00:00:00'),
(353, '2010-07-03 08:01:57', 'SYSTEM', '2010-07-03 08:01:57', 'SYSTEM', 87, 43, 1, '2010-01-01 00:00:00'),
(354, '2010-07-03 08:01:57', 'SYSTEM', '2010-07-03 08:01:57', 'SYSTEM', 87, 52, 2, '2010-01-04 00:00:00'),
(355, '2010-07-03 08:01:57', 'SYSTEM', '2010-07-03 08:01:57', 'SYSTEM', 87, 49, 2, '2010-01-05 00:00:00'),
(356, '2010-07-03 08:01:57', 'SYSTEM', '2010-07-03 08:01:57', 'SYSTEM', 87, 45, 1, '2010-01-03 00:00:00'),
(357, '2010-07-18 21:15:57', 'SYSTEM', '2010-07-18 21:15:56', 'SYSTEM', 52, 42, 2, '2010-01-05 00:00:00'),
(358, '2010-07-18 21:15:57', 'SYSTEM', '2010-07-18 21:15:56', 'SYSTEM', 52, 45, 1, '2010-01-03 00:00:00'),
(359, '2010-07-18 21:15:57', 'SYSTEM', '2010-07-18 21:15:56', 'SYSTEM', 52, 45, 1, '2010-01-02 00:00:00'),
(360, '2010-07-18 21:15:57', 'SYSTEM', '2010-07-18 21:15:56', 'SYSTEM', 52, 48, 2, '2010-01-01 00:00:00'),
(361, '2010-07-18 21:15:57', 'SYSTEM', '2010-07-18 21:15:56', 'SYSTEM', 52, 50, 2, '2010-01-04 00:00:00'),
(362, '2011-07-24 20:23:49', 'SYSTEM', '2012-04-11 07:24:45', 'SYSTEM', 105, 47, 1, '2010-02-01 20:23:49'),
(363, '2011-07-24 20:25:58', 'SYSTEM', '2012-04-12 06:09:10', 'SYSTEM', 104, 48, 1, '2010-02-01 20:25:58');

-- --------------------------------------------------------

--
-- Table structure for table `STJ_ROUND`
--

DROP TABLE IF EXISTS `STJ_ROUND`;
CREATE TABLE IF NOT EXISTS `STJ_ROUND` (
  `ROUND_ID` int(11) NOT NULL AUTO_INCREMENT,
  `CRTN_DT` timestamp NOT NULL DEFAULT CURRENT_TIMESTAMP ON UPDATE CURRENT_TIMESTAMP,
  `CRTN_USER_ID` varchar(8) NOT NULL,
  `LAST_UPTD_DT` timestamp NOT NULL DEFAULT '0000-00-00 00:00:00',
  `LAST_UPTD_USER_ID` varchar(8) NOT NULL,
  `NAME` varchar(20) NOT NULL,
  `SEASON_ID` int(11) DEFAULT NULL,
  PRIMARY KEY (`ROUND_ID`)
) ENGINE=InnoDB  DEFAULT CHARSET=latin1 AUTO_INCREMENT=7 ;

--
-- Dumping data for table `STJ_ROUND`
--

INSERT INTO `STJ_ROUND` (`ROUND_ID`, `CRTN_DT`, `CRTN_USER_ID`, `LAST_UPTD_DT`, `LAST_UPTD_USER_ID`, `NAME`, `SEASON_ID`) VALUES
(1, '2010-05-09 20:09:47', 'SYSTEM', '2010-05-09 20:09:47', 'SYSTEM', 'ROUND 1', 1),
(2, '2010-05-09 20:09:47', 'SYSTEM', '2010-05-09 20:09:47', 'SYSTEM', 'ROUND 2', 1),
(3, '2011-03-15 14:15:17', 'SYSTEM', '2011-03-15 14:15:17', 'SYSTEM', 'ROUND 1', 2),
(4, '2011-03-15 14:15:18', 'SYSTEM', '2011-03-15 14:15:18', 'SYSTEM', 'ROUND 2', 2),
(5, '2012-03-11 20:31:41', 'SYSTEM', '2012-03-11 20:31:41', 'SYSTEM', 'ROUND 1', 3),
(6, '2012-03-11 20:31:41', 'SYSTEM', '2012-03-11 20:31:41', 'SYSTEM', 'ROUND 2', 3);

-- --------------------------------------------------------

--
-- Table structure for table `STJ_SEASON`
--

DROP TABLE IF EXISTS `STJ_SEASON`;
CREATE TABLE IF NOT EXISTS `STJ_SEASON` (
  `SEASON_ID` int(11) NOT NULL AUTO_INCREMENT,
  `CRTN_DT` timestamp NOT NULL DEFAULT CURRENT_TIMESTAMP ON UPDATE CURRENT_TIMESTAMP,
  `CRTN_USER_ID` varchar(8) NOT NULL,
  `LAST_UPTD_DT` timestamp NOT NULL DEFAULT '0000-00-00 00:00:00',
  `LAST_UPTD_USER_ID` varchar(8) NOT NULL,
  `YEAR` int(11) NOT NULL,
  PRIMARY KEY (`SEASON_ID`)
) ENGINE=InnoDB  DEFAULT CHARSET=latin1 AUTO_INCREMENT=4 ;

--
-- Dumping data for table `STJ_SEASON`
--

INSERT INTO `STJ_SEASON` (`SEASON_ID`, `CRTN_DT`, `CRTN_USER_ID`, `LAST_UPTD_DT`, `LAST_UPTD_USER_ID`, `YEAR`) VALUES
(1, '2010-05-09 20:09:47', 'SYSTEM', '2010-05-09 20:09:47', 'SYSTEM', 2010),
(2, '2011-03-15 14:13:05', 'SYSTEM', '2011-03-15 14:13:05', 'SYSTEM', 2011),
(3, '2012-03-11 20:31:41', 'SYSTEM', '2012-03-11 20:31:41', 'SYSTEM', 2012);

-- --------------------------------------------------------

--
-- Table structure for table `STJ_SEASON_TEAM`
--

DROP TABLE IF EXISTS `STJ_SEASON_TEAM`;
CREATE TABLE IF NOT EXISTS `STJ_SEASON_TEAM` (
  `SEASON_ID` int(11) NOT NULL DEFAULT '0',
  `TEAM_ID` int(11) NOT NULL,
  PRIMARY KEY (`SEASON_ID`,`TEAM_ID`)
) ENGINE=MyISAM DEFAULT CHARSET=latin1;

--
-- Dumping data for table `STJ_SEASON_TEAM`
--

INSERT INTO `STJ_SEASON_TEAM` (`SEASON_ID`, `TEAM_ID`) VALUES
(1, 1),
(1, 2),
(1, 3),
(1, 4),
(1, 5),
(1, 6),
(1, 7),
(1, 8),
(1, 9),
(1, 10),
(1, 11),
(2, 1),
(2, 2),
(2, 3),
(2, 4),
(2, 5),
(2, 6),
(2, 7),
(2, 8),
(2, 9),
(2, 10),
(2, 11),
(2, 12),
(3, 1),
(3, 2),
(3, 3),
(3, 4),
(3, 5),
(3, 6),
(3, 7),
(3, 8),
(3, 9),
(3, 10),
(3, 11),
(3, 12);

-- --------------------------------------------------------

--
-- Table structure for table `STJ_SIDE`
--

DROP TABLE IF EXISTS `STJ_SIDE`;
CREATE TABLE IF NOT EXISTS `STJ_SIDE` (
  `SIDE_ID` int(11) NOT NULL AUTO_INCREMENT,
  `COURSE_ID` int(11) DEFAULT NULL,
  `CRTN_DT` timestamp NOT NULL DEFAULT CURRENT_TIMESTAMP ON UPDATE CURRENT_TIMESTAMP,
  `CRTN_USER_ID` varchar(8) NOT NULL,
  `LAST_UPTD_DT` timestamp NOT NULL DEFAULT '0000-00-00 00:00:00',
  `LAST_UPTD_USER_ID` varchar(8) NOT NULL,
  `SIDE_TYPE` varchar(2) NOT NULL,
  PRIMARY KEY (`SIDE_ID`)
) ENGINE=InnoDB  DEFAULT CHARSET=latin1 AUTO_INCREMENT=5 ;

--
-- Dumping data for table `STJ_SIDE`
--

INSERT INTO `STJ_SIDE` (`SIDE_ID`, `COURSE_ID`, `CRTN_DT`, `CRTN_USER_ID`, `LAST_UPTD_DT`, `LAST_UPTD_USER_ID`, `SIDE_TYPE`) VALUES
(1, 1, '2010-09-09 09:53:07', 'SYSTEM', '2010-05-09 20:09:47', 'SYSTEM', 'FT'),
(2, 1, '2010-09-09 09:53:07', 'SYSTEM', '2010-05-09 20:09:47', 'SYSTEM', 'BK'),
(3, 2, '2010-09-09 09:55:31', 'SYSTEM', '2010-09-09 09:55:31', 'SYSTEM', 'FT'),
(4, 2, '2010-09-09 09:55:31', 'SYSTEM', '2010-09-09 09:55:31', 'SYSTEM', 'BK');

-- --------------------------------------------------------

--
-- Table structure for table `STJ_SKINS`
--

DROP TABLE IF EXISTS `STJ_SKINS`;
CREATE TABLE IF NOT EXISTS `STJ_SKINS` (
  `SKINS_ID` int(11) NOT NULL AUTO_INCREMENT,
  `SEASON_ID` int(11) NOT NULL,
  PRIMARY KEY (`SKINS_ID`,`SEASON_ID`)
) ENGINE=MyISAM  DEFAULT CHARSET=latin1 AUTO_INCREMENT=2 ;

--
-- Dumping data for table `STJ_SKINS`
--

INSERT INTO `STJ_SKINS` (`SKINS_ID`, `SEASON_ID`) VALUES
(1, 3);

-- --------------------------------------------------------

--
-- Table structure for table `STJ_SKINS_PLAYER`
--

DROP TABLE IF EXISTS `STJ_SKINS_PLAYER`;
CREATE TABLE IF NOT EXISTS `STJ_SKINS_PLAYER` (
  `PLAYER_ID` int(11) NOT NULL,
  `SKINS_ID` int(11) NOT NULL,
  PRIMARY KEY (`SKINS_ID`,`PLAYER_ID`)
) ENGINE=MyISAM DEFAULT CHARSET=latin1;

--
-- Dumping data for table `STJ_SKINS_PLAYER`
--

INSERT INTO `STJ_SKINS_PLAYER` (`PLAYER_ID`, `SKINS_ID`) VALUES
(16, 1),
(17, 1),
(18, 1),
(20, 1),
(25, 1),
(28, 1),
(29, 1),
(30, 1),
(31, 1),
(33, 1),
(40, 1),
(41, 1),
(42, 1),
(43, 1),
(51, 1),
(55, 1),
(56, 1),
(57, 1),
(76, 1),
(78, 1),
(97, 1),
(98, 1),
(120, 1),
(134, 1);

-- --------------------------------------------------------

--
-- Table structure for table `STJ_TEAM`
--

DROP TABLE IF EXISTS `STJ_TEAM`;
CREATE TABLE IF NOT EXISTS `STJ_TEAM` (
  `TEAM_ID` int(11) NOT NULL AUTO_INCREMENT,
  `CRTN_DT` timestamp NOT NULL DEFAULT CURRENT_TIMESTAMP ON UPDATE CURRENT_TIMESTAMP,
  `CRTN_USER_ID` varchar(8) NOT NULL,
  `LAST_UPTD_DT` timestamp NOT NULL DEFAULT '0000-00-00 00:00:00',
  `LAST_UPTD_USER_ID` varchar(8) NOT NULL,
  `NAME` varchar(50) NOT NULL,
  `TEAM_NBR` int(11) NOT NULL,
  PRIMARY KEY (`TEAM_ID`)
) ENGINE=InnoDB  DEFAULT CHARSET=latin1 AUTO_INCREMENT=13 ;

--
-- Dumping data for table `STJ_TEAM`
--

INSERT INTO `STJ_TEAM` (`TEAM_ID`, `CRTN_DT`, `CRTN_USER_ID`, `LAST_UPTD_DT`, `LAST_UPTD_USER_ID`, `NAME`, `TEAM_NBR`) VALUES
(1, '2010-05-09 20:09:48', 'SYSTEM', '2011-06-14 10:31:43', 'SYSTEM', 'POST', 1),
(2, '2010-05-09 20:09:48', 'SYSTEM', '2012-04-12 06:09:10', 'SYSTEM', 'BISCHOF', 2),
(3, '2010-05-09 20:09:48', 'SYSTEM', '2010-09-09 18:28:50', 'SYSTEM', 'HAKE', 3),
(4, '2010-05-09 20:09:48', 'SYSTEM', '2012-05-05 07:40:35', 'SYSTEM', 'HARTER', 4),
(5, '2010-05-09 20:09:48', 'SYSTEM', '2012-04-11 06:39:17', 'SYSTEM', 'TOUREK', 5),
(6, '2010-05-09 20:09:48', 'SYSTEM', '2012-05-15 09:54:33', 'SYSTEM', 'BURBRIDGE', 6),
(7, '2010-05-09 20:09:48', 'SYSTEM', '2010-07-02 21:33:08', 'SYSTEM', 'ARTS', 7),
(8, '2010-05-09 20:09:48', 'SYSTEM', '2012-05-12 06:59:39', 'SYSTEM', 'MURCEK', 8),
(9, '2010-05-09 20:09:48', 'SYSTEM', '2011-03-23 05:53:52', 'SYSTEM', 'GERGEN', 9),
(10, '2010-05-09 20:09:48', 'SYSTEM', '2012-04-11 07:24:01', 'SYSTEM', 'WILMES', 10),
(11, '2010-05-09 20:09:48', 'SYSTEM', '2012-04-11 07:15:35', 'SYSTEM', 'LINKE', 11),
(12, '2011-03-15 14:15:54', 'SYSTEM', '2012-04-12 06:22:16', 'SYSTEM', 'GOETZ', 12);

-- --------------------------------------------------------

--
-- Table structure for table `STJ_TEAM_MATCH`
--

DROP TABLE IF EXISTS `STJ_TEAM_MATCH`;
CREATE TABLE IF NOT EXISTS `STJ_TEAM_MATCH` (
  `TEAM_MATCH_ID` int(11) NOT NULL AUTO_INCREMENT,
  `CRTN_DT` timestamp NOT NULL DEFAULT CURRENT_TIMESTAMP ON UPDATE CURRENT_TIMESTAMP,
  `CRTN_USER_ID` varchar(8) NOT NULL,
  `LAST_UPTD_DT` timestamp NOT NULL DEFAULT '0000-00-00 00:00:00',
  `LAST_UPTD_USER_ID` varchar(8) NOT NULL,
  `TEAM_SCORE_ID_1` int(11) NOT NULL,
  `TEAM_SCORE_ID_2` int(11) NOT NULL,
  `WEEK_ID` int(11) DEFAULT NULL,
  `COURSE_ID` int(11) DEFAULT NULL,
  PRIMARY KEY (`TEAM_MATCH_ID`)
) ENGINE=InnoDB  DEFAULT CHARSET=latin1 AUTO_INCREMENT=375 ;

--
-- Dumping data for table `STJ_TEAM_MATCH`
--

INSERT INTO `STJ_TEAM_MATCH` (`TEAM_MATCH_ID`, `CRTN_DT`, `CRTN_USER_ID`, `LAST_UPTD_DT`, `LAST_UPTD_USER_ID`, `TEAM_SCORE_ID_1`, `TEAM_SCORE_ID_2`, `WEEK_ID`, `COURSE_ID`) VALUES
(1, '2010-09-09 09:54:28', 'SYSTEM', '2011-03-10 17:50:13', 'SYSTEM', 1, 2, NULL, 1),
(2, '2010-09-09 09:54:28', 'SYSTEM', '2011-03-10 17:50:13', 'SYSTEM', 3, 4, NULL, 1),
(3, '2010-09-09 09:54:28', 'SYSTEM', '2011-03-10 17:50:13', 'SYSTEM', 5, 6, NULL, 1),
(4, '2010-09-09 09:54:28', 'SYSTEM', '2011-03-10 17:50:13', 'SYSTEM', 7, 8, NULL, 1),
(5, '2010-09-09 09:54:28', 'SYSTEM', '2011-03-10 17:50:13', 'SYSTEM', 9, 10, NULL, 1),
(6, '2010-09-09 09:54:28', 'SYSTEM', '2010-05-12 07:47:14', 'SYSTEM', 11, 12, NULL, 1),
(7, '2010-09-09 09:54:28', 'SYSTEM', '2010-05-12 07:47:14', 'SYSTEM', 13, 14, NULL, 1),
(8, '2010-09-09 09:54:28', 'SYSTEM', '2010-05-12 07:47:14', 'SYSTEM', 15, 16, NULL, 1),
(9, '2010-09-09 09:54:28', 'SYSTEM', '2010-05-12 07:47:14', 'SYSTEM', 17, 18, NULL, 1),
(10, '2010-09-09 09:54:28', 'SYSTEM', '2010-05-12 07:47:14', 'SYSTEM', 19, 20, NULL, 1),
(11, '2010-09-09 09:54:28', 'SYSTEM', '2010-05-13 20:11:53', 'SYSTEM', 21, 22, NULL, 1),
(12, '2010-09-09 09:54:28', 'SYSTEM', '2010-05-13 20:11:53', 'SYSTEM', 23, 24, NULL, 1),
(13, '2010-09-09 09:54:28', 'SYSTEM', '2010-05-13 20:11:53', 'SYSTEM', 25, 26, NULL, 1),
(14, '2010-09-09 09:54:28', 'SYSTEM', '2010-05-13 20:11:53', 'SYSTEM', 27, 28, NULL, 1),
(15, '2010-09-09 09:54:28', 'SYSTEM', '2010-05-13 20:11:53', 'SYSTEM', 29, 30, NULL, 1),
(16, '2010-09-09 09:54:28', 'SYSTEM', '2010-05-20 21:03:44', 'SYSTEM', 31, 32, NULL, 1),
(17, '2010-09-09 09:54:28', 'SYSTEM', '2010-05-20 21:03:44', 'SYSTEM', 33, 34, NULL, 1),
(18, '2010-09-09 09:54:28', 'SYSTEM', '2010-05-20 21:03:44', 'SYSTEM', 35, 36, NULL, 1),
(19, '2010-09-09 09:54:28', 'SYSTEM', '2010-05-20 21:03:44', 'SYSTEM', 37, 38, NULL, 1),
(20, '2010-09-09 09:54:28', 'SYSTEM', '2010-05-20 21:03:44', 'SYSTEM', 39, 40, NULL, 1),
(21, '2010-09-09 09:54:28', 'SYSTEM', '2010-05-23 10:38:05', 'SYSTEM', 41, 42, NULL, 1),
(22, '2010-09-09 09:54:28', 'SYSTEM', '2010-05-23 10:38:05', 'SYSTEM', 43, 44, NULL, 1),
(23, '2010-09-09 09:54:28', 'SYSTEM', '2010-05-23 10:38:05', 'SYSTEM', 45, 46, NULL, 1),
(24, '2010-09-09 09:54:28', 'SYSTEM', '2010-05-23 10:38:05', 'SYSTEM', 47, 48, NULL, 1),
(25, '2010-09-09 09:54:28', 'SYSTEM', '2010-05-23 10:38:05', 'SYSTEM', 49, 50, NULL, 1),
(26, '2010-09-09 09:54:28', 'SYSTEM', '2010-05-29 14:22:33', 'SYSTEM', 51, 52, NULL, 1),
(27, '2010-09-09 09:54:28', 'SYSTEM', '2010-05-29 14:22:33', 'SYSTEM', 53, 54, NULL, 1),
(28, '2010-09-09 09:54:28', 'SYSTEM', '2010-05-29 14:22:33', 'SYSTEM', 55, 56, NULL, 1),
(29, '2010-09-09 09:54:28', 'SYSTEM', '2010-05-29 14:22:33', 'SYSTEM', 57, 58, NULL, 1),
(30, '2010-09-09 09:54:28', 'SYSTEM', '2010-05-29 14:22:33', 'SYSTEM', 59, 60, NULL, 1),
(31, '2010-09-09 09:54:28', 'SYSTEM', '2010-06-04 21:13:51', 'SYSTEM', 61, 62, NULL, 1),
(32, '2010-09-09 09:54:28', 'SYSTEM', '2010-06-04 21:13:51', 'SYSTEM', 63, 64, NULL, 1),
(33, '2010-09-09 09:54:28', 'SYSTEM', '2010-06-04 21:13:51', 'SYSTEM', 65, 66, NULL, 1),
(34, '2010-09-09 09:54:28', 'SYSTEM', '2010-06-04 21:13:51', 'SYSTEM', 67, 68, NULL, 1),
(35, '2010-09-09 09:54:28', 'SYSTEM', '2010-06-04 21:13:51', 'SYSTEM', 69, 70, NULL, 1),
(36, '2010-09-09 09:54:28', 'SYSTEM', '2010-06-18 15:28:36', 'SYSTEM', 71, 72, NULL, 1),
(37, '2010-09-09 09:54:28', 'SYSTEM', '2010-06-18 15:28:36', 'SYSTEM', 73, 74, NULL, 1),
(38, '2010-09-09 09:54:28', 'SYSTEM', '2010-06-18 15:28:36', 'SYSTEM', 75, 76, NULL, 1),
(39, '2010-09-09 09:54:28', 'SYSTEM', '2010-06-18 15:28:36', 'SYSTEM', 77, 78, NULL, 1),
(40, '2010-09-09 09:54:28', 'SYSTEM', '2010-06-18 15:28:36', 'SYSTEM', 79, 80, NULL, 1),
(41, '2010-09-09 09:54:28', 'SYSTEM', '2010-06-18 22:30:52', 'SYSTEM', 81, 82, NULL, 1),
(42, '2010-09-09 09:54:28', 'SYSTEM', '2010-06-18 22:30:52', 'SYSTEM', 83, 84, NULL, 1),
(43, '2010-09-09 09:54:28', 'SYSTEM', '2010-06-18 22:30:52', 'SYSTEM', 85, 86, NULL, 1),
(44, '2010-09-09 09:54:28', 'SYSTEM', '2010-06-18 22:30:52', 'SYSTEM', 87, 88, NULL, 1),
(45, '2010-09-09 09:54:28', 'SYSTEM', '2010-06-18 22:30:52', 'SYSTEM', 89, 90, NULL, 1),
(46, '2010-09-09 09:54:28', 'SYSTEM', '2010-06-27 12:27:19', 'SYSTEM', 91, 92, NULL, 1),
(47, '2010-09-09 09:54:28', 'SYSTEM', '2010-06-27 12:27:19', 'SYSTEM', 93, 94, NULL, 1),
(48, '2010-09-09 09:54:28', 'SYSTEM', '2010-06-27 12:27:19', 'SYSTEM', 95, 96, NULL, 1),
(49, '2010-09-09 09:54:28', 'SYSTEM', '2010-06-27 12:27:19', 'SYSTEM', 97, 98, NULL, 1),
(50, '2010-09-09 09:54:28', 'SYSTEM', '2010-06-27 12:27:19', 'SYSTEM', 99, 100, NULL, 1),
(51, '2010-09-09 09:54:28', 'SYSTEM', '2010-07-02 21:31:02', 'SYSTEM', 101, 102, NULL, 1),
(52, '2010-09-09 09:54:28', 'SYSTEM', '2010-07-02 21:31:02', 'SYSTEM', 103, 104, NULL, 1),
(53, '2010-09-09 09:54:28', 'SYSTEM', '2010-07-02 21:31:02', 'SYSTEM', 105, 106, NULL, 1),
(54, '2010-09-09 09:54:28', 'SYSTEM', '2010-07-02 21:31:02', 'SYSTEM', 107, 108, NULL, 1),
(55, '2010-09-09 09:54:28', 'SYSTEM', '2010-07-02 21:31:02', 'SYSTEM', 109, 110, NULL, 1),
(56, '2010-09-09 09:54:28', 'SYSTEM', '2010-07-11 17:25:56', 'SYSTEM', 111, 112, NULL, 1),
(57, '2010-09-09 09:54:28', 'SYSTEM', '2010-07-11 17:25:56', 'SYSTEM', 113, 114, NULL, 1),
(58, '2010-09-09 09:54:28', 'SYSTEM', '2010-07-11 17:25:56', 'SYSTEM', 115, 116, NULL, 1),
(59, '2010-09-09 09:54:28', 'SYSTEM', '2010-07-11 17:25:56', 'SYSTEM', 117, 118, NULL, 1),
(60, '2010-09-09 09:54:28', 'SYSTEM', '2010-07-11 17:25:56', 'SYSTEM', 119, 120, NULL, 1),
(61, '2010-09-09 09:54:28', 'SYSTEM', '2010-07-17 11:56:14', 'SYSTEM', 121, 122, NULL, 1),
(62, '2010-09-09 09:54:28', 'SYSTEM', '2010-07-17 11:56:14', 'SYSTEM', 123, 124, NULL, 1),
(63, '2010-09-09 09:54:28', 'SYSTEM', '2010-07-17 11:56:14', 'SYSTEM', 125, 126, NULL, 1),
(64, '2010-09-09 09:54:28', 'SYSTEM', '2010-07-17 11:56:14', 'SYSTEM', 127, 128, NULL, 1),
(65, '2010-09-09 09:54:28', 'SYSTEM', '2010-07-17 11:56:14', 'SYSTEM', 129, 130, NULL, 1),
(66, '2010-09-09 09:54:28', 'SYSTEM', '2010-07-23 21:14:18', 'SYSTEM', 131, 132, NULL, 1),
(67, '2010-09-09 09:54:28', 'SYSTEM', '2010-07-23 21:14:18', 'SYSTEM', 133, 134, NULL, 1),
(68, '2010-09-09 09:54:28', 'SYSTEM', '2010-07-23 21:14:18', 'SYSTEM', 135, 136, NULL, 1),
(69, '2010-09-09 09:54:28', 'SYSTEM', '2010-07-23 21:14:18', 'SYSTEM', 137, 138, NULL, 1),
(70, '2010-09-09 09:54:28', 'SYSTEM', '2010-07-23 21:14:18', 'SYSTEM', 139, 140, NULL, 1),
(71, '2010-09-09 09:54:28', 'SYSTEM', '2010-07-30 22:07:07', 'SYSTEM', 141, 142, NULL, 1),
(72, '2010-09-09 09:54:28', 'SYSTEM', '2010-07-30 22:07:07', 'SYSTEM', 143, 144, NULL, 1),
(73, '2010-09-09 09:54:28', 'SYSTEM', '2010-07-30 22:07:07', 'SYSTEM', 145, 146, NULL, 1),
(74, '2010-09-09 09:54:28', 'SYSTEM', '2010-07-30 22:07:07', 'SYSTEM', 147, 148, NULL, 1),
(75, '2010-09-09 09:54:28', 'SYSTEM', '2010-07-30 22:07:07', 'SYSTEM', 149, 150, NULL, 1),
(76, '2010-09-09 09:54:28', 'SYSTEM', '2010-08-08 08:48:59', 'SYSTEM', 151, 152, NULL, 1),
(77, '2010-09-09 09:54:28', 'SYSTEM', '2010-08-08 08:48:59', 'SYSTEM', 153, 154, NULL, 1),
(78, '2010-09-09 09:54:28', 'SYSTEM', '2010-08-08 08:48:59', 'SYSTEM', 155, 156, NULL, 1),
(79, '2010-09-09 09:54:28', 'SYSTEM', '2010-08-08 08:48:59', 'SYSTEM', 157, 158, NULL, 1),
(80, '2010-09-09 09:54:28', 'SYSTEM', '2010-08-08 08:48:59', 'SYSTEM', 159, 160, NULL, 1),
(81, '2010-09-09 09:54:28', 'SYSTEM', '2010-08-16 13:29:42', 'SYSTEM', 161, 162, NULL, 1),
(82, '2010-09-09 09:54:28', 'SYSTEM', '2010-08-16 13:29:42', 'SYSTEM', 163, 164, NULL, 1),
(83, '2010-09-09 09:54:28', 'SYSTEM', '2010-08-16 13:29:42', 'SYSTEM', 165, 166, NULL, 1),
(84, '2010-09-09 09:54:28', 'SYSTEM', '2010-08-16 13:29:42', 'SYSTEM', 167, 168, NULL, 1),
(85, '2010-09-09 09:54:28', 'SYSTEM', '2010-08-16 13:29:42', 'SYSTEM', 169, 170, NULL, 1),
(86, '2010-09-09 09:54:28', 'SYSTEM', '2010-08-21 07:37:24', 'SYSTEM', 171, 172, NULL, 1),
(87, '2010-09-09 09:54:28', 'SYSTEM', '2010-08-21 07:37:24', 'SYSTEM', 173, 174, NULL, 1),
(88, '2010-09-09 09:54:28', 'SYSTEM', '2010-08-21 07:37:24', 'SYSTEM', 175, 176, NULL, 1),
(89, '2010-09-09 09:54:28', 'SYSTEM', '2010-08-21 07:37:24', 'SYSTEM', 177, 178, NULL, 1),
(90, '2010-09-09 09:54:28', 'SYSTEM', '2010-08-21 07:37:24', 'SYSTEM', 179, 180, NULL, 1),
(91, '2010-09-09 09:54:28', 'SYSTEM', '2010-09-03 05:06:56', 'SYSTEM', 181, 182, NULL, 1),
(92, '2010-09-09 09:54:28', 'SYSTEM', '2010-09-03 05:06:56', 'SYSTEM', 183, 184, NULL, 1),
(93, '2010-09-09 09:54:28', 'SYSTEM', '2010-09-03 05:06:56', 'SYSTEM', 185, 186, NULL, 1),
(94, '2010-09-09 09:54:28', 'SYSTEM', '2010-09-03 05:06:56', 'SYSTEM', 187, 188, NULL, 1),
(95, '2010-09-09 09:54:28', 'SYSTEM', '2010-09-03 05:06:56', 'SYSTEM', 189, 190, NULL, 1),
(96, '2010-09-09 09:54:28', 'SYSTEM', '2010-09-03 21:37:47', 'SYSTEM', 191, 192, NULL, 1),
(97, '2010-09-09 09:54:28', 'SYSTEM', '2010-09-03 21:37:47', 'SYSTEM', 193, 194, NULL, 1),
(98, '2010-09-09 09:54:28', 'SYSTEM', '2010-09-03 21:37:47', 'SYSTEM', 195, 196, NULL, 1),
(99, '2010-09-09 09:54:28', 'SYSTEM', '2010-09-03 21:37:47', 'SYSTEM', 197, 198, NULL, 1),
(100, '2010-09-09 09:54:28', 'SYSTEM', '2010-09-09 16:08:00', 'SYSTEM', 199, 200, NULL, 1),
(101, '2010-09-09 09:54:28', 'SYSTEM', '2010-09-10 20:40:12', 'SYSTEM', 201, 202, NULL, 2),
(102, '2010-09-09 09:54:28', 'SYSTEM', '2010-09-10 20:40:12', 'SYSTEM', 203, 204, NULL, 2),
(103, '2010-09-09 09:54:28', 'SYSTEM', '2010-09-10 20:40:12', 'SYSTEM', 205, 206, NULL, 2),
(104, '2010-09-09 09:54:28', 'SYSTEM', '2010-09-10 20:40:12', 'SYSTEM', 207, 208, NULL, 2),
(105, '2010-09-09 09:54:28', 'SYSTEM', '2010-09-10 20:40:12', 'SYSTEM', 209, 210, NULL, 2),
(106, '2010-09-09 09:54:28', 'SYSTEM', '2010-09-17 21:17:25', 'SYSTEM', 211, 212, NULL, 1),
(107, '2010-09-09 09:54:28', 'SYSTEM', '2010-09-17 21:17:25', 'SYSTEM', 213, 214, NULL, 1),
(108, '2010-09-09 09:54:28', 'SYSTEM', '2010-09-17 21:17:25', 'SYSTEM', 215, 216, NULL, 1),
(109, '2010-09-09 09:54:28', 'SYSTEM', '2010-09-17 21:17:25', 'SYSTEM', 217, 218, NULL, 1),
(110, '2010-09-09 09:54:28', 'SYSTEM', '2010-09-17 21:17:25', 'SYSTEM', 219, 220, NULL, 1),
(111, '2011-03-17 00:40:46', 'SYSTEM', '2011-07-28 21:37:31', 'SYSTEM', 221, 222, NULL, 1),
(112, '2011-03-17 00:40:46', 'SYSTEM', '2011-07-28 21:37:31', 'SYSTEM', 223, 224, NULL, 1),
(113, '2011-03-17 00:40:46', 'SYSTEM', '2011-07-28 21:37:31', 'SYSTEM', 225, 226, NULL, 1),
(114, '2011-03-17 00:40:46', 'SYSTEM', '2011-07-28 21:37:31', 'SYSTEM', 227, 228, NULL, 1),
(115, '2011-03-17 00:40:46', 'SYSTEM', '2011-07-28 21:37:31', 'SYSTEM', 229, 230, NULL, 1),
(116, '2011-03-17 00:40:46', 'SYSTEM', '2011-07-28 21:37:31', 'SYSTEM', 231, 232, NULL, 1),
(117, '2011-03-17 23:14:14', 'SYSTEM', '2011-04-23 16:07:29', 'SYSTEM', 233, 234, NULL, 1),
(118, '2011-03-17 23:14:14', 'SYSTEM', '2011-04-23 16:07:29', 'SYSTEM', 235, 236, NULL, 1),
(119, '2011-03-17 23:14:14', 'SYSTEM', '2011-04-23 16:07:29', 'SYSTEM', 237, 238, NULL, 1),
(120, '2011-03-17 23:14:14', 'SYSTEM', '2011-04-23 16:07:29', 'SYSTEM', 239, 240, NULL, 1),
(121, '2011-03-17 23:14:14', 'SYSTEM', '2011-04-23 16:07:29', 'SYSTEM', 241, 242, NULL, 1),
(122, '2011-03-17 23:14:14', 'SYSTEM', '2011-04-23 16:07:29', 'SYSTEM', 243, 244, NULL, 1),
(123, '2011-03-28 20:53:53', 'SYSTEM', '2011-04-30 11:00:34', 'SYSTEM', 245, 246, NULL, 1),
(124, '2011-03-28 20:53:53', 'SYSTEM', '2011-04-30 11:00:34', 'SYSTEM', 247, 248, NULL, 1),
(125, '2011-03-28 20:53:53', 'SYSTEM', '2011-04-30 11:00:34', 'SYSTEM', 249, 250, NULL, 1),
(126, '2011-03-28 20:53:53', 'SYSTEM', '2011-04-30 11:00:34', 'SYSTEM', 251, 252, NULL, 1),
(127, '2011-03-28 20:53:53', 'SYSTEM', '2011-04-30 11:00:34', 'SYSTEM', 253, 254, NULL, 1),
(128, '2011-03-28 20:53:53', 'SYSTEM', '2011-04-30 11:00:34', 'SYSTEM', 255, 256, NULL, 1),
(129, '2011-03-28 20:56:05', 'SYSTEM', '2011-05-07 23:01:55', 'SYSTEM', 257, 258, NULL, 1),
(130, '2011-03-28 20:56:05', 'SYSTEM', '2011-05-07 23:01:55', 'SYSTEM', 259, 260, NULL, 1),
(131, '2011-03-28 20:56:05', 'SYSTEM', '2011-05-07 23:01:55', 'SYSTEM', 261, 262, NULL, 1),
(132, '2011-03-28 20:56:05', 'SYSTEM', '2011-05-07 23:01:55', 'SYSTEM', 263, 264, NULL, 1),
(133, '2011-03-28 20:56:05', 'SYSTEM', '2011-05-07 23:01:55', 'SYSTEM', 265, 266, NULL, 1),
(134, '2011-03-28 20:56:05', 'SYSTEM', '2011-05-07 23:01:55', 'SYSTEM', 267, 268, NULL, 1),
(135, '2011-03-28 21:02:59', 'SYSTEM', '2011-05-14 07:23:39', 'SYSTEM', 269, 270, NULL, 1),
(136, '2011-03-28 21:02:59', 'SYSTEM', '2011-05-14 07:23:39', 'SYSTEM', 271, 272, NULL, 1),
(137, '2011-03-28 21:02:59', 'SYSTEM', '2011-05-14 07:23:39', 'SYSTEM', 273, 274, NULL, 1),
(138, '2011-03-28 21:02:59', 'SYSTEM', '2011-05-14 07:23:39', 'SYSTEM', 275, 276, NULL, 1),
(139, '2011-03-28 21:02:59', 'SYSTEM', '2011-05-14 07:23:39', 'SYSTEM', 277, 278, NULL, 1),
(140, '2011-03-28 21:02:59', 'SYSTEM', '2011-05-14 07:23:39', 'SYSTEM', 279, 280, NULL, 1),
(141, '2011-03-28 21:05:05', 'SYSTEM', '2011-07-28 21:06:44', 'SYSTEM', 281, 282, NULL, 1),
(142, '2011-03-28 21:05:05', 'SYSTEM', '2011-07-28 21:06:44', 'SYSTEM', 283, 284, NULL, 1),
(143, '2011-03-28 21:05:05', 'SYSTEM', '2011-07-28 21:06:44', 'SYSTEM', 285, 286, NULL, 1),
(144, '2011-03-28 21:05:05', 'SYSTEM', '2011-07-28 21:06:44', 'SYSTEM', 287, 288, NULL, 1),
(145, '2011-03-28 21:05:05', 'SYSTEM', '2011-07-28 21:06:44', 'SYSTEM', 289, 290, NULL, 1),
(146, '2011-03-28 21:05:05', 'SYSTEM', '2011-07-28 21:06:44', 'SYSTEM', 291, 292, NULL, 1),
(147, '2011-03-28 21:08:22', 'SYSTEM', '2011-06-02 15:13:09', 'SYSTEM', 293, 294, NULL, 1),
(148, '2011-03-28 21:08:22', 'SYSTEM', '2011-06-02 15:13:09', 'SYSTEM', 295, 296, NULL, 1),
(149, '2011-03-28 21:08:22', 'SYSTEM', '2011-06-02 15:13:09', 'SYSTEM', 297, 298, NULL, 1),
(150, '2011-03-28 21:08:22', 'SYSTEM', '2011-06-02 15:13:09', 'SYSTEM', 299, 300, NULL, 1),
(151, '2011-03-28 21:08:22', 'SYSTEM', '2011-06-02 15:13:09', 'SYSTEM', 301, 302, NULL, 1),
(152, '2011-03-28 21:08:22', 'SYSTEM', '2011-06-02 15:13:09', 'SYSTEM', 303, 304, NULL, 1),
(153, '2011-03-28 21:09:20', 'SYSTEM', '2011-06-04 06:04:23', 'SYSTEM', 305, 306, NULL, 1),
(154, '2011-03-28 21:09:20', 'SYSTEM', '2011-06-04 06:04:23', 'SYSTEM', 307, 308, NULL, 1),
(155, '2011-03-28 21:09:20', 'SYSTEM', '2011-06-04 06:04:23', 'SYSTEM', 309, 310, NULL, 1),
(156, '2011-03-28 21:09:20', 'SYSTEM', '2011-06-04 06:04:23', 'SYSTEM', 311, 312, NULL, 1),
(157, '2011-03-28 21:09:20', 'SYSTEM', '2011-06-04 06:04:23', 'SYSTEM', 313, 314, NULL, 1),
(158, '2011-03-28 21:09:20', 'SYSTEM', '2011-06-04 06:04:23', 'SYSTEM', 315, 316, NULL, 1),
(159, '2011-03-28 21:10:04', 'SYSTEM', '2011-06-14 10:51:21', 'SYSTEM', 317, 318, NULL, 1),
(160, '2011-03-28 21:10:04', 'SYSTEM', '2011-06-14 10:51:21', 'SYSTEM', 319, 320, NULL, 1),
(161, '2011-03-28 21:10:04', 'SYSTEM', '2011-06-14 10:51:21', 'SYSTEM', 321, 322, NULL, 1),
(162, '2011-03-28 21:10:04', 'SYSTEM', '2011-06-14 10:51:21', 'SYSTEM', 323, 324, NULL, 1),
(163, '2011-03-28 21:10:04', 'SYSTEM', '2011-06-14 10:51:21', 'SYSTEM', 325, 326, NULL, 1),
(164, '2011-03-28 21:10:04', 'SYSTEM', '2011-06-14 10:51:21', 'SYSTEM', 327, 328, NULL, 1),
(165, '2011-03-28 21:10:46', 'SYSTEM', '2011-06-22 18:59:08', 'SYSTEM', 329, 330, NULL, 1),
(166, '2011-03-28 21:10:46', 'SYSTEM', '2011-06-22 18:59:08', 'SYSTEM', 331, 332, NULL, 1),
(167, '2011-03-28 21:10:46', 'SYSTEM', '2011-06-22 18:59:08', 'SYSTEM', 333, 334, NULL, 1),
(168, '2011-03-28 21:10:46', 'SYSTEM', '2011-06-22 18:59:08', 'SYSTEM', 335, 336, NULL, 1),
(169, '2011-03-28 21:10:46', 'SYSTEM', '2011-06-22 18:59:08', 'SYSTEM', 337, 338, NULL, 1),
(170, '2011-03-28 21:10:46', 'SYSTEM', '2011-06-22 18:59:08', 'SYSTEM', 339, 340, NULL, 1),
(171, '2011-03-28 21:14:48', 'SYSTEM', '2011-06-26 10:17:03', 'SYSTEM', 341, 342, NULL, 1),
(172, '2011-03-28 21:14:48', 'SYSTEM', '2011-06-26 10:17:03', 'SYSTEM', 343, 344, NULL, 1),
(173, '2011-03-28 21:14:48', 'SYSTEM', '2011-06-26 10:17:03', 'SYSTEM', 345, 346, NULL, 1),
(174, '2011-03-28 21:14:48', 'SYSTEM', '2011-06-26 10:17:03', 'SYSTEM', 347, 348, NULL, 1),
(175, '2011-03-28 21:14:48', 'SYSTEM', '2011-06-26 10:17:03', 'SYSTEM', 349, 350, NULL, 1),
(176, '2011-03-28 21:14:48', 'SYSTEM', '2011-06-26 10:17:03', 'SYSTEM', 351, 352, NULL, 1),
(177, '2011-03-29 05:47:12', 'SYSTEM', '2011-07-08 12:02:48', 'SYSTEM', 353, 354, NULL, 1),
(178, '2011-03-29 05:47:12', 'SYSTEM', '2011-07-08 12:02:48', 'SYSTEM', 355, 356, NULL, 1),
(179, '2011-03-29 05:47:12', 'SYSTEM', '2011-07-08 12:02:48', 'SYSTEM', 357, 358, NULL, 1),
(180, '2011-03-29 05:47:12', 'SYSTEM', '2011-07-08 12:02:48', 'SYSTEM', 359, 360, NULL, 1),
(181, '2011-03-29 05:47:12', 'SYSTEM', '2011-07-08 12:02:48', 'SYSTEM', 361, 362, NULL, 1),
(182, '2011-03-29 05:47:12', 'SYSTEM', '2011-07-08 12:02:48', 'SYSTEM', 363, 364, NULL, 1),
(183, '2011-03-29 05:48:11', 'SYSTEM', '2011-07-14 21:54:53', 'SYSTEM', 365, 366, NULL, 1),
(184, '2011-03-29 05:48:11', 'SYSTEM', '2011-07-14 21:54:53', 'SYSTEM', 367, 368, NULL, 1),
(185, '2011-03-29 05:48:11', 'SYSTEM', '2011-07-14 21:54:53', 'SYSTEM', 369, 370, NULL, 1),
(186, '2011-03-29 05:48:11', 'SYSTEM', '2011-07-14 21:54:53', 'SYSTEM', 371, 372, NULL, 1),
(187, '2011-03-29 05:48:11', 'SYSTEM', '2011-07-14 21:54:53', 'SYSTEM', 373, 374, NULL, 1),
(188, '2011-03-29 05:48:11', 'SYSTEM', '2011-07-14 21:54:53', 'SYSTEM', 375, 376, NULL, 1),
(189, '2011-03-29 05:50:43', 'SYSTEM', '2011-07-15 21:53:43', 'SYSTEM', 377, 378, NULL, 1),
(190, '2011-03-29 05:50:43', 'SYSTEM', '2011-07-15 21:53:43', 'SYSTEM', 379, 380, NULL, 1),
(191, '2011-03-29 05:50:43', 'SYSTEM', '2011-07-15 21:53:43', 'SYSTEM', 381, 382, NULL, 1),
(192, '2011-03-29 05:50:43', 'SYSTEM', '2011-07-15 21:53:43', 'SYSTEM', 383, 384, NULL, 1),
(193, '2011-03-29 05:50:43', 'SYSTEM', '2011-07-15 21:53:43', 'SYSTEM', 385, 386, NULL, 1),
(194, '2011-03-29 05:50:43', 'SYSTEM', '2011-07-15 21:53:43', 'SYSTEM', 387, 388, NULL, 1),
(195, '2011-03-29 05:51:24', 'SYSTEM', '2011-07-23 05:31:18', 'SYSTEM', 389, 390, NULL, 1),
(196, '2011-03-29 05:51:24', 'SYSTEM', '2011-07-23 05:31:18', 'SYSTEM', 391, 392, NULL, 1),
(197, '2011-03-29 05:51:24', 'SYSTEM', '2011-07-23 05:31:18', 'SYSTEM', 393, 394, NULL, 1),
(198, '2011-03-29 05:51:24', 'SYSTEM', '2011-07-23 05:31:19', 'SYSTEM', 395, 396, NULL, 1),
(199, '2011-03-29 05:51:24', 'SYSTEM', '2011-07-23 05:31:19', 'SYSTEM', 397, 398, NULL, 1),
(200, '2011-03-29 05:51:24', 'SYSTEM', '2011-07-23 05:31:19', 'SYSTEM', 399, 400, NULL, 1),
(201, '2011-03-29 05:52:07', 'SYSTEM', '2011-07-29 21:06:57', 'SYSTEM', 401, 402, NULL, 1),
(202, '2011-03-29 05:52:07', 'SYSTEM', '2011-07-29 21:06:57', 'SYSTEM', 403, 404, NULL, 1),
(203, '2011-03-29 05:52:07', 'SYSTEM', '2011-07-29 21:06:57', 'SYSTEM', 405, 406, NULL, 1),
(204, '2011-03-29 05:52:07', 'SYSTEM', '2011-07-29 21:06:57', 'SYSTEM', 407, 408, NULL, 1),
(205, '2011-03-29 05:52:07', 'SYSTEM', '2011-07-29 21:06:57', 'SYSTEM', 409, 410, NULL, 1),
(206, '2011-03-29 05:52:07', 'SYSTEM', '2011-07-29 21:06:57', 'SYSTEM', 411, 412, NULL, 1),
(207, '2011-03-29 05:52:59', 'SYSTEM', '2011-08-10 21:24:43', 'SYSTEM', 413, 414, NULL, 1),
(208, '2011-03-29 05:52:59', 'SYSTEM', '2011-08-10 21:24:43', 'SYSTEM', 415, 416, NULL, 1),
(209, '2011-03-29 05:52:59', 'SYSTEM', '2011-08-10 21:24:43', 'SYSTEM', 417, 418, NULL, 1),
(210, '2011-03-29 05:52:59', 'SYSTEM', '2011-08-10 21:24:43', 'SYSTEM', 419, 420, NULL, 1),
(211, '2011-03-29 05:52:59', 'SYSTEM', '2011-08-10 21:24:43', 'SYSTEM', 421, 422, NULL, 1),
(212, '2011-03-29 05:52:59', 'SYSTEM', '2011-08-10 21:24:43', 'SYSTEM', 423, 424, NULL, 1),
(213, '2011-03-29 05:54:37', 'SYSTEM', '2011-08-15 20:28:04', 'SYSTEM', 425, 426, NULL, 1),
(214, '2011-03-29 05:54:37', 'SYSTEM', '2011-08-15 20:28:04', 'SYSTEM', 427, 428, NULL, 1),
(215, '2011-03-29 05:54:37', 'SYSTEM', '2011-08-15 20:28:04', 'SYSTEM', 429, 430, NULL, 1),
(216, '2011-03-29 05:54:37', 'SYSTEM', '2011-08-15 20:28:04', 'SYSTEM', 431, 432, NULL, 1),
(217, '2011-03-29 05:54:37', 'SYSTEM', '2011-08-15 20:28:04', 'SYSTEM', 433, 434, NULL, 1),
(218, '2011-03-29 05:54:37', 'SYSTEM', '2011-08-15 20:28:04', 'SYSTEM', 435, 436, NULL, 1),
(219, '2011-03-29 05:55:49', 'SYSTEM', '2011-08-25 21:47:14', 'SYSTEM', 437, 438, NULL, 1),
(220, '2011-03-29 05:55:49', 'SYSTEM', '2011-08-25 21:47:14', 'SYSTEM', 439, 440, NULL, 1),
(221, '2011-03-29 05:55:49', 'SYSTEM', '2011-08-25 21:47:14', 'SYSTEM', 441, 442, NULL, 1),
(222, '2011-03-29 05:55:49', 'SYSTEM', '2011-08-25 21:47:14', 'SYSTEM', 443, 444, NULL, 1),
(223, '2011-03-29 05:55:49', 'SYSTEM', '2011-08-25 21:47:14', 'SYSTEM', 445, 446, NULL, 1),
(224, '2011-03-29 05:55:49', 'SYSTEM', '2011-08-25 21:47:14', 'SYSTEM', 447, 448, NULL, 1),
(225, '2011-03-29 05:56:24', 'SYSTEM', '2011-08-27 22:41:19', 'SYSTEM', 449, 450, NULL, 1),
(226, '2011-03-29 05:56:24', 'SYSTEM', '2011-08-27 22:41:19', 'SYSTEM', 451, 452, NULL, 1),
(227, '2011-03-29 05:56:24', 'SYSTEM', '2011-08-27 22:41:19', 'SYSTEM', 453, 454, NULL, 1),
(228, '2011-03-29 05:56:24', 'SYSTEM', '2011-08-27 22:41:19', 'SYSTEM', 455, 456, NULL, 1),
(229, '2011-03-29 05:56:24', 'SYSTEM', '2011-08-27 22:41:19', 'SYSTEM', 457, 458, NULL, 1),
(230, '2011-03-29 05:56:24', 'SYSTEM', '2011-08-27 22:41:19', 'SYSTEM', 459, 460, NULL, 1),
(231, '2011-03-29 05:57:01', 'SYSTEM', '2011-09-02 20:55:47', 'SYSTEM', 461, 462, NULL, 1),
(232, '2011-03-29 05:57:01', 'SYSTEM', '2011-09-02 20:55:47', 'SYSTEM', 463, 464, NULL, 1),
(233, '2011-03-29 05:57:01', 'SYSTEM', '2011-09-02 20:55:47', 'SYSTEM', 465, 466, NULL, 1),
(234, '2011-03-29 05:57:01', 'SYSTEM', '2011-09-02 20:55:47', 'SYSTEM', 467, 468, NULL, 1),
(235, '2011-03-29 05:57:01', 'SYSTEM', '2011-09-02 20:55:47', 'SYSTEM', 469, 470, NULL, 1),
(236, '2011-03-29 05:57:01', 'SYSTEM', '2011-09-02 20:55:47', 'SYSTEM', 471, 472, NULL, 1),
(237, '2011-03-29 05:57:46', 'SYSTEM', '2011-09-10 06:40:56', 'SYSTEM', 473, 474, NULL, 1),
(238, '2011-03-29 05:57:46', 'SYSTEM', '2011-09-10 06:40:56', 'SYSTEM', 475, 476, NULL, 1),
(239, '2011-03-29 05:57:46', 'SYSTEM', '2011-09-10 06:40:56', 'SYSTEM', 477, 478, NULL, 1),
(240, '2011-03-29 05:57:46', 'SYSTEM', '2011-09-10 06:40:56', 'SYSTEM', 479, 480, NULL, 1),
(241, '2011-03-29 05:57:46', 'SYSTEM', '2011-09-10 06:40:56', 'SYSTEM', 481, 482, NULL, 1),
(242, '2011-03-29 05:57:46', 'SYSTEM', '2011-09-10 06:40:56', 'SYSTEM', 483, 484, NULL, 1),
(243, '2012-03-12 08:12:15', 'SYSTEM', '2012-04-14 12:52:24', 'SYSTEM', 485, 486, NULL, 1),
(244, '2012-03-12 08:12:15', 'SYSTEM', '2012-04-14 12:52:24', 'SYSTEM', 487, 488, NULL, 1),
(245, '2012-03-12 08:12:15', 'SYSTEM', '2012-04-14 12:52:24', 'SYSTEM', 489, 490, NULL, 1),
(246, '2012-03-12 08:12:15', 'SYSTEM', '2012-04-14 12:52:24', 'SYSTEM', 491, 492, NULL, 1),
(247, '2012-03-12 08:12:15', 'SYSTEM', '2012-04-14 12:52:24', 'SYSTEM', 493, 494, NULL, 1),
(248, '2012-03-12 08:12:15', 'SYSTEM', '2012-04-14 12:52:24', 'SYSTEM', 495, 496, NULL, 1),
(249, '2012-03-12 08:12:54', 'SYSTEM', '2012-04-21 16:19:19', 'SYSTEM', 497, 498, NULL, 1),
(250, '2012-03-12 08:12:54', 'SYSTEM', '2012-04-21 16:19:19', 'SYSTEM', 499, 500, NULL, 1),
(251, '2012-03-12 08:12:54', 'SYSTEM', '2012-04-21 16:19:19', 'SYSTEM', 501, 502, NULL, 1),
(252, '2012-03-12 08:12:54', 'SYSTEM', '2012-04-21 16:19:19', 'SYSTEM', 503, 504, NULL, 1),
(253, '2012-03-12 08:12:54', 'SYSTEM', '2012-04-21 16:19:19', 'SYSTEM', 505, 506, NULL, 1),
(254, '2012-03-12 08:12:54', 'SYSTEM', '2012-04-21 16:19:19', 'SYSTEM', 507, 508, NULL, 1),
(255, '2012-03-12 08:13:43', 'SYSTEM', '2012-04-28 08:31:56', 'SYSTEM', 509, 510, NULL, 1),
(256, '2012-03-12 08:13:43', 'SYSTEM', '2012-04-28 08:31:56', 'SYSTEM', 511, 512, NULL, 1),
(257, '2012-03-12 08:13:43', 'SYSTEM', '2012-04-28 08:31:56', 'SYSTEM', 513, 514, NULL, 1),
(258, '2012-03-12 08:13:43', 'SYSTEM', '2012-04-28 08:31:56', 'SYSTEM', 515, 516, NULL, 1),
(259, '2012-03-12 08:13:43', 'SYSTEM', '2012-04-28 08:31:56', 'SYSTEM', 517, 518, NULL, 1),
(260, '2012-03-12 08:13:43', 'SYSTEM', '2012-04-28 08:31:56', 'SYSTEM', 519, 520, NULL, 1),
(261, '2012-03-12 08:14:45', 'SYSTEM', '2012-05-08 16:00:34', 'SYSTEM', 521, 522, NULL, 1),
(262, '2012-03-12 08:14:45', 'SYSTEM', '2012-05-08 16:00:34', 'SYSTEM', 523, 524, NULL, 1),
(263, '2012-03-12 08:14:45', 'SYSTEM', '2012-05-08 16:00:34', 'SYSTEM', 525, 526, NULL, 1),
(264, '2012-03-12 08:14:45', 'SYSTEM', '2012-05-08 16:00:34', 'SYSTEM', 527, 528, NULL, 1),
(265, '2012-03-12 08:14:45', 'SYSTEM', '2012-05-08 16:00:34', 'SYSTEM', 529, 530, NULL, 1),
(266, '2012-03-12 08:14:45', 'SYSTEM', '2012-05-08 16:00:34', 'SYSTEM', 531, 532, NULL, 1),
(267, '2012-03-12 08:15:28', 'SYSTEM', '2012-05-12 07:23:39', 'SYSTEM', 533, 534, NULL, 1),
(268, '2012-03-12 08:15:28', 'SYSTEM', '2012-05-12 07:23:39', 'SYSTEM', 535, 536, NULL, 1),
(269, '2012-03-12 08:15:28', 'SYSTEM', '2012-05-12 07:23:39', 'SYSTEM', 537, 538, NULL, 1),
(270, '2012-03-12 08:15:28', 'SYSTEM', '2012-05-12 07:23:39', 'SYSTEM', 539, 540, NULL, 1),
(271, '2012-03-12 08:15:28', 'SYSTEM', '2012-05-12 07:23:39', 'SYSTEM', 541, 542, NULL, 1),
(272, '2012-03-12 08:15:28', 'SYSTEM', '2012-05-12 07:23:39', 'SYSTEM', 543, 544, NULL, 1),
(273, '2012-03-12 08:17:33', 'SYSTEM', '2012-05-18 21:33:49', 'SYSTEM', 545, 546, NULL, 1),
(274, '2012-03-12 08:17:33', 'SYSTEM', '2012-05-18 21:33:49', 'SYSTEM', 547, 548, NULL, 1),
(275, '2012-03-12 08:17:33', 'SYSTEM', '2012-05-18 21:33:49', 'SYSTEM', 549, 550, NULL, 1),
(276, '2012-03-12 08:17:33', 'SYSTEM', '2012-05-18 21:33:49', 'SYSTEM', 551, 552, NULL, 1),
(277, '2012-03-12 08:17:33', 'SYSTEM', '2012-05-18 21:33:49', 'SYSTEM', 553, 554, NULL, 1),
(278, '2012-03-12 08:17:33', 'SYSTEM', '2012-05-18 21:33:49', 'SYSTEM', 555, 556, NULL, 1),
(279, '2012-03-12 08:18:31', 'SYSTEM', '2012-03-12 08:18:31', 'SYSTEM', 557, 558, NULL, NULL),
(280, '2012-03-12 08:18:31', 'SYSTEM', '2012-03-12 08:18:31', 'SYSTEM', 559, 560, NULL, NULL),
(281, '2012-03-12 08:18:31', 'SYSTEM', '2012-03-12 08:18:31', 'SYSTEM', 561, 562, NULL, NULL),
(282, '2012-03-12 08:18:31', 'SYSTEM', '2012-03-12 08:18:31', 'SYSTEM', 563, 564, NULL, NULL),
(283, '2012-03-12 08:18:31', 'SYSTEM', '2012-03-12 08:18:31', 'SYSTEM', 565, 566, NULL, NULL),
(284, '2012-03-12 08:18:31', 'SYSTEM', '2012-03-12 08:18:31', 'SYSTEM', 567, 568, NULL, NULL),
(285, '2012-03-12 08:18:56', 'SYSTEM', '2012-03-12 08:18:56', 'SYSTEM', 569, 570, NULL, NULL),
(286, '2012-03-12 08:18:56', 'SYSTEM', '2012-03-12 08:18:56', 'SYSTEM', 571, 572, NULL, NULL),
(287, '2012-03-12 08:18:56', 'SYSTEM', '2012-03-12 08:18:56', 'SYSTEM', 573, 574, NULL, NULL),
(288, '2012-03-12 08:18:56', 'SYSTEM', '2012-03-12 08:18:56', 'SYSTEM', 575, 576, NULL, NULL),
(289, '2012-03-12 08:18:56', 'SYSTEM', '2012-03-12 08:18:56', 'SYSTEM', 577, 578, NULL, NULL),
(290, '2012-03-12 08:18:56', 'SYSTEM', '2012-03-12 08:18:56', 'SYSTEM', 579, 580, NULL, NULL),
(291, '2012-03-12 08:21:23', 'SYSTEM', '2012-03-12 08:21:23', 'SYSTEM', 581, 582, NULL, NULL),
(292, '2012-03-12 08:21:23', 'SYSTEM', '2012-03-12 08:21:23', 'SYSTEM', 583, 584, NULL, NULL),
(293, '2012-03-12 08:21:23', 'SYSTEM', '2012-03-12 08:21:23', 'SYSTEM', 585, 586, NULL, NULL),
(294, '2012-03-12 08:21:23', 'SYSTEM', '2012-03-12 08:21:23', 'SYSTEM', 587, 588, NULL, NULL),
(295, '2012-03-12 08:21:23', 'SYSTEM', '2012-03-12 08:21:23', 'SYSTEM', 589, 590, NULL, NULL),
(296, '2012-03-12 08:21:23', 'SYSTEM', '2012-03-12 08:21:23', 'SYSTEM', 591, 592, NULL, NULL),
(297, '2012-03-12 08:21:51', 'SYSTEM', '2012-03-12 08:21:51', 'SYSTEM', 593, 594, NULL, NULL),
(298, '2012-03-12 08:21:51', 'SYSTEM', '2012-03-12 08:21:51', 'SYSTEM', 595, 596, NULL, NULL),
(299, '2012-03-12 08:21:51', 'SYSTEM', '2012-03-12 08:21:51', 'SYSTEM', 597, 598, NULL, NULL),
(300, '2012-03-12 08:21:51', 'SYSTEM', '2012-03-12 08:21:51', 'SYSTEM', 599, 600, NULL, NULL),
(301, '2012-03-12 08:21:51', 'SYSTEM', '2012-03-12 08:21:51', 'SYSTEM', 601, 602, NULL, NULL),
(302, '2012-03-12 08:21:51', 'SYSTEM', '2012-03-12 08:21:51', 'SYSTEM', 603, 604, NULL, NULL),
(303, '2012-03-12 08:22:19', 'SYSTEM', '2012-03-20 20:00:36', 'SYSTEM', 605, 606, NULL, NULL),
(304, '2012-03-12 08:22:19', 'SYSTEM', '2012-03-20 20:00:36', 'SYSTEM', 607, 608, NULL, NULL),
(305, '2012-03-12 08:22:19', 'SYSTEM', '2012-03-20 20:00:36', 'SYSTEM', 609, 610, NULL, NULL),
(306, '2012-03-12 08:22:19', 'SYSTEM', '2012-03-20 20:00:36', 'SYSTEM', 611, 612, NULL, NULL),
(307, '2012-03-12 08:22:19', 'SYSTEM', '2012-03-20 20:00:36', 'SYSTEM', 613, 614, NULL, NULL),
(308, '2012-03-12 08:22:19', 'SYSTEM', '2012-03-20 20:00:36', 'SYSTEM', 615, 616, NULL, NULL),
(309, '2012-03-12 08:22:46', 'SYSTEM', '2012-03-12 08:22:46', 'SYSTEM', 617, 618, NULL, NULL),
(310, '2012-03-12 08:22:46', 'SYSTEM', '2012-03-12 08:22:46', 'SYSTEM', 619, 620, NULL, NULL),
(311, '2012-03-12 08:22:46', 'SYSTEM', '2012-03-12 08:22:46', 'SYSTEM', 621, 622, NULL, NULL),
(312, '2012-03-12 08:22:46', 'SYSTEM', '2012-03-12 08:22:46', 'SYSTEM', 623, 624, NULL, NULL),
(313, '2012-03-12 08:22:46', 'SYSTEM', '2012-03-12 08:22:46', 'SYSTEM', 625, 626, NULL, NULL),
(314, '2012-03-12 08:22:46', 'SYSTEM', '2012-03-12 08:22:46', 'SYSTEM', 627, 628, NULL, NULL),
(315, '2012-03-12 08:23:35', 'SYSTEM', '2012-03-12 08:23:35', 'SYSTEM', 629, 630, NULL, NULL),
(316, '2012-03-12 08:23:35', 'SYSTEM', '2012-03-12 08:23:35', 'SYSTEM', 631, 632, NULL, NULL),
(317, '2012-03-12 08:23:35', 'SYSTEM', '2012-03-12 08:23:35', 'SYSTEM', 633, 634, NULL, NULL),
(318, '2012-03-12 08:23:35', 'SYSTEM', '2012-03-12 08:23:35', 'SYSTEM', 635, 636, NULL, NULL),
(319, '2012-03-12 08:23:35', 'SYSTEM', '2012-03-12 08:23:35', 'SYSTEM', 637, 638, NULL, NULL),
(320, '2012-03-12 08:23:35', 'SYSTEM', '2012-03-12 08:23:35', 'SYSTEM', 639, 640, NULL, NULL),
(321, '2012-03-12 08:24:01', 'SYSTEM', '2012-03-12 08:24:01', 'SYSTEM', 641, 642, NULL, NULL),
(322, '2012-03-12 08:24:01', 'SYSTEM', '2012-03-12 08:24:01', 'SYSTEM', 643, 644, NULL, NULL),
(323, '2012-03-12 08:24:01', 'SYSTEM', '2012-03-12 08:24:01', 'SYSTEM', 645, 646, NULL, NULL),
(324, '2012-03-12 08:24:01', 'SYSTEM', '2012-03-12 08:24:01', 'SYSTEM', 647, 648, NULL, NULL),
(325, '2012-03-12 08:24:01', 'SYSTEM', '2012-03-12 08:24:01', 'SYSTEM', 649, 650, NULL, NULL),
(326, '2012-03-12 08:24:01', 'SYSTEM', '2012-03-12 08:24:01', 'SYSTEM', 651, 652, NULL, NULL),
(327, '2012-03-12 08:24:36', 'SYSTEM', '2012-03-12 08:24:36', 'SYSTEM', 653, 654, NULL, NULL),
(328, '2012-03-12 08:24:36', 'SYSTEM', '2012-03-12 08:24:36', 'SYSTEM', 655, 656, NULL, NULL),
(329, '2012-03-12 08:24:36', 'SYSTEM', '2012-03-12 08:24:36', 'SYSTEM', 657, 658, NULL, NULL),
(330, '2012-03-12 08:24:36', 'SYSTEM', '2012-03-12 08:24:36', 'SYSTEM', 659, 660, NULL, NULL),
(331, '2012-03-12 08:24:36', 'SYSTEM', '2012-03-12 08:24:36', 'SYSTEM', 661, 662, NULL, NULL),
(332, '2012-03-12 08:24:36', 'SYSTEM', '2012-03-12 08:24:36', 'SYSTEM', 663, 664, NULL, NULL),
(333, '2012-03-12 08:25:05', 'SYSTEM', '2012-03-12 08:25:05', 'SYSTEM', 665, 666, NULL, NULL),
(334, '2012-03-12 08:25:05', 'SYSTEM', '2012-03-12 08:25:05', 'SYSTEM', 667, 668, NULL, NULL),
(335, '2012-03-12 08:25:05', 'SYSTEM', '2012-03-12 08:25:05', 'SYSTEM', 669, 670, NULL, NULL),
(336, '2012-03-12 08:25:05', 'SYSTEM', '2012-03-12 08:25:05', 'SYSTEM', 671, 672, NULL, NULL),
(337, '2012-03-12 08:25:05', 'SYSTEM', '2012-03-12 08:25:05', 'SYSTEM', 673, 674, NULL, NULL),
(338, '2012-03-12 08:25:05', 'SYSTEM', '2012-03-12 08:25:05', 'SYSTEM', 675, 676, NULL, NULL),
(339, '2012-03-12 08:25:31', 'SYSTEM', '2012-03-20 20:01:23', 'SYSTEM', 677, 678, NULL, NULL),
(340, '2012-03-12 08:25:31', 'SYSTEM', '2012-03-20 20:01:23', 'SYSTEM', 679, 680, NULL, NULL),
(341, '2012-03-12 08:25:31', 'SYSTEM', '2012-03-20 20:01:23', 'SYSTEM', 681, 682, NULL, NULL),
(342, '2012-03-12 08:25:31', 'SYSTEM', '2012-03-20 20:01:23', 'SYSTEM', 683, 684, NULL, NULL),
(343, '2012-03-12 08:25:31', 'SYSTEM', '2012-03-20 20:01:23', 'SYSTEM', 685, 686, NULL, NULL),
(344, '2012-03-12 08:25:31', 'SYSTEM', '2012-03-20 20:01:23', 'SYSTEM', 687, 688, NULL, NULL),
(345, '2012-03-12 08:25:55', 'SYSTEM', '2012-03-12 08:25:55', 'SYSTEM', 689, 690, NULL, NULL),
(346, '2012-03-12 08:25:55', 'SYSTEM', '2012-03-12 08:25:55', 'SYSTEM', 691, 692, NULL, NULL),
(347, '2012-03-12 08:25:55', 'SYSTEM', '2012-03-12 08:25:55', 'SYSTEM', 693, 694, NULL, NULL),
(348, '2012-03-12 08:25:55', 'SYSTEM', '2012-03-12 08:25:55', 'SYSTEM', 695, 696, NULL, NULL),
(349, '2012-03-12 08:25:55', 'SYSTEM', '2012-03-12 08:25:55', 'SYSTEM', 697, 698, NULL, NULL),
(350, '2012-03-12 08:25:55', 'SYSTEM', '2012-03-12 08:25:55', 'SYSTEM', 699, 700, NULL, NULL),
(351, '2012-03-12 08:26:32', 'SYSTEM', '2012-03-12 08:26:32', 'SYSTEM', 701, 702, NULL, NULL),
(352, '2012-03-12 08:26:32', 'SYSTEM', '2012-03-12 08:26:32', 'SYSTEM', 703, 704, NULL, NULL),
(353, '2012-03-12 08:26:32', 'SYSTEM', '2012-03-12 08:26:32', 'SYSTEM', 705, 706, NULL, NULL),
(354, '2012-03-12 08:26:32', 'SYSTEM', '2012-03-12 08:26:32', 'SYSTEM', 707, 708, NULL, NULL),
(355, '2012-03-12 08:26:32', 'SYSTEM', '2012-03-12 08:26:32', 'SYSTEM', 709, 710, NULL, NULL),
(356, '2012-03-12 08:26:32', 'SYSTEM', '2012-03-12 08:26:32', 'SYSTEM', 711, 712, NULL, NULL),
(357, '2012-03-12 08:26:57', 'SYSTEM', '2012-03-12 08:26:57', 'SYSTEM', 713, 714, NULL, NULL),
(358, '2012-03-12 08:26:57', 'SYSTEM', '2012-03-12 08:26:57', 'SYSTEM', 715, 716, NULL, NULL),
(359, '2012-03-12 08:26:57', 'SYSTEM', '2012-03-12 08:26:57', 'SYSTEM', 717, 718, NULL, NULL),
(360, '2012-03-12 08:26:57', 'SYSTEM', '2012-03-12 08:26:57', 'SYSTEM', 719, 720, NULL, NULL),
(361, '2012-03-12 08:26:57', 'SYSTEM', '2012-03-12 08:26:57', 'SYSTEM', 721, 722, NULL, NULL),
(362, '2012-03-12 08:26:57', 'SYSTEM', '2012-03-12 08:26:57', 'SYSTEM', 723, 724, NULL, NULL),
(363, '2012-03-12 08:27:24', 'SYSTEM', '2012-03-12 08:27:24', 'SYSTEM', 725, 726, NULL, NULL),
(364, '2012-03-12 08:27:24', 'SYSTEM', '2012-03-12 08:27:24', 'SYSTEM', 727, 728, NULL, NULL),
(365, '2012-03-12 08:27:24', 'SYSTEM', '2012-03-12 08:27:24', 'SYSTEM', 729, 730, NULL, NULL),
(366, '2012-03-12 08:27:24', 'SYSTEM', '2012-03-12 08:27:24', 'SYSTEM', 731, 732, NULL, NULL),
(367, '2012-03-12 08:27:24', 'SYSTEM', '2012-03-12 08:27:24', 'SYSTEM', 733, 734, NULL, NULL),
(368, '2012-03-12 08:27:24', 'SYSTEM', '2012-03-12 08:27:24', 'SYSTEM', 735, 736, NULL, NULL),
(369, '2012-03-12 08:28:06', 'SYSTEM', '2012-03-12 08:28:06', 'SYSTEM', 737, 738, NULL, NULL),
(370, '2012-03-12 08:28:06', 'SYSTEM', '2012-03-12 08:28:06', 'SYSTEM', 739, 740, NULL, NULL),
(371, '2012-03-12 08:28:06', 'SYSTEM', '2012-03-12 08:28:06', 'SYSTEM', 741, 742, NULL, NULL),
(372, '2012-03-12 08:28:06', 'SYSTEM', '2012-03-12 08:28:06', 'SYSTEM', 743, 744, NULL, NULL),
(373, '2012-03-12 08:28:06', 'SYSTEM', '2012-03-12 08:28:06', 'SYSTEM', 745, 746, NULL, NULL),
(374, '2012-03-12 08:28:06', 'SYSTEM', '2012-03-12 08:28:06', 'SYSTEM', 747, 748, NULL, NULL);

-- --------------------------------------------------------

--
-- Table structure for table `STJ_TEAM_SCHEDULE`
--

DROP TABLE IF EXISTS `STJ_TEAM_SCHEDULE`;
CREATE TABLE IF NOT EXISTS `STJ_TEAM_SCHEDULE` (
  `TEAM_SCHEDULE_ID` int(11) NOT NULL AUTO_INCREMENT,
  `TEAM_ID` int(10) DEFAULT NULL,
  `WEEK_ID` int(10) DEFAULT NULL,
  PRIMARY KEY (`TEAM_SCHEDULE_ID`)
) ENGINE=MyISAM  DEFAULT CHARSET=latin1 AUTO_INCREMENT=23 ;

--
-- Dumping data for table `STJ_TEAM_SCHEDULE`
--

INSERT INTO `STJ_TEAM_SCHEDULE` (`TEAM_SCHEDULE_ID`, `TEAM_ID`, `WEEK_ID`) VALUES
(1, 6, 45),
(2, 6, 46),
(3, 6, 47),
(4, 6, 48),
(5, 6, 49),
(6, 6, 50),
(7, 6, 51),
(8, 6, 52),
(9, 6, 53),
(10, 6, 54),
(11, 6, 55),
(12, 6, 56),
(13, 6, 57),
(14, 6, 58),
(15, 6, 59),
(16, 6, 60),
(17, 6, 61),
(18, 6, 62),
(19, 6, 63),
(20, 6, 64),
(21, 6, 65),
(22, 6, 66);

-- --------------------------------------------------------

--
-- Table structure for table `STJ_TEAM_SCHEDULE_PLAYERS`
--

DROP TABLE IF EXISTS `STJ_TEAM_SCHEDULE_PLAYERS`;
CREATE TABLE IF NOT EXISTS `STJ_TEAM_SCHEDULE_PLAYERS` (
  `TEAM_SCHEDULE_ID` int(10) NOT NULL DEFAULT '0',
  `PLAYER_ID` int(10) NOT NULL DEFAULT '0',
  PRIMARY KEY (`TEAM_SCHEDULE_ID`,`PLAYER_ID`)
) ENGINE=MyISAM DEFAULT CHARSET=latin1;

--
-- Dumping data for table `STJ_TEAM_SCHEDULE_PLAYERS`
--

INSERT INTO `STJ_TEAM_SCHEDULE_PLAYERS` (`TEAM_SCHEDULE_ID`, `PLAYER_ID`) VALUES
(1, 40),
(1, 43),
(1, 53),
(1, 120),
(2, 40),
(2, 43),
(2, 44),
(2, 120),
(3, 40),
(3, 43),
(3, 53),
(3, 120),
(4, 43),
(4, 53),
(4, 120),
(4, 135),
(5, 40),
(5, 41),
(5, 53),
(5, 120),
(6, 40),
(6, 41),
(6, 42),
(6, 53),
(7, 40),
(7, 42),
(7, 43),
(7, 53),
(8, 40),
(8, 41),
(8, 42),
(8, 120),
(9, 41),
(9, 42),
(9, 43),
(9, 120),
(10, 40),
(10, 42),
(10, 53),
(10, 120),
(11, 41),
(11, 42),
(11, 43),
(11, 53),
(12, 40),
(12, 41),
(12, 42),
(12, 120),
(13, 40),
(13, 42),
(13, 43),
(13, 53),
(14, 40),
(14, 41),
(14, 53),
(14, 120),
(15, 42),
(15, 43),
(15, 53),
(15, 120),
(16, 40),
(16, 41),
(16, 42),
(16, 43),
(17, 41),
(17, 43),
(17, 53),
(17, 120),
(18, 40),
(18, 42),
(18, 43),
(18, 120),
(19, 40),
(19, 41),
(19, 42),
(19, 53),
(20, 40),
(20, 42),
(20, 43),
(20, 120),
(21, 41),
(21, 42),
(21, 53),
(21, 120),
(22, 40),
(22, 42),
(22, 43),
(22, 53);

-- --------------------------------------------------------

--
-- Table structure for table `STJ_TEAM_SCORE`
--

DROP TABLE IF EXISTS `STJ_TEAM_SCORE`;
CREATE TABLE IF NOT EXISTS `STJ_TEAM_SCORE` (
  `TEAM_SCORE_ID` int(11) NOT NULL AUTO_INCREMENT,
  `CRTN_DT` timestamp NOT NULL DEFAULT CURRENT_TIMESTAMP ON UPDATE CURRENT_TIMESTAMP,
  `CRTN_USER_ID` varchar(8) NOT NULL,
  `LAST_UPTD_DT` timestamp NOT NULL DEFAULT '0000-00-00 00:00:00',
  `LAST_UPTD_USER_ID` varchar(8) NOT NULL,
  `TEAM_ID` int(11) NOT NULL,
  `PLAYER_SCORE_ID_A` int(11) DEFAULT NULL,
  `PLAYER_SCORE_ID_B` int(11) DEFAULT NULL,
  `PLAYER_SCORE_ID_C` int(11) DEFAULT NULL,
  `PLAYER_SCORE_ID_D` int(11) DEFAULT NULL,
  `TEAM_MATCH_ID` int(11) DEFAULT NULL,
  PRIMARY KEY (`TEAM_SCORE_ID`)
) ENGINE=InnoDB  DEFAULT CHARSET=latin1 AUTO_INCREMENT=749 ;

--
-- Dumping data for table `STJ_TEAM_SCORE`
--

INSERT INTO `STJ_TEAM_SCORE` (`TEAM_SCORE_ID`, `CRTN_DT`, `CRTN_USER_ID`, `LAST_UPTD_DT`, `LAST_UPTD_USER_ID`, `TEAM_ID`, `PLAYER_SCORE_ID_A`, `PLAYER_SCORE_ID_B`, `PLAYER_SCORE_ID_C`, `PLAYER_SCORE_ID_D`, `TEAM_MATCH_ID`) VALUES
(1, '2010-05-09 21:05:54', 'SYSTEM', '2011-03-10 17:50:13', 'SYSTEM', 1, 1, 3, 5, 7, NULL),
(2, '2010-05-09 21:05:54', 'SYSTEM', '2011-03-10 17:50:13', 'SYSTEM', 8, 2, 4, 6, 8, NULL),
(3, '2010-05-09 21:05:54', 'SYSTEM', '2011-03-10 17:50:13', 'SYSTEM', 9, 9, 11, 13, 15, NULL),
(4, '2010-05-09 21:05:54', 'SYSTEM', '2011-03-10 17:50:13', 'SYSTEM', 7, 10, 12, 14, 16, NULL),
(5, '2010-05-09 21:05:54', 'SYSTEM', '2011-03-10 17:50:13', 'SYSTEM', 11, 17, 19, 21, 23, NULL),
(6, '2010-05-09 21:05:54', 'SYSTEM', '2011-03-10 17:50:13', 'SYSTEM', 5, 18, 20, 22, 24, NULL),
(7, '2010-05-09 21:05:54', 'SYSTEM', '2011-03-10 17:50:13', 'SYSTEM', 2, 25, 27, 29, 31, NULL),
(8, '2010-05-09 21:05:54', 'SYSTEM', '2011-03-10 17:50:13', 'SYSTEM', 3, 26, 28, 30, 32, NULL),
(9, '2010-05-09 21:05:54', 'SYSTEM', '2011-03-10 17:50:13', 'SYSTEM', 6, 33, 35, 37, 39, NULL),
(10, '2010-05-09 21:05:54', 'SYSTEM', '2011-03-10 17:50:13', 'SYSTEM', 10, 34, 36, 38, 40, NULL),
(11, '2010-05-10 00:06:26', 'SYSTEM', '2010-05-12 07:47:14', 'SYSTEM', 6, 41, 43, 45, 47, NULL),
(12, '2010-05-10 00:06:26', 'SYSTEM', '2010-05-12 07:47:14', 'SYSTEM', 9, 42, 44, 46, 48, NULL),
(13, '2010-05-10 00:06:26', 'SYSTEM', '2010-05-12 07:47:14', 'SYSTEM', 5, 49, 51, 53, 55, NULL),
(14, '2010-05-10 00:06:26', 'SYSTEM', '2010-05-12 07:47:14', 'SYSTEM', 10, 50, 52, 54, 56, NULL),
(15, '2010-05-10 00:06:26', 'SYSTEM', '2010-05-12 07:47:14', 'SYSTEM', 1, 57, 59, 61, 63, NULL),
(16, '2010-05-10 00:06:26', 'SYSTEM', '2010-05-12 07:47:14', 'SYSTEM', 2, 58, 60, 62, 64, NULL),
(17, '2010-05-10 00:06:26', 'SYSTEM', '2010-05-12 07:47:14', 'SYSTEM', 4, 65, 67, 69, 71, NULL),
(18, '2010-05-10 00:06:26', 'SYSTEM', '2010-05-12 07:47:14', 'SYSTEM', 11, 66, 68, 70, 72, NULL),
(19, '2010-05-10 00:06:26', 'SYSTEM', '2010-05-12 07:47:14', 'SYSTEM', 7, 73, 75, 77, 79, NULL),
(20, '2010-05-10 00:06:26', 'SYSTEM', '2010-05-12 07:47:14', 'SYSTEM', 8, 74, 76, 78, 80, NULL),
(21, '2010-05-10 00:06:52', 'SYSTEM', '2010-05-13 20:11:53', 'SYSTEM', 10, 81, 83, 85, 87, NULL),
(22, '2010-05-10 00:06:52', 'SYSTEM', '2010-05-13 20:11:53', 'SYSTEM', 4, 82, 84, 86, 88, NULL),
(23, '2010-05-10 00:06:52', 'SYSTEM', '2010-05-13 20:11:53', 'SYSTEM', 11, 89, 91, 93, 95, NULL),
(24, '2010-05-10 00:06:52', 'SYSTEM', '2010-05-13 20:11:53', 'SYSTEM', 3, 90, 92, 94, 96, NULL),
(25, '2010-05-10 00:06:52', 'SYSTEM', '2010-05-13 20:11:53', 'SYSTEM', 7, 113, 115, 117, 119, NULL),
(26, '2010-05-10 00:06:52', 'SYSTEM', '2010-05-13 20:11:53', 'SYSTEM', 1, 114, 116, 118, 120, NULL),
(27, '2010-05-10 00:06:52', 'SYSTEM', '2010-05-13 20:11:53', 'SYSTEM', 8, 97, 99, 101, 103, NULL),
(28, '2010-05-10 00:06:52', 'SYSTEM', '2010-05-13 20:11:53', 'SYSTEM', 6, 98, 100, 102, 104, NULL),
(29, '2010-05-10 00:06:52', 'SYSTEM', '2010-05-13 20:11:53', 'SYSTEM', 9, 105, 107, 109, 111, NULL),
(30, '2010-05-10 00:06:52', 'SYSTEM', '2010-05-13 20:11:53', 'SYSTEM', 5, 106, 108, 110, 112, NULL),
(31, '2010-05-10 00:07:14', 'SYSTEM', '2010-05-20 21:03:44', 'SYSTEM', 10, 121, 123, 125, 127, NULL),
(32, '2010-05-10 00:07:14', 'SYSTEM', '2010-05-20 21:03:44', 'SYSTEM', 2, 122, 124, 126, 128, NULL),
(33, '2010-05-10 00:07:14', 'SYSTEM', '2010-05-20 21:03:44', 'SYSTEM', 1, 129, 131, 133, 135, NULL),
(34, '2010-05-10 00:07:14', 'SYSTEM', '2010-05-20 21:03:44', 'SYSTEM', 6, 130, 132, 134, 136, NULL),
(35, '2010-05-10 00:07:14', 'SYSTEM', '2010-05-20 21:03:44', 'SYSTEM', 9, 137, 139, 141, 143, NULL),
(36, '2010-05-10 00:07:14', 'SYSTEM', '2010-05-20 21:03:44', 'SYSTEM', 3, 138, 140, 142, 144, NULL),
(37, '2010-05-10 00:07:14', 'SYSTEM', '2010-05-20 21:03:44', 'SYSTEM', 8, 145, 147, 149, 151, NULL),
(38, '2010-05-10 00:07:14', 'SYSTEM', '2010-05-20 21:03:44', 'SYSTEM', 4, 146, 148, 150, 152, NULL),
(39, '2010-05-10 00:07:14', 'SYSTEM', '2010-05-20 21:03:44', 'SYSTEM', 7, 153, 155, 157, 159, NULL),
(40, '2010-05-10 00:07:14', 'SYSTEM', '2010-05-20 21:03:44', 'SYSTEM', 5, 154, 156, 158, 160, NULL),
(41, '2010-05-16 00:45:45', 'SYSTEM', '2010-05-23 10:38:05', 'SYSTEM', 11, 161, 163, 165, 167, NULL),
(42, '2010-05-16 00:45:45', 'SYSTEM', '2010-05-23 10:38:05', 'SYSTEM', 9, 162, 164, 166, 168, NULL),
(43, '2010-05-16 00:45:45', 'SYSTEM', '2010-05-23 10:38:05', 'SYSTEM', 3, 169, 171, 173, 175, NULL),
(44, '2010-05-16 00:45:45', 'SYSTEM', '2010-05-23 10:38:05', 'SYSTEM', 6, 170, 172, 174, 176, NULL),
(45, '2010-05-16 00:45:45', 'SYSTEM', '2010-05-23 10:38:05', 'SYSTEM', 4, 177, 179, 181, 183, NULL),
(46, '2010-05-16 00:45:45', 'SYSTEM', '2010-05-23 10:38:05', 'SYSTEM', 5, 178, 180, 182, 184, NULL),
(47, '2010-05-16 00:45:45', 'SYSTEM', '2010-05-23 10:38:05', 'SYSTEM', 2, 185, 187, 189, 191, NULL),
(48, '2010-05-16 00:45:45', 'SYSTEM', '2010-05-23 10:38:05', 'SYSTEM', 7, 186, 188, 190, 192, NULL),
(49, '2010-05-16 00:45:45', 'SYSTEM', '2010-05-23 10:38:05', 'SYSTEM', 1, 193, 195, 197, 199, NULL),
(50, '2010-05-16 00:45:45', 'SYSTEM', '2010-05-23 10:38:05', 'SYSTEM', 10, 194, 196, 198, 200, NULL),
(51, '2010-05-16 00:46:21', 'SYSTEM', '2010-05-29 14:22:33', 'SYSTEM', 3, 201, 203, 205, 207, NULL),
(52, '2010-05-16 00:46:21', 'SYSTEM', '2010-05-29 14:22:33', 'SYSTEM', 1, 202, 204, 206, 208, NULL),
(53, '2010-05-16 00:46:21', 'SYSTEM', '2010-05-29 14:22:33', 'SYSTEM', 2, 209, 211, 213, 215, NULL),
(54, '2010-05-16 00:46:21', 'SYSTEM', '2010-05-29 14:22:33', 'SYSTEM', 4, 210, 212, 214, 216, NULL),
(55, '2010-05-16 00:46:21', 'SYSTEM', '2010-05-29 14:22:33', 'SYSTEM', 8, 217, 219, 221, 223, NULL),
(56, '2010-05-16 00:46:21', 'SYSTEM', '2010-05-29 14:22:33', 'SYSTEM', 9, 218, 220, 222, 224, NULL),
(57, '2010-05-16 00:46:21', 'SYSTEM', '2010-05-29 14:22:33', 'SYSTEM', 7, 225, 227, 229, 231, NULL),
(58, '2010-05-16 00:46:21', 'SYSTEM', '2010-05-29 14:22:33', 'SYSTEM', 10, 226, 228, 230, 232, NULL),
(59, '2010-05-16 00:46:21', 'SYSTEM', '2010-05-29 14:22:33', 'SYSTEM', 6, 233, 235, 237, 239, NULL),
(60, '2010-05-16 00:46:21', 'SYSTEM', '2010-05-29 14:22:33', 'SYSTEM', 11, 234, 236, 238, 240, NULL),
(61, '2010-05-16 00:46:51', 'SYSTEM', '2010-06-04 21:13:51', 'SYSTEM', 5, 241, 243, 245, 247, NULL),
(62, '2010-05-16 00:46:51', 'SYSTEM', '2010-06-04 21:13:51', 'SYSTEM', 3, 242, 244, 246, 248, NULL),
(63, '2010-05-16 00:46:51', 'SYSTEM', '2010-06-04 21:13:51', 'SYSTEM', 8, 249, 251, 253, 255, NULL),
(64, '2010-05-16 00:46:51', 'SYSTEM', '2010-06-04 21:13:51', 'SYSTEM', 11, 250, 252, 254, 256, NULL),
(65, '2010-05-16 00:46:51', 'SYSTEM', '2010-06-04 21:13:51', 'SYSTEM', 6, 257, 259, 261, 263, NULL),
(66, '2010-05-16 00:46:51', 'SYSTEM', '2010-06-04 21:13:51', 'SYSTEM', 2, 258, 260, 262, 264, NULL),
(67, '2010-05-16 00:46:51', 'SYSTEM', '2010-06-04 21:13:51', 'SYSTEM', 9, 265, 267, 269, 271, NULL),
(68, '2010-05-16 00:46:51', 'SYSTEM', '2010-06-04 21:13:51', 'SYSTEM', 10, 266, 268, 270, 272, NULL),
(69, '2010-05-16 00:46:51', 'SYSTEM', '2010-06-04 21:13:51', 'SYSTEM', 1, 273, 275, 277, 279, NULL),
(70, '2010-05-16 00:46:51', 'SYSTEM', '2010-06-04 21:13:51', 'SYSTEM', 4, 274, 276, 278, 280, NULL),
(71, '2010-05-23 10:44:31', 'SYSTEM', '2010-06-18 15:28:36', 'SYSTEM', 4, 281, 283, 285, 287, NULL),
(72, '2010-05-23 10:44:31', 'SYSTEM', '2010-06-18 15:28:36', 'SYSTEM', 7, 282, 284, 286, 288, NULL),
(73, '2010-05-23 10:44:31', 'SYSTEM', '2010-06-18 15:28:36', 'SYSTEM', 2, 289, 291, 293, 295, NULL),
(74, '2010-05-23 10:44:31', 'SYSTEM', '2010-06-18 15:28:36', 'SYSTEM', 9, 290, 292, 294, 296, NULL),
(75, '2010-05-23 10:44:31', 'SYSTEM', '2010-06-18 15:28:36', 'SYSTEM', 6, 297, 299, 301, 303, NULL),
(76, '2010-05-23 10:44:31', 'SYSTEM', '2010-06-18 15:28:36', 'SYSTEM', 5, 298, 300, 302, 304, NULL),
(77, '2010-05-23 10:44:31', 'SYSTEM', '2010-06-18 15:28:36', 'SYSTEM', 1, 305, 307, 309, 311, NULL),
(78, '2010-05-23 10:44:31', 'SYSTEM', '2010-06-18 15:28:36', 'SYSTEM', 11, 306, 308, 310, 312, NULL),
(79, '2010-05-23 10:44:31', 'SYSTEM', '2010-06-18 15:28:36', 'SYSTEM', 3, 313, 315, 317, 319, NULL),
(80, '2010-05-23 10:44:31', 'SYSTEM', '2010-06-18 15:28:36', 'SYSTEM', 8, 314, 316, 318, 320, NULL),
(81, '2010-05-25 08:42:15', 'SYSTEM', '2010-06-18 22:30:52', 'SYSTEM', 2, 321, 323, 325, 327, NULL),
(82, '2010-05-25 08:42:15', 'SYSTEM', '2010-06-18 22:30:52', 'SYSTEM', 5, 322, 324, 326, 328, NULL),
(83, '2010-05-25 08:42:15', 'SYSTEM', '2010-06-18 22:30:52', 'SYSTEM', 11, 329, 331, 333, 335, NULL),
(84, '2010-05-25 08:42:15', 'SYSTEM', '2010-06-18 22:30:52', 'SYSTEM', 7, 330, 332, 334, 336, NULL),
(85, '2010-05-25 08:42:15', 'SYSTEM', '2010-06-18 22:30:52', 'SYSTEM', 10, 337, 339, 341, 343, NULL),
(86, '2010-05-25 08:42:15', 'SYSTEM', '2010-06-18 22:30:52', 'SYSTEM', 8, 338, 340, 342, 344, NULL),
(87, '2010-05-25 08:42:15', 'SYSTEM', '2010-06-18 22:30:52', 'SYSTEM', 1, 345, 347, 349, 351, NULL),
(88, '2010-05-25 08:42:15', 'SYSTEM', '2010-06-18 22:30:52', 'SYSTEM', 9, 346, 348, 350, 352, NULL),
(89, '2010-05-25 08:42:15', 'SYSTEM', '2010-06-18 22:30:52', 'SYSTEM', 3, 353, 355, 357, 359, NULL),
(90, '2010-05-25 08:42:15', 'SYSTEM', '2010-06-18 22:30:52', 'SYSTEM', 4, 354, 356, 358, 360, NULL),
(91, '2010-05-25 08:42:37', 'SYSTEM', '2010-06-27 12:27:19', 'SYSTEM', 10, 361, 363, 365, 367, NULL),
(92, '2010-05-25 08:42:37', 'SYSTEM', '2010-06-27 12:27:19', 'SYSTEM', 11, 362, 364, 366, 368, NULL),
(93, '2010-05-25 08:42:37', 'SYSTEM', '2010-06-27 12:27:19', 'SYSTEM', 6, 369, 371, 373, 375, NULL),
(94, '2010-05-25 08:42:37', 'SYSTEM', '2010-06-27 12:27:19', 'SYSTEM', 4, 370, 372, 374, 376, NULL),
(95, '2010-05-25 08:42:37', 'SYSTEM', '2010-06-27 12:27:19', 'SYSTEM', 7, 377, 379, 383, 381, NULL),
(96, '2010-05-25 08:42:37', 'SYSTEM', '2010-06-27 12:27:19', 'SYSTEM', 3, 378, 380, 384, 382, NULL),
(97, '2010-05-25 08:42:37', 'SYSTEM', '2010-06-27 12:27:19', 'SYSTEM', 5, 385, 387, 389, 391, NULL),
(98, '2010-05-25 08:42:37', 'SYSTEM', '2010-06-27 12:27:19', 'SYSTEM', 1, 386, 388, 390, 392, NULL),
(99, '2010-05-25 08:42:37', 'SYSTEM', '2010-06-27 12:27:19', 'SYSTEM', 8, 393, 395, 397, 399, NULL),
(100, '2010-05-25 08:42:37', 'SYSTEM', '2010-06-27 12:27:19', 'SYSTEM', 2, 394, 396, 398, 400, NULL),
(101, '2010-05-25 08:42:52', 'SYSTEM', '2010-07-02 21:31:02', 'SYSTEM', 6, 401, 403, 405, 407, NULL),
(102, '2010-05-25 08:42:52', 'SYSTEM', '2010-07-02 21:31:02', 'SYSTEM', 7, 402, 404, 406, 408, NULL),
(103, '2010-05-25 08:42:52', 'SYSTEM', '2010-07-02 21:31:02', 'SYSTEM', 5, 409, 411, 413, 415, NULL),
(104, '2010-05-25 08:42:52', 'SYSTEM', '2010-07-02 21:31:02', 'SYSTEM', 8, 410, 412, 414, 416, NULL),
(105, '2010-05-25 08:42:52', 'SYSTEM', '2010-07-02 21:31:02', 'SYSTEM', 4, 417, 419, 421, 423, NULL),
(106, '2010-05-25 08:42:52', 'SYSTEM', '2010-07-02 21:31:02', 'SYSTEM', 9, 418, 420, 422, 424, NULL),
(107, '2010-05-25 08:42:52', 'SYSTEM', '2010-07-02 21:31:02', 'SYSTEM', 3, 425, 427, 429, 431, NULL),
(108, '2010-05-25 08:42:52', 'SYSTEM', '2010-07-02 21:31:02', 'SYSTEM', 10, 426, 428, 430, 432, NULL),
(109, '2010-05-25 08:42:52', 'SYSTEM', '2010-07-02 21:31:02', 'SYSTEM', 2, 433, 435, 437, 439, NULL),
(110, '2010-05-25 08:42:52', 'SYSTEM', '2010-07-02 21:31:02', 'SYSTEM', 11, 434, 436, 438, 440, NULL),
(111, '2010-05-25 08:43:06', 'SYSTEM', '2010-07-11 17:25:56', 'SYSTEM', 2, 441, 443, 445, 447, NULL),
(112, '2010-05-25 08:43:06', 'SYSTEM', '2010-07-11 17:25:56', 'SYSTEM', 10, 442, 444, 446, 448, NULL),
(113, '2010-05-25 08:43:06', 'SYSTEM', '2010-07-11 17:25:56', 'SYSTEM', 6, 449, 451, 453, 455, NULL),
(114, '2010-05-25 08:43:06', 'SYSTEM', '2010-07-11 17:25:56', 'SYSTEM', 1, 450, 452, 454, 456, NULL),
(115, '2010-05-25 08:43:06', 'SYSTEM', '2010-07-11 17:25:56', 'SYSTEM', 3, 457, 459, 461, 463, NULL),
(116, '2010-05-25 08:43:06', 'SYSTEM', '2010-07-11 17:25:56', 'SYSTEM', 9, 458, 460, 462, 464, NULL),
(117, '2010-05-25 08:43:06', 'SYSTEM', '2010-07-11 17:25:56', 'SYSTEM', 4, 465, 467, 469, 471, NULL),
(118, '2010-05-25 08:43:06', 'SYSTEM', '2010-07-11 17:25:56', 'SYSTEM', 8, 466, 468, 470, 472, NULL),
(119, '2010-05-25 08:43:06', 'SYSTEM', '2010-07-11 17:25:56', 'SYSTEM', 5, 473, 475, 477, 479, NULL),
(120, '2010-05-25 08:43:06', 'SYSTEM', '2010-07-11 17:25:56', 'SYSTEM', 7, 474, 476, 478, 480, NULL),
(121, '2010-05-25 08:43:24', 'SYSTEM', '2010-07-17 11:56:14', 'SYSTEM', 5, 481, 483, 485, 487, NULL),
(122, '2010-05-25 08:43:24', 'SYSTEM', '2010-07-17 11:56:14', 'SYSTEM', 2, 482, 484, 486, 488, NULL),
(123, '2010-05-25 08:43:24', 'SYSTEM', '2010-07-17 11:56:14', 'SYSTEM', 7, 489, 491, 493, 495, NULL),
(124, '2010-05-25 08:43:24', 'SYSTEM', '2010-07-17 11:56:14', 'SYSTEM', 11, 490, 492, 494, 496, NULL),
(125, '2010-05-25 08:43:24', 'SYSTEM', '2010-07-17 11:56:14', 'SYSTEM', 8, 497, 499, 501, 503, NULL),
(126, '2010-05-25 08:43:24', 'SYSTEM', '2010-07-17 11:56:14', 'SYSTEM', 10, 498, 500, 502, 504, NULL),
(127, '2010-05-25 08:43:24', 'SYSTEM', '2010-07-17 11:56:14', 'SYSTEM', 1, 505, 507, 509, 511, NULL),
(128, '2010-05-25 08:43:24', 'SYSTEM', '2010-07-17 11:56:14', 'SYSTEM', 9, 506, 508, 510, 512, NULL),
(129, '2010-05-25 08:43:24', 'SYSTEM', '2010-07-17 11:56:14', 'SYSTEM', 4, 513, 515, 517, 519, NULL),
(130, '2010-05-25 08:43:24', 'SYSTEM', '2010-07-17 11:56:14', 'SYSTEM', 3, 514, 516, 518, 520, NULL),
(131, '2010-05-25 08:43:39', 'SYSTEM', '2010-07-23 21:14:18', 'SYSTEM', 1, 521, 523, 525, 527, NULL),
(132, '2010-05-25 08:43:39', 'SYSTEM', '2010-07-23 21:14:18', 'SYSTEM', 8, 522, 524, 526, 528, NULL),
(133, '2010-05-25 08:43:39', 'SYSTEM', '2010-07-23 21:14:18', 'SYSTEM', 7, 529, 531, 533, 535, NULL),
(134, '2010-05-25 08:43:39', 'SYSTEM', '2010-07-23 21:14:18', 'SYSTEM', 9, 530, 532, 534, 536, NULL),
(135, '2010-05-25 08:43:39', 'SYSTEM', '2010-07-23 21:14:18', 'SYSTEM', 5, 537, 539, 541, 543, NULL),
(136, '2010-05-25 08:43:39', 'SYSTEM', '2010-07-23 21:14:18', 'SYSTEM', 11, 538, 540, 542, 544, NULL),
(137, '2010-05-25 08:43:39', 'SYSTEM', '2010-07-23 21:14:18', 'SYSTEM', 3, 545, 547, 549, 551, NULL),
(138, '2010-05-25 08:43:39', 'SYSTEM', '2010-07-23 21:14:18', 'SYSTEM', 2, 546, 548, 550, 552, NULL),
(139, '2010-05-25 08:43:39', 'SYSTEM', '2010-07-23 21:14:18', 'SYSTEM', 6, 553, 555, 557, 559, NULL),
(140, '2010-05-25 08:43:39', 'SYSTEM', '2010-07-23 21:14:18', 'SYSTEM', 10, 554, 556, 558, 560, NULL),
(141, '2010-05-25 08:43:57', 'SYSTEM', '2010-07-30 22:07:07', 'SYSTEM', 1, 561, 563, 565, 567, NULL),
(142, '2010-05-25 08:43:57', 'SYSTEM', '2010-07-30 22:07:07', 'SYSTEM', 3, 562, 564, 566, 568, NULL),
(143, '2010-05-25 08:43:57', 'SYSTEM', '2010-07-30 22:07:07', 'SYSTEM', 2, 569, 571, 573, 575, NULL),
(144, '2010-05-25 08:43:57', 'SYSTEM', '2010-07-30 22:07:07', 'SYSTEM', 4, 570, 572, 574, 576, NULL),
(145, '2010-05-25 08:43:57', 'SYSTEM', '2010-07-30 22:07:07', 'SYSTEM', 9, 577, 579, 581, 583, NULL),
(146, '2010-05-25 08:43:57', 'SYSTEM', '2010-07-30 22:07:07', 'SYSTEM', 8, 578, 580, 582, 584, NULL),
(147, '2010-05-25 08:43:57', 'SYSTEM', '2010-07-30 22:07:07', 'SYSTEM', 10, 585, 587, 589, 591, NULL),
(148, '2010-05-25 08:43:57', 'SYSTEM', '2010-07-30 22:07:07', 'SYSTEM', 7, 586, 588, 590, 592, NULL),
(149, '2010-05-25 08:43:57', 'SYSTEM', '2010-07-30 22:07:07', 'SYSTEM', 11, 593, 595, 597, 599, NULL),
(150, '2010-05-25 08:43:57', 'SYSTEM', '2010-07-30 22:07:07', 'SYSTEM', 6, 594, 596, 598, 600, NULL),
(151, '2010-05-25 08:44:10', 'SYSTEM', '2010-08-08 08:48:59', 'SYSTEM', 4, 601, 603, 605, 607, NULL),
(152, '2010-05-25 08:44:10', 'SYSTEM', '2010-08-08 08:48:59', 'SYSTEM', 10, 602, 604, 606, 608, NULL),
(153, '2010-05-25 08:44:10', 'SYSTEM', '2010-08-08 08:48:59', 'SYSTEM', 3, 609, 611, 613, 615, NULL),
(154, '2010-05-25 08:44:10', 'SYSTEM', '2010-08-08 08:48:59', 'SYSTEM', 11, 610, 612, 614, 616, NULL),
(155, '2010-05-25 08:44:10', 'SYSTEM', '2010-08-08 08:48:59', 'SYSTEM', 1, 617, 619, 621, 623, NULL),
(156, '2010-05-25 08:44:10', 'SYSTEM', '2010-08-08 08:48:59', 'SYSTEM', 7, 618, 620, 622, 624, NULL),
(157, '2010-05-25 08:44:10', 'SYSTEM', '2010-08-08 08:48:59', 'SYSTEM', 6, 625, 627, 629, 631, NULL),
(158, '2010-05-25 08:44:10', 'SYSTEM', '2010-08-08 08:48:59', 'SYSTEM', 8, 626, 628, 630, 632, NULL),
(159, '2010-05-25 08:44:10', 'SYSTEM', '2010-08-08 08:48:59', 'SYSTEM', 5, 633, 635, 637, 639, NULL),
(160, '2010-05-25 08:44:10', 'SYSTEM', '2010-08-08 08:48:59', 'SYSTEM', 9, 634, 636, 638, 640, NULL),
(161, '2010-05-25 08:44:34', 'SYSTEM', '2010-08-16 13:29:42', 'SYSTEM', 9, 641, 643, 645, 647, NULL),
(162, '2010-05-25 08:44:34', 'SYSTEM', '2010-08-16 13:29:42', 'SYSTEM', 11, 642, 644, 646, 648, NULL),
(163, '2010-05-25 08:44:34', 'SYSTEM', '2010-08-16 13:29:42', 'SYSTEM', 6, 649, 651, 653, 655, NULL),
(164, '2010-05-25 08:44:34', 'SYSTEM', '2010-08-16 13:29:42', 'SYSTEM', 3, 650, 652, 654, 656, NULL),
(165, '2010-05-25 08:44:34', 'SYSTEM', '2010-08-16 13:29:42', 'SYSTEM', 5, 657, 659, 661, 663, NULL),
(166, '2010-05-25 08:44:34', 'SYSTEM', '2010-08-16 13:29:42', 'SYSTEM', 4, 658, 660, 662, 664, NULL),
(167, '2010-05-25 08:44:34', 'SYSTEM', '2010-08-16 13:29:42', 'SYSTEM', 7, 665, 667, 669, 671, NULL),
(168, '2010-05-25 08:44:34', 'SYSTEM', '2010-08-16 13:29:42', 'SYSTEM', 2, 666, 668, 670, 672, NULL),
(169, '2010-05-25 08:44:34', 'SYSTEM', '2010-08-16 13:29:42', 'SYSTEM', 10, 673, 675, 677, 679, NULL),
(170, '2010-05-25 08:44:34', 'SYSTEM', '2010-08-16 13:29:42', 'SYSTEM', 1, 674, 676, 678, 680, NULL),
(171, '2010-05-25 08:44:47', 'SYSTEM', '2010-08-21 07:37:24', 'SYSTEM', 3, 681, 683, 685, 687, NULL),
(172, '2010-05-25 08:44:47', 'SYSTEM', '2010-08-21 07:37:24', 'SYSTEM', 5, 682, 684, 686, 688, NULL),
(173, '2010-05-25 08:44:47', 'SYSTEM', '2010-08-21 07:37:24', 'SYSTEM', 8, 689, 691, 693, 695, NULL),
(174, '2010-05-25 08:44:47', 'SYSTEM', '2010-08-21 07:37:24', 'SYSTEM', 11, 690, 692, 694, 696, NULL),
(175, '2010-05-25 08:44:47', 'SYSTEM', '2010-08-21 07:37:24', 'SYSTEM', 2, 705, 707, 709, 711, NULL),
(176, '2010-05-25 08:44:47', 'SYSTEM', '2010-08-21 07:37:24', 'SYSTEM', 6, 706, 708, 710, 712, NULL),
(177, '2010-05-25 08:44:47', 'SYSTEM', '2010-08-21 07:37:24', 'SYSTEM', 10, 713, 715, 717, 719, NULL),
(178, '2010-05-25 08:44:47', 'SYSTEM', '2010-08-21 07:37:24', 'SYSTEM', 9, 714, 716, 718, 720, NULL),
(179, '2010-05-25 08:44:47', 'SYSTEM', '2010-08-21 07:37:24', 'SYSTEM', 1, 697, 699, 701, 703, NULL),
(180, '2010-05-25 08:44:47', 'SYSTEM', '2010-08-21 07:37:24', 'SYSTEM', 4, 698, 700, 702, 704, NULL),
(181, '2010-05-25 08:45:01', 'SYSTEM', '2010-09-03 05:06:56', 'SYSTEM', 11, 721, 723, 725, 727, NULL),
(182, '2010-05-25 08:45:01', 'SYSTEM', '2010-09-03 05:06:56', 'SYSTEM', 10, 722, 724, 726, 728, NULL),
(183, '2010-05-25 08:45:01', 'SYSTEM', '2010-09-03 05:06:56', 'SYSTEM', 4, 729, 731, 733, 735, NULL),
(184, '2010-05-25 08:45:01', 'SYSTEM', '2010-09-03 05:06:56', 'SYSTEM', 6, 730, 732, 734, 736, NULL),
(185, '2010-05-25 08:45:01', 'SYSTEM', '2010-09-03 05:06:56', 'SYSTEM', 3, 737, 739, 741, 743, NULL),
(186, '2010-05-25 08:45:01', 'SYSTEM', '2010-09-03 05:06:56', 'SYSTEM', 7, 738, 740, 742, 744, NULL),
(187, '2010-05-25 08:45:01', 'SYSTEM', '2010-09-03 05:06:56', 'SYSTEM', 1, 745, 747, 749, 751, NULL),
(188, '2010-05-25 08:45:01', 'SYSTEM', '2010-09-03 05:06:56', 'SYSTEM', 5, 746, 748, 750, 752, NULL),
(189, '2010-05-25 08:45:01', 'SYSTEM', '2010-09-03 05:06:56', 'SYSTEM', 2, 753, 755, 757, 759, NULL),
(190, '2010-05-25 08:45:01', 'SYSTEM', '2010-09-03 05:06:56', 'SYSTEM', 8, 754, 756, 758, 760, NULL),
(191, '2010-05-25 08:45:20', 'SYSTEM', '2010-09-03 21:37:47', 'SYSTEM', 8, 761, 763, 765, 767, NULL),
(192, '2010-05-25 08:45:20', 'SYSTEM', '2010-09-03 21:37:47', 'SYSTEM', 7, 762, 764, 766, 768, NULL),
(193, '2010-05-25 08:45:20', 'SYSTEM', '2010-09-03 21:37:47', 'SYSTEM', 10, 769, 771, 773, 775, NULL),
(194, '2010-05-25 08:45:20', 'SYSTEM', '2010-09-03 21:37:47', 'SYSTEM', 5, 770, 772, 774, 776, NULL),
(195, '2010-05-25 08:45:20', 'SYSTEM', '2010-09-03 21:37:47', 'SYSTEM', 2, 777, 779, 781, 783, NULL),
(196, '2010-05-25 08:45:20', 'SYSTEM', '2010-09-03 21:37:47', 'SYSTEM', 1, 778, 780, 782, 784, NULL),
(197, '2010-05-25 08:45:20', 'SYSTEM', '2010-09-03 21:37:47', 'SYSTEM', 11, 785, 787, 789, 791, NULL),
(198, '2010-05-25 08:45:20', 'SYSTEM', '2010-09-03 21:37:47', 'SYSTEM', 4, 786, 788, 790, 792, NULL),
(199, '2010-05-25 08:45:20', 'SYSTEM', '2010-09-09 16:08:00', 'SYSTEM', 9, 793, 795, 797, 799, NULL),
(200, '2010-05-25 08:45:20', 'SYSTEM', '2010-09-09 16:08:00', 'SYSTEM', 6, 794, 796, 798, 800, NULL),
(201, '2010-05-25 08:45:48', 'SYSTEM', '2010-09-10 20:40:12', 'SYSTEM', 7, 801, 803, 805, 807, NULL),
(202, '2010-05-25 08:45:48', 'SYSTEM', '2010-09-10 20:40:12', 'SYSTEM', 4, 802, 804, 806, 808, NULL),
(203, '2010-05-25 08:45:48', 'SYSTEM', '2010-09-10 20:40:12', 'SYSTEM', 9, 809, 811, 813, 815, NULL),
(204, '2010-05-25 08:45:48', 'SYSTEM', '2010-09-10 20:40:12', 'SYSTEM', 2, 810, 812, 814, 816, NULL),
(205, '2010-05-25 08:45:48', 'SYSTEM', '2010-09-10 20:40:12', 'SYSTEM', 6, 817, 819, 821, 823, NULL),
(206, '2010-05-25 08:45:48', 'SYSTEM', '2010-09-10 20:40:12', 'SYSTEM', 5, 818, 820, 822, 824, NULL),
(207, '2010-05-25 08:45:48', 'SYSTEM', '2010-09-10 20:40:12', 'SYSTEM', 1, 825, 827, 829, 831, NULL),
(208, '2010-05-25 08:45:48', 'SYSTEM', '2010-09-10 20:40:12', 'SYSTEM', 11, 826, 828, 830, 832, NULL),
(209, '2010-05-25 08:45:48', 'SYSTEM', '2010-09-10 20:40:12', 'SYSTEM', 8, 833, 835, 837, 839, NULL),
(210, '2010-05-25 08:45:48', 'SYSTEM', '2010-09-10 20:40:12', 'SYSTEM', 3, 834, 836, 838, 840, NULL),
(211, '2010-05-25 08:46:01', 'SYSTEM', '2010-09-17 21:17:25', 'SYSTEM', 7, 841, 843, 845, 847, NULL),
(212, '2010-05-25 08:46:01', 'SYSTEM', '2010-09-17 21:17:25', 'SYSTEM', 6, 842, 844, 846, 848, NULL),
(213, '2010-05-25 08:46:01', 'SYSTEM', '2010-09-17 21:17:25', 'SYSTEM', 8, 849, 851, 853, 855, NULL),
(214, '2010-05-25 08:46:01', 'SYSTEM', '2010-09-17 21:17:25', 'SYSTEM', 5, 850, 852, 854, 856, NULL),
(215, '2010-05-25 08:46:01', 'SYSTEM', '2010-09-17 21:17:25', 'SYSTEM', 9, 857, 859, 861, 863, NULL),
(216, '2010-05-25 08:46:01', 'SYSTEM', '2010-09-17 21:17:25', 'SYSTEM', 4, 858, 860, 862, 864, NULL),
(217, '2010-05-25 08:46:01', 'SYSTEM', '2010-09-17 21:17:25', 'SYSTEM', 10, 873, 875, 877, 879, NULL),
(218, '2010-05-25 08:46:01', 'SYSTEM', '2010-09-17 21:17:25', 'SYSTEM', 3, 874, 876, 878, 880, NULL),
(219, '2010-05-25 08:46:01', 'SYSTEM', '2010-09-17 21:17:25', 'SYSTEM', 11, 865, 867, 869, 871, NULL),
(220, '2010-05-25 08:46:01', 'SYSTEM', '2010-09-17 21:17:25', 'SYSTEM', 2, 866, 868, 870, 872, NULL),
(221, '2011-03-17 00:40:46', 'SYSTEM', '2011-07-28 21:37:31', 'SYSTEM', 6, 1555, 1557, 1559, 1561, NULL),
(222, '2011-03-17 00:40:46', 'SYSTEM', '2011-07-28 21:37:31', 'SYSTEM', 5, 1556, 1558, 1560, 1562, NULL),
(223, '2011-03-17 00:40:46', 'SYSTEM', '2011-07-28 21:37:31', 'SYSTEM', 2, 1505, 1563, 1565, 1567, NULL),
(224, '2011-03-17 00:40:46', 'SYSTEM', '2011-07-28 21:37:31', 'SYSTEM', 1, 1506, 1564, 1566, 1568, NULL),
(225, '2011-03-17 00:40:46', 'SYSTEM', '2011-07-28 21:37:31', 'SYSTEM', 4, 1577, 1579, 1581, 1583, NULL),
(226, '2011-03-17 00:40:46', 'SYSTEM', '2011-07-28 21:37:31', 'SYSTEM', 3, 1578, 1580, 1582, 1584, NULL),
(227, '2011-03-17 00:40:46', 'SYSTEM', '2011-07-28 21:37:31', 'SYSTEM', 9, 1593, 1595, 1597, 1599, NULL),
(228, '2011-03-17 00:40:46', 'SYSTEM', '2011-07-28 21:37:31', 'SYSTEM', 10, 1594, 1596, 1598, 1600, NULL),
(229, '2011-03-17 00:40:46', 'SYSTEM', '2011-07-28 21:37:31', 'SYSTEM', 12, 1569, 1571, 1573, 1575, NULL),
(230, '2011-03-17 00:40:46', 'SYSTEM', '2011-07-28 21:37:31', 'SYSTEM', 11, 1570, 1572, 1574, 1576, NULL),
(231, '2011-03-17 00:40:46', 'SYSTEM', '2011-07-28 21:37:31', 'SYSTEM', 8, 1585, 1587, 1589, 1591, NULL),
(232, '2011-03-17 00:40:46', 'SYSTEM', '2011-07-28 21:37:31', 'SYSTEM', 7, 1586, 1588, 1590, 1592, NULL),
(233, '2011-03-17 23:14:14', 'SYSTEM', '2011-04-23 16:07:29', 'SYSTEM', 3, 881, 883, 885, 887, NULL),
(234, '2011-03-17 23:14:14', 'SYSTEM', '2011-04-23 16:07:29', 'SYSTEM', 12, 882, 884, 886, 888, NULL),
(235, '2011-03-17 23:14:14', 'SYSTEM', '2011-04-23 16:07:29', 'SYSTEM', 5, 889, 891, 893, 895, NULL),
(236, '2011-03-17 23:14:14', 'SYSTEM', '2011-04-23 16:07:29', 'SYSTEM', 4, 890, 892, 894, 896, NULL),
(237, '2011-03-17 23:14:14', 'SYSTEM', '2011-04-23 16:07:29', 'SYSTEM', 2, 905, 907, 909, 911, NULL),
(238, '2011-03-17 23:14:14', 'SYSTEM', '2011-04-23 16:07:29', 'SYSTEM', 6, 906, 908, 910, 912, NULL),
(239, '2011-03-17 23:14:14', 'SYSTEM', '2011-04-23 16:07:29', 'SYSTEM', 11, 913, 915, 917, 919, NULL),
(240, '2011-03-17 23:14:14', 'SYSTEM', '2011-04-23 16:07:29', 'SYSTEM', 9, 914, 916, 918, 920, NULL),
(241, '2011-03-17 23:14:14', 'SYSTEM', '2011-04-23 16:07:29', 'SYSTEM', 8, 897, 899, 901, 903, NULL),
(242, '2011-03-17 23:14:14', 'SYSTEM', '2011-04-23 16:07:29', 'SYSTEM', 10, 898, 900, 902, 904, NULL),
(243, '2011-03-17 23:14:14', 'SYSTEM', '2011-04-23 16:07:29', 'SYSTEM', 7, 921, 923, 925, 927, NULL),
(244, '2011-03-17 23:14:14', 'SYSTEM', '2011-04-23 16:07:29', 'SYSTEM', 1, 922, 924, 926, 928, NULL),
(245, '2011-03-28 20:53:53', 'SYSTEM', '2011-04-30 11:00:34', 'SYSTEM', 4, 929, 931, 933, 935, NULL),
(246, '2011-03-28 20:53:53', 'SYSTEM', '2011-04-30 11:00:34', 'SYSTEM', 11, 930, 932, 934, 936, NULL),
(247, '2011-03-28 20:53:53', 'SYSTEM', '2011-04-30 11:00:34', 'SYSTEM', 3, 937, 939, 941, 943, NULL),
(248, '2011-03-28 20:53:53', 'SYSTEM', '2011-04-30 11:00:34', 'SYSTEM', 9, 938, 940, 942, 944, NULL),
(249, '2011-03-28 20:53:53', 'SYSTEM', '2011-04-30 11:00:34', 'SYSTEM', 10, 953, 955, 957, 959, NULL),
(250, '2011-03-28 20:53:53', 'SYSTEM', '2011-04-30 11:00:34', 'SYSTEM', 1, 954, 956, 958, 960, NULL),
(251, '2011-03-28 20:53:53', 'SYSTEM', '2011-04-30 11:00:34', 'SYSTEM', 12, 961, 963, 965, 967, NULL),
(252, '2011-03-28 20:53:53', 'SYSTEM', '2011-04-30 11:00:34', 'SYSTEM', 5, 962, 964, 966, 968, NULL),
(253, '2011-03-28 20:53:53', 'SYSTEM', '2011-04-30 11:00:34', 'SYSTEM', 7, 945, 947, 949, 951, NULL),
(254, '2011-03-28 20:53:53', 'SYSTEM', '2011-04-30 11:00:34', 'SYSTEM', 6, 946, 948, 950, 952, NULL),
(255, '2011-03-28 20:53:53', 'SYSTEM', '2011-04-30 11:00:34', 'SYSTEM', 2, 969, 971, 973, 975, NULL),
(256, '2011-03-28 20:53:53', 'SYSTEM', '2011-04-30 11:00:34', 'SYSTEM', 8, 970, 972, 974, 976, NULL),
(257, '2011-03-28 20:56:05', 'SYSTEM', '2011-05-07 23:01:55', 'SYSTEM', 2, 977, 979, 981, 983, NULL),
(258, '2011-03-28 20:56:05', 'SYSTEM', '2011-05-07 23:01:55', 'SYSTEM', 9, 978, 980, 982, 984, NULL),
(259, '2011-03-28 20:56:05', 'SYSTEM', '2011-05-07 23:01:55', 'SYSTEM', 12, 985, 987, 989, 991, NULL),
(260, '2011-03-28 20:56:05', 'SYSTEM', '2011-05-07 23:01:55', 'SYSTEM', 7, 986, 988, 990, 992, NULL),
(261, '2011-03-28 20:56:05', 'SYSTEM', '2011-05-07 23:01:55', 'SYSTEM', 8, 1001, 1003, 1005, 1007, NULL),
(262, '2011-03-28 20:56:05', 'SYSTEM', '2011-05-07 23:01:55', 'SYSTEM', 5, 1002, 1004, 1006, 1008, NULL),
(263, '2011-03-28 20:56:05', 'SYSTEM', '2011-05-07 23:01:55', 'SYSTEM', 4, 1009, 1011, 1013, 1015, NULL),
(264, '2011-03-28 20:56:05', 'SYSTEM', '2011-05-07 23:01:55', 'SYSTEM', 10, 1010, 1012, 1014, 1016, NULL),
(265, '2011-03-28 20:56:05', 'SYSTEM', '2011-05-07 23:01:55', 'SYSTEM', 3, 993, 995, 997, 999, NULL),
(266, '2011-03-28 20:56:05', 'SYSTEM', '2011-05-07 23:01:55', 'SYSTEM', 1, 994, 996, 998, 1000, NULL),
(267, '2011-03-28 20:56:05', 'SYSTEM', '2011-05-07 23:01:55', 'SYSTEM', 6, 1017, 1019, 1021, 1023, NULL),
(268, '2011-03-28 20:56:05', 'SYSTEM', '2011-05-07 23:01:55', 'SYSTEM', 11, 1018, 1020, 1022, 1024, NULL),
(269, '2011-03-28 21:02:59', 'SYSTEM', '2011-05-14 07:23:39', 'SYSTEM', 5, 1025, 1027, 1029, 1031, NULL),
(270, '2011-03-28 21:02:59', 'SYSTEM', '2011-05-14 07:23:39', 'SYSTEM', 1, 1026, 1028, 1030, 1032, NULL),
(271, '2011-03-28 21:02:59', 'SYSTEM', '2011-05-14 07:23:39', 'SYSTEM', 8, 1033, 1035, 1037, 1039, NULL),
(272, '2011-03-28 21:02:59', 'SYSTEM', '2011-05-14 07:23:39', 'SYSTEM', 11, 1034, 1036, 1038, 1040, NULL),
(273, '2011-03-28 21:02:59', 'SYSTEM', '2011-05-14 07:23:39', 'SYSTEM', 7, 1049, 1051, 1053, 1055, NULL),
(274, '2011-03-28 21:02:59', 'SYSTEM', '2011-05-14 07:23:39', 'SYSTEM', 9, 1050, 1052, 1054, 1056, NULL),
(275, '2011-03-28 21:02:59', 'SYSTEM', '2011-05-14 07:23:39', 'SYSTEM', 3, 1057, 1059, 1061, 1063, NULL),
(276, '2011-03-28 21:02:59', 'SYSTEM', '2011-05-14 07:23:39', 'SYSTEM', 6, 1058, 1060, 1062, 1064, NULL),
(277, '2011-03-28 21:02:59', 'SYSTEM', '2011-05-14 07:23:39', 'SYSTEM', 4, 1041, 1043, 1045, 1047, NULL),
(278, '2011-03-28 21:02:59', 'SYSTEM', '2011-05-14 07:23:39', 'SYSTEM', 2, 1042, 1044, 1046, 1048, NULL),
(279, '2011-03-28 21:02:59', 'SYSTEM', '2011-05-14 07:23:39', 'SYSTEM', 12, 1065, 1067, 1069, 1071, NULL),
(280, '2011-03-28 21:02:59', 'SYSTEM', '2011-05-14 07:23:39', 'SYSTEM', 10, 1066, 1068, 1070, 1072, NULL),
(281, '2011-03-28 21:05:05', 'SYSTEM', '2011-07-28 21:06:44', 'SYSTEM', 8, 1507, 1509, 1511, 1513, NULL),
(282, '2011-03-28 21:05:05', 'SYSTEM', '2011-07-28 21:06:44', 'SYSTEM', 3, 1508, 1510, 1512, 1514, NULL),
(283, '2011-03-28 21:05:05', 'SYSTEM', '2011-07-28 21:06:44', 'SYSTEM', 6, 1515, 1517, 1519, 1521, NULL),
(284, '2011-03-28 21:05:05', 'SYSTEM', '2011-07-28 21:06:44', 'SYSTEM', 10, 1516, 1518, 1520, 1522, NULL),
(285, '2011-03-28 21:05:05', 'SYSTEM', '2011-07-28 21:06:44', 'SYSTEM', 1, 1531, 1533, 1535, 1537, NULL),
(286, '2011-03-28 21:05:05', 'SYSTEM', '2011-07-28 21:06:44', 'SYSTEM', 11, 1532, 1534, 1536, 1538, NULL),
(287, '2011-03-28 21:05:05', 'SYSTEM', '2011-07-28 21:06:44', 'SYSTEM', 2, 1539, 1541, 1543, 1545, NULL),
(288, '2011-03-28 21:05:05', 'SYSTEM', '2011-07-28 21:06:44', 'SYSTEM', 12, 1540, 1542, 1544, 1546, NULL),
(289, '2011-03-28 21:05:05', 'SYSTEM', '2011-07-28 21:06:44', 'SYSTEM', 5, 1523, 1525, 1527, 1529, NULL),
(290, '2011-03-28 21:05:05', 'SYSTEM', '2011-07-28 21:06:44', 'SYSTEM', 9, 1524, 1526, 1528, 1530, NULL),
(291, '2011-03-28 21:05:05', 'SYSTEM', '2011-07-28 21:06:44', 'SYSTEM', 4, 1547, 1549, 1551, 1553, NULL),
(292, '2011-03-28 21:05:05', 'SYSTEM', '2011-07-28 21:06:44', 'SYSTEM', 7, 1548, 1550, 1552, 1554, NULL),
(293, '2011-03-28 21:08:22', 'SYSTEM', '2011-06-02 15:13:09', 'SYSTEM', 10, 1073, 1075, 1077, 1079, NULL),
(294, '2011-03-28 21:08:22', 'SYSTEM', '2011-06-02 15:13:09', 'SYSTEM', 2, 1074, 1076, 1078, 1080, NULL),
(295, '2011-03-28 21:08:22', 'SYSTEM', '2011-06-02 15:13:09', 'SYSTEM', 5, 1081, 1083, 1085, 1087, NULL),
(296, '2011-03-28 21:08:22', 'SYSTEM', '2011-06-02 15:13:09', 'SYSTEM', 7, 1082, 1084, 1086, 1088, NULL),
(297, '2011-03-28 21:08:22', 'SYSTEM', '2011-06-02 15:13:09', 'SYSTEM', 4, 1097, 1099, 1101, 1103, NULL),
(298, '2011-03-28 21:08:22', 'SYSTEM', '2011-06-02 15:13:09', 'SYSTEM', 12, 1098, 1100, 1102, 1104, NULL),
(299, '2011-03-28 21:08:22', 'SYSTEM', '2011-06-02 15:13:09', 'SYSTEM', 1, 1105, 1107, 1109, 1111, NULL),
(300, '2011-03-28 21:08:22', 'SYSTEM', '2011-06-02 15:13:09', 'SYSTEM', 9, 1106, 1108, 1110, 1112, NULL),
(301, '2011-03-28 21:08:22', 'SYSTEM', '2011-06-02 15:13:09', 'SYSTEM', 3, 1089, 1091, 1093, 1095, NULL),
(302, '2011-03-28 21:08:22', 'SYSTEM', '2011-06-02 15:13:09', 'SYSTEM', 11, 1090, 1092, 1094, 1096, NULL),
(303, '2011-03-28 21:08:22', 'SYSTEM', '2011-06-02 15:13:09', 'SYSTEM', 6, 1113, 1115, 1117, 1119, NULL),
(304, '2011-03-28 21:08:22', 'SYSTEM', '2011-06-02 15:13:09', 'SYSTEM', 8, 1114, 1116, 1118, 1120, NULL),
(305, '2011-03-28 21:09:20', 'SYSTEM', '2011-06-04 06:04:23', 'SYSTEM', 7, 1121, 1123, 1125, 1127, NULL),
(306, '2011-03-28 21:09:20', 'SYSTEM', '2011-06-04 06:04:23', 'SYSTEM', 11, 1122, 1124, 1126, 1128, NULL),
(307, '2011-03-28 21:09:20', 'SYSTEM', '2011-06-04 06:04:23', 'SYSTEM', 9, 1129, 1131, 1133, 1135, NULL),
(308, '2011-03-28 21:09:20', 'SYSTEM', '2011-06-04 06:04:23', 'SYSTEM', 12, 1130, 1132, 1134, 1136, NULL),
(309, '2011-03-28 21:09:20', 'SYSTEM', '2011-06-04 06:04:23', 'SYSTEM', 5, 1145, 1151, 1147, 1149, NULL),
(310, '2011-03-28 21:09:20', 'SYSTEM', '2011-06-04 06:04:23', 'SYSTEM', 10, 1146, 1152, 1148, 1150, NULL),
(311, '2011-03-28 21:09:20', 'SYSTEM', '2011-06-04 06:04:23', 'SYSTEM', 4, 1153, 1155, 1157, 1159, NULL),
(312, '2011-03-28 21:09:20', 'SYSTEM', '2011-06-04 06:04:23', 'SYSTEM', 6, 1154, 1156, 1158, 1160, NULL),
(313, '2011-03-28 21:09:20', 'SYSTEM', '2011-06-04 06:04:23', 'SYSTEM', 1, 1137, 1139, 1141, 1143, NULL),
(314, '2011-03-28 21:09:20', 'SYSTEM', '2011-06-04 06:04:23', 'SYSTEM', 8, 1138, 1140, 1142, 1144, NULL),
(315, '2011-03-28 21:09:20', 'SYSTEM', '2011-06-04 06:04:23', 'SYSTEM', 2, 1161, 1163, 1165, 1167, NULL),
(316, '2011-03-28 21:09:20', 'SYSTEM', '2011-06-04 06:04:23', 'SYSTEM', 3, 1162, 1164, 1166, 1168, NULL),
(317, '2011-03-28 21:10:04', 'SYSTEM', '2011-06-14 10:51:21', 'SYSTEM', 8, 1169, 1171, 1173, 1175, NULL),
(318, '2011-03-28 21:10:04', 'SYSTEM', '2011-06-14 10:51:21', 'SYSTEM', 12, 1170, 1172, 1174, 1176, NULL),
(319, '2011-03-28 21:10:04', 'SYSTEM', '2011-06-14 10:51:21', 'SYSTEM', 1, 1177, 1179, 1181, 1183, NULL),
(320, '2011-03-28 21:10:04', 'SYSTEM', '2011-06-14 10:51:21', 'SYSTEM', 6, 1178, 1180, 1182, 1184, NULL),
(321, '2011-03-28 21:10:04', 'SYSTEM', '2011-06-14 10:51:21', 'SYSTEM', 2, 1193, 1195, 1197, 1199, NULL),
(322, '2011-03-28 21:10:04', 'SYSTEM', '2011-06-14 10:51:21', 'SYSTEM', 11, 1194, 1196, 1198, 1200, NULL),
(323, '2011-03-28 21:10:04', 'SYSTEM', '2011-06-14 10:51:21', 'SYSTEM', 3, 1201, 1203, 1205, 1207, NULL),
(324, '2011-03-28 21:10:04', 'SYSTEM', '2011-06-14 10:51:21', 'SYSTEM', 5, 1202, 1204, 1206, 1208, NULL),
(325, '2011-03-28 21:10:04', 'SYSTEM', '2011-06-14 10:51:21', 'SYSTEM', 7, 1185, 1187, 1189, 1191, NULL),
(326, '2011-03-28 21:10:04', 'SYSTEM', '2011-06-14 10:51:21', 'SYSTEM', 10, 1186, 1188, 1190, 1192, NULL),
(327, '2011-03-28 21:10:04', 'SYSTEM', '2011-06-14 10:51:21', 'SYSTEM', 4, 1209, 1211, 1213, 1215, NULL),
(328, '2011-03-28 21:10:04', 'SYSTEM', '2011-06-14 10:51:21', 'SYSTEM', 9, 1210, 1212, 1214, 1216, NULL),
(329, '2011-03-28 21:10:46', 'SYSTEM', '2011-06-22 18:59:08', 'SYSTEM', 1, 1217, 1219, 1221, 1223, NULL),
(330, '2011-03-28 21:10:46', 'SYSTEM', '2011-06-22 18:59:08', 'SYSTEM', 4, 1218, 1220, 1222, 1224, NULL),
(331, '2011-03-28 21:10:46', 'SYSTEM', '2011-06-22 18:59:08', 'SYSTEM', 3, 1225, 1227, 1229, 1231, NULL),
(332, '2011-03-28 21:10:46', 'SYSTEM', '2011-06-22 18:59:08', 'SYSTEM', 10, 1226, 1228, 1230, 1232, NULL),
(333, '2011-03-28 21:10:46', 'SYSTEM', '2011-06-22 18:59:08', 'SYSTEM', 8, 1241, 1243, 1245, 1247, NULL),
(334, '2011-03-28 21:10:46', 'SYSTEM', '2011-06-22 18:59:08', 'SYSTEM', 9, 1242, 1244, 1246, 1248, NULL),
(335, '2011-03-28 21:10:46', 'SYSTEM', '2011-06-22 18:59:08', 'SYSTEM', 2, 1249, 1251, 1253, 1255, NULL),
(336, '2011-03-28 21:10:46', 'SYSTEM', '2011-06-22 18:59:08', 'SYSTEM', 7, 1250, 1252, 1254, 1256, NULL),
(337, '2011-03-28 21:10:46', 'SYSTEM', '2011-06-22 18:59:08', 'SYSTEM', 6, 1233, 1235, 1237, 1239, NULL),
(338, '2011-03-28 21:10:46', 'SYSTEM', '2011-06-22 18:59:08', 'SYSTEM', 12, 1234, 1236, 1238, 1240, NULL),
(339, '2011-03-28 21:10:46', 'SYSTEM', '2011-06-22 18:59:08', 'SYSTEM', 5, 1257, 1259, 1261, 1263, NULL),
(340, '2011-03-28 21:10:46', 'SYSTEM', '2011-06-22 18:59:08', 'SYSTEM', 11, 1258, 1260, 1262, 1264, NULL),
(341, '2011-03-28 21:14:48', 'SYSTEM', '2011-06-26 10:17:03', 'SYSTEM', 6, 1265, 1267, 1269, 1271, NULL),
(342, '2011-03-28 21:14:48', 'SYSTEM', '2011-06-26 10:17:03', 'SYSTEM', 9, 1266, 1268, 1270, 1272, NULL),
(343, '2011-03-28 21:14:48', 'SYSTEM', '2011-06-26 10:17:03', 'SYSTEM', 4, 1273, 1275, 1277, 1279, NULL),
(344, '2011-03-28 21:14:48', 'SYSTEM', '2011-06-26 10:17:03', 'SYSTEM', 8, 1274, 1276, 1278, 1280, NULL),
(345, '2011-03-28 21:14:48', 'SYSTEM', '2011-06-26 10:17:03', 'SYSTEM', 7, 1289, 1291, 1293, 1295, NULL),
(346, '2011-03-28 21:14:48', 'SYSTEM', '2011-06-26 10:17:03', 'SYSTEM', 3, 1290, 1292, 1294, 1296, NULL),
(347, '2011-03-28 21:14:48', 'SYSTEM', '2011-06-26 10:17:03', 'SYSTEM', 10, 1297, 1299, 1301, 1303, NULL),
(348, '2011-03-28 21:14:48', 'SYSTEM', '2011-06-26 10:17:03', 'SYSTEM', 11, 1298, 1300, 1302, 1304, NULL),
(349, '2011-03-28 21:14:48', 'SYSTEM', '2011-06-26 10:17:03', 'SYSTEM', 2, 1281, 1283, 1285, 1287, NULL),
(350, '2011-03-28 21:14:48', 'SYSTEM', '2011-06-26 10:17:03', 'SYSTEM', 5, 1282, 1284, 1286, 1288, NULL),
(351, '2011-03-28 21:14:48', 'SYSTEM', '2011-06-26 10:17:03', 'SYSTEM', 1, 1305, 1307, 1309, 1311, NULL),
(352, '2011-03-28 21:14:48', 'SYSTEM', '2011-06-26 10:17:03', 'SYSTEM', 12, 1306, 1308, 1310, 1312, NULL),
(353, '2011-03-29 05:47:12', 'SYSTEM', '2011-07-08 12:02:48', 'SYSTEM', 11, 1313, 1315, 1317, 1319, NULL),
(354, '2011-03-29 05:47:12', 'SYSTEM', '2011-07-08 12:02:48', 'SYSTEM', 12, 1314, 1316, 1318, 1320, NULL),
(355, '2011-03-29 05:47:12', 'SYSTEM', '2011-07-08 12:02:48', 'SYSTEM', 5, 1321, 1323, 1325, 1327, NULL),
(356, '2011-03-29 05:47:12', 'SYSTEM', '2011-07-08 12:02:48', 'SYSTEM', 6, 1322, 1324, 1326, 1328, NULL),
(357, '2011-03-29 05:47:12', 'SYSTEM', '2011-07-08 12:02:48', 'SYSTEM', 1, 1337, 1339, 1341, 1343, NULL),
(358, '2011-03-29 05:47:12', 'SYSTEM', '2011-07-08 12:02:48', 'SYSTEM', 2, 1338, 1340, 1342, 1344, NULL),
(359, '2011-03-29 05:47:12', 'SYSTEM', '2011-07-08 12:02:48', 'SYSTEM', 3, 1345, 1347, 1349, 1351, NULL),
(360, '2011-03-29 05:47:12', 'SYSTEM', '2011-07-08 12:02:48', 'SYSTEM', 4, 1346, 1348, 1350, 1352, NULL),
(361, '2011-03-29 05:47:12', 'SYSTEM', '2011-07-08 12:02:48', 'SYSTEM', 9, 1329, 1331, 1333, 1335, NULL),
(362, '2011-03-29 05:47:12', 'SYSTEM', '2011-07-08 12:02:48', 'SYSTEM', 10, 1330, 1332, 1334, 1336, NULL),
(363, '2011-03-29 05:47:12', 'SYSTEM', '2011-07-08 12:02:48', 'SYSTEM', 7, 1353, 1355, 1357, 1359, NULL),
(364, '2011-03-29 05:47:12', 'SYSTEM', '2011-07-08 12:02:48', 'SYSTEM', 8, 1354, 1356, 1358, 1360, NULL),
(365, '2011-03-29 05:48:11', 'SYSTEM', '2011-07-14 21:54:53', 'SYSTEM', 10, 1361, 1363, 1365, 1367, NULL),
(366, '2011-03-29 05:48:11', 'SYSTEM', '2011-07-14 21:54:53', 'SYSTEM', 8, 1362, 1364, 1366, 1368, NULL),
(367, '2011-03-29 05:48:11', 'SYSTEM', '2011-07-14 21:54:53', 'SYSTEM', 12, 1369, 1371, 1373, 1375, NULL),
(368, '2011-03-29 05:48:11', 'SYSTEM', '2011-07-14 21:54:53', 'SYSTEM', 3, 1370, 1372, 1374, 1376, NULL),
(369, '2011-03-29 05:48:11', 'SYSTEM', '2011-07-14 21:54:53', 'SYSTEM', 4, 1385, 1387, 1389, 1391, NULL),
(370, '2011-03-29 05:48:11', 'SYSTEM', '2011-07-14 21:54:53', 'SYSTEM', 5, 1386, 1388, 1390, 1392, NULL),
(371, '2011-03-29 05:48:11', 'SYSTEM', '2011-07-14 21:54:53', 'SYSTEM', 6, 1393, 1395, 1397, 1399, NULL),
(372, '2011-03-29 05:48:11', 'SYSTEM', '2011-07-14 21:54:53', 'SYSTEM', 2, 1394, 1396, 1398, 1400, NULL),
(373, '2011-03-29 05:48:11', 'SYSTEM', '2011-07-14 21:54:53', 'SYSTEM', 1, 1377, 1379, 1381, 1383, NULL),
(374, '2011-03-29 05:48:11', 'SYSTEM', '2011-07-14 21:54:53', 'SYSTEM', 7, 1378, 1380, 1382, 1384, NULL),
(375, '2011-03-29 05:48:11', 'SYSTEM', '2011-07-14 21:54:53', 'SYSTEM', 9, 1401, 1403, 1405, 1407, NULL),
(376, '2011-03-29 05:48:11', 'SYSTEM', '2011-07-14 21:54:53', 'SYSTEM', 11, 1402, 1404, 1406, 1408, NULL),
(377, '2011-03-29 05:50:43', 'SYSTEM', '2011-07-15 21:53:43', 'SYSTEM', 6, 1409, 1411, 1413, 1415, NULL),
(378, '2011-03-29 05:50:43', 'SYSTEM', '2011-07-15 21:53:43', 'SYSTEM', 7, 1410, 1412, 1414, 1416, NULL),
(379, '2011-03-29 05:50:43', 'SYSTEM', '2011-07-15 21:53:43', 'SYSTEM', 4, 1417, 1419, 1421, 1423, NULL),
(380, '2011-03-29 05:50:43', 'SYSTEM', '2011-07-15 21:53:43', 'SYSTEM', 11, 1418, 1420, 1422, 1424, NULL),
(381, '2011-03-29 05:50:43', 'SYSTEM', '2011-07-15 21:53:43', 'SYSTEM', 3, 1433, 1435, 1437, 1439, NULL),
(382, '2011-03-29 05:50:43', 'SYSTEM', '2011-07-15 21:53:43', 'SYSTEM', 9, 1434, 1436, 1438, 1440, NULL),
(383, '2011-03-29 05:50:43', 'SYSTEM', '2011-07-15 21:53:43', 'SYSTEM', 1, 1441, 1443, 1445, 1447, NULL),
(384, '2011-03-29 05:50:43', 'SYSTEM', '2011-07-15 21:53:43', 'SYSTEM', 10, 1442, 1444, 1446, 1448, NULL),
(385, '2011-03-29 05:50:43', 'SYSTEM', '2011-07-15 21:53:43', 'SYSTEM', 2, 1425, 1427, 1429, 1431, NULL),
(386, '2011-03-29 05:50:43', 'SYSTEM', '2011-07-15 21:53:43', 'SYSTEM', 8, 1426, 1428, 1430, 1432, NULL),
(387, '2011-03-29 05:50:43', 'SYSTEM', '2011-07-15 21:53:43', 'SYSTEM', 5, 1449, 1451, 1453, 1455, NULL),
(388, '2011-03-29 05:50:43', 'SYSTEM', '2011-07-15 21:53:43', 'SYSTEM', 12, 1450, 1452, 1454, 1456, NULL),
(389, '2011-03-29 05:51:24', 'SYSTEM', '2011-07-23 05:31:18', 'SYSTEM', 1, 1457, 1459, 1461, 1463, NULL),
(390, '2011-03-29 05:51:24', 'SYSTEM', '2011-07-23 05:31:18', 'SYSTEM', 3, 1458, 1460, 1462, 1464, NULL),
(391, '2011-03-29 05:51:24', 'SYSTEM', '2011-07-23 05:31:18', 'SYSTEM', 2, 1465, 1467, 1469, 1471, NULL),
(392, '2011-03-29 05:51:24', 'SYSTEM', '2011-07-23 05:31:18', 'SYSTEM', 9, 1466, 1468, 1470, 1472, NULL),
(393, '2011-03-29 05:51:24', 'SYSTEM', '2011-07-23 05:31:18', 'SYSTEM', 7, 1481, 1483, 1485, 1487, NULL),
(394, '2011-03-29 05:51:24', 'SYSTEM', '2011-07-23 05:31:19', 'SYSTEM', 12, 1482, 1484, 1486, 1488, NULL),
(395, '2011-03-29 05:51:24', 'SYSTEM', '2011-07-23 05:31:19', 'SYSTEM', 5, 1489, 1491, 1493, 1495, NULL),
(396, '2011-03-29 05:51:24', 'SYSTEM', '2011-07-23 05:31:19', 'SYSTEM', 8, 1490, 1492, 1494, 1496, NULL),
(397, '2011-03-29 05:51:24', 'SYSTEM', '2011-07-23 05:31:19', 'SYSTEM', 6, 1473, 1475, 1477, 1479, NULL),
(398, '2011-03-29 05:51:24', 'SYSTEM', '2011-07-23 05:31:19', 'SYSTEM', 11, 1474, 1476, 1478, 1480, NULL),
(399, '2011-03-29 05:51:24', 'SYSTEM', '2011-07-23 05:31:19', 'SYSTEM', 4, 1497, 1499, 1501, 1503, NULL),
(400, '2011-03-29 05:51:24', 'SYSTEM', '2011-07-23 05:31:19', 'SYSTEM', 10, 1498, 1500, 1502, 1504, NULL),
(401, '2011-03-29 05:52:07', 'SYSTEM', '2011-07-29 21:06:57', 'SYSTEM', 2, 1601, 1603, 1605, 1607, NULL),
(402, '2011-03-29 05:52:07', 'SYSTEM', '2011-07-29 21:06:57', 'SYSTEM', 4, 1602, 1604, 1606, 1608, NULL),
(403, '2011-03-29 05:52:07', 'SYSTEM', '2011-07-29 21:06:57', 'SYSTEM', 1, 1609, 1611, 1613, 1615, NULL),
(404, '2011-03-29 05:52:07', 'SYSTEM', '2011-07-29 21:06:57', 'SYSTEM', 5, 1610, 1612, 1614, 1616, NULL),
(405, '2011-03-29 05:52:07', 'SYSTEM', '2011-07-29 21:06:57', 'SYSTEM', 8, 1625, 1627, 1629, 1631, NULL),
(406, '2011-03-29 05:52:07', 'SYSTEM', '2011-07-29 21:06:57', 'SYSTEM', 11, 1626, 1628, 1630, 1632, NULL),
(407, '2011-03-29 05:52:07', 'SYSTEM', '2011-07-29 21:06:57', 'SYSTEM', 9, 1633, 1635, 1637, 1639, NULL),
(408, '2011-03-29 05:52:07', 'SYSTEM', '2011-07-29 21:06:57', 'SYSTEM', 7, 1634, 1636, 1638, 1640, NULL),
(409, '2011-03-29 05:52:07', 'SYSTEM', '2011-07-29 21:06:57', 'SYSTEM', 10, 1617, 1619, 1621, 1623, NULL),
(410, '2011-03-29 05:52:07', 'SYSTEM', '2011-07-29 21:06:57', 'SYSTEM', 12, 1618, 1620, 1622, 1624, NULL),
(411, '2011-03-29 05:52:07', 'SYSTEM', '2011-07-29 21:06:57', 'SYSTEM', 6, 1641, 1643, 1645, 1647, NULL),
(412, '2011-03-29 05:52:07', 'SYSTEM', '2011-07-29 21:06:57', 'SYSTEM', 3, 1642, 1644, 1646, 1648, NULL),
(413, '2011-03-29 05:52:59', 'SYSTEM', '2011-08-10 21:24:43', 'SYSTEM', 5, 1649, 1651, 1653, 1655, NULL),
(414, '2011-03-29 05:52:59', 'SYSTEM', '2011-08-10 21:24:43', 'SYSTEM', 9, 1650, 1652, 1654, 1656, NULL),
(415, '2011-03-29 05:52:59', 'SYSTEM', '2011-08-10 21:24:43', 'SYSTEM', 3, 1657, 1659, 1661, 1663, NULL),
(416, '2011-03-29 05:52:59', 'SYSTEM', '2011-08-10 21:24:43', 'SYSTEM', 8, 1658, 1660, 1662, 1664, NULL),
(417, '2011-03-29 05:52:59', 'SYSTEM', '2011-08-10 21:24:43', 'SYSTEM', 6, 1673, 1675, 1677, 1679, NULL),
(418, '2011-03-29 05:52:59', 'SYSTEM', '2011-08-10 21:24:43', 'SYSTEM', 10, 1674, 1676, 1678, 1680, NULL),
(419, '2011-03-29 05:52:59', 'SYSTEM', '2011-08-10 21:24:43', 'SYSTEM', 1, 1681, 1683, 1685, 1687, NULL),
(420, '2011-03-29 05:52:59', 'SYSTEM', '2011-08-10 21:24:43', 'SYSTEM', 11, 1682, 1684, 1686, 1688, NULL),
(421, '2011-03-29 05:52:59', 'SYSTEM', '2011-08-10 21:24:43', 'SYSTEM', 4, 1665, 1667, 1669, 1671, NULL),
(422, '2011-03-29 05:52:59', 'SYSTEM', '2011-08-10 21:24:43', 'SYSTEM', 7, 1666, 1668, 1670, 1672, NULL),
(423, '2011-03-29 05:52:59', 'SYSTEM', '2011-08-10 21:24:43', 'SYSTEM', 2, 1689, 1691, 1693, 1695, NULL),
(424, '2011-03-29 05:52:59', 'SYSTEM', '2011-08-10 21:24:43', 'SYSTEM', 12, 1690, 1692, 1694, 1696, NULL),
(425, '2011-03-29 05:54:37', 'SYSTEM', '2011-08-15 20:28:04', 'SYSTEM', 3, 1697, 1699, 1701, 1703, NULL),
(426, '2011-03-29 05:54:37', 'SYSTEM', '2011-08-15 20:28:04', 'SYSTEM', 11, 1698, 1700, 1702, 1704, NULL),
(427, '2011-03-29 05:54:37', 'SYSTEM', '2011-08-15 20:28:04', 'SYSTEM', 2, 1705, 1707, 1709, 1711, NULL),
(428, '2011-03-29 05:54:37', 'SYSTEM', '2011-08-15 20:28:04', 'SYSTEM', 10, 1706, 1708, 1710, 1712, NULL),
(429, '2011-03-29 05:54:37', 'SYSTEM', '2011-08-15 20:28:04', 'SYSTEM', 5, 1721, 1723, 1725, 1727, NULL),
(430, '2011-03-29 05:54:37', 'SYSTEM', '2011-08-15 20:28:04', 'SYSTEM', 7, 1722, 1724, 1726, 1728, NULL),
(431, '2011-03-29 05:54:37', 'SYSTEM', '2011-08-15 20:28:04', 'SYSTEM', 4, 1729, 1731, 1733, 1735, NULL),
(432, '2011-03-29 05:54:37', 'SYSTEM', '2011-08-15 20:28:04', 'SYSTEM', 12, 1730, 1732, 1734, 1736, NULL),
(433, '2011-03-29 05:54:37', 'SYSTEM', '2011-08-15 20:28:04', 'SYSTEM', 6, 1713, 1715, 1717, 1719, NULL),
(434, '2011-03-29 05:54:37', 'SYSTEM', '2011-08-15 20:28:04', 'SYSTEM', 8, 1714, 1716, 1718, 1720, NULL),
(435, '2011-03-29 05:54:37', 'SYSTEM', '2011-08-15 20:28:04', 'SYSTEM', 1, 1737, 1739, 1741, 1743, NULL),
(436, '2011-03-29 05:54:37', 'SYSTEM', '2011-08-15 20:28:04', 'SYSTEM', 9, 1738, 1740, 1742, 1744, NULL),
(437, '2011-03-29 05:55:49', 'SYSTEM', '2011-08-25 21:47:14', 'SYSTEM', 1, 1745, 1747, 1749, 1751, NULL),
(438, '2011-03-29 05:55:49', 'SYSTEM', '2011-08-25 21:47:14', 'SYSTEM', 8, 1746, 1748, 1750, 1752, NULL),
(439, '2011-03-29 05:55:49', 'SYSTEM', '2011-08-25 21:47:14', 'SYSTEM', 7, 1753, 1755, 1757, 1759, NULL),
(440, '2011-03-29 05:55:49', 'SYSTEM', '2011-08-25 21:47:14', 'SYSTEM', 11, 1754, 1756, 1758, 1760, NULL),
(441, '2011-03-29 05:55:49', 'SYSTEM', '2011-08-25 21:47:14', 'SYSTEM', 9, 1769, 1771, 1773, 1775, NULL),
(442, '2011-03-29 05:55:49', 'SYSTEM', '2011-08-25 21:47:14', 'SYSTEM', 12, 1770, 1772, 1774, 1776, NULL),
(443, '2011-03-29 05:55:49', 'SYSTEM', '2011-08-25 21:47:14', 'SYSTEM', 5, 1777, 1779, 1781, 1783, NULL),
(444, '2011-03-29 05:55:49', 'SYSTEM', '2011-08-25 21:47:14', 'SYSTEM', 10, 1778, 1780, 1782, 1784, NULL),
(445, '2011-03-29 05:55:49', 'SYSTEM', '2011-08-25 21:47:14', 'SYSTEM', 2, 1761, 1763, 1765, 1767, NULL),
(446, '2011-03-29 05:55:49', 'SYSTEM', '2011-08-25 21:47:14', 'SYSTEM', 3, 1762, 1764, 1766, 1768, NULL),
(447, '2011-03-29 05:55:49', 'SYSTEM', '2011-08-25 21:47:14', 'SYSTEM', 4, 1785, 1787, 1789, 1791, NULL),
(448, '2011-03-29 05:55:49', 'SYSTEM', '2011-08-25 21:47:14', 'SYSTEM', 6, 1786, 1788, 1790, 1792, NULL),
(449, '2011-03-29 05:56:24', 'SYSTEM', '2011-08-27 22:41:19', 'SYSTEM', 7, 1793, 1795, 1797, 1799, NULL),
(450, '2011-03-29 05:56:24', 'SYSTEM', '2011-08-27 22:41:19', 'SYSTEM', 10, 1794, 1796, 1798, 1800, NULL),
(451, '2011-03-29 05:56:24', 'SYSTEM', '2011-08-27 22:41:19', 'SYSTEM', 8, 1801, 1803, 1805, 1807, NULL),
(452, '2011-03-29 05:56:24', 'SYSTEM', '2011-08-27 22:41:19', 'SYSTEM', 12, 1802, 1804, 1806, 1808, NULL),
(453, '2011-03-29 05:56:24', 'SYSTEM', '2011-08-27 22:41:19', 'SYSTEM', 1, 1817, 1819, 1821, 1823, NULL),
(454, '2011-03-29 05:56:24', 'SYSTEM', '2011-08-27 22:41:19', 'SYSTEM', 6, 1818, 1820, 1822, 1824, NULL),
(455, '2011-03-29 05:56:24', 'SYSTEM', '2011-08-27 22:41:19', 'SYSTEM', 2, 1825, 1827, 1829, 1831, NULL),
(456, '2011-03-29 05:56:24', 'SYSTEM', '2011-08-27 22:41:19', 'SYSTEM', 11, 1826, 1828, 1830, 1832, NULL),
(457, '2011-03-29 05:56:24', 'SYSTEM', '2011-08-27 22:41:19', 'SYSTEM', 4, 1809, 1811, 1813, 1815, NULL),
(458, '2011-03-29 05:56:24', 'SYSTEM', '2011-08-27 22:41:19', 'SYSTEM', 9, 1810, 1812, 1814, 1816, NULL),
(459, '2011-03-29 05:56:24', 'SYSTEM', '2011-08-27 22:41:19', 'SYSTEM', 3, 1833, 1835, 1837, 1839, NULL),
(460, '2011-03-29 05:56:24', 'SYSTEM', '2011-08-27 22:41:19', 'SYSTEM', 5, 1834, 1836, 1838, 1840, NULL),
(461, '2011-03-29 05:57:01', 'SYSTEM', '2011-09-02 20:55:47', 'SYSTEM', 6, 1841, 1843, 1845, 1847, NULL),
(462, '2011-03-29 05:57:01', 'SYSTEM', '2011-09-02 20:55:47', 'SYSTEM', 12, 1842, 1844, 1846, 1848, NULL),
(463, '2011-03-29 05:57:01', 'SYSTEM', '2011-09-02 20:55:47', 'SYSTEM', 1, 1849, 1851, 1853, 1855, NULL),
(464, '2011-03-29 05:57:01', 'SYSTEM', '2011-09-02 20:55:47', 'SYSTEM', 4, 1850, 1852, 1854, 1856, NULL),
(465, '2011-03-29 05:57:01', 'SYSTEM', '2011-09-02 20:55:47', 'SYSTEM', 3, 1865, 1867, 1869, 1871, NULL),
(466, '2011-03-29 05:57:01', 'SYSTEM', '2011-09-02 20:55:47', 'SYSTEM', 10, 1866, 1868, 1870, 1872, NULL),
(467, '2011-03-29 05:57:01', 'SYSTEM', '2011-09-02 20:55:47', 'SYSTEM', 8, 1873, 1875, 1877, NULL, NULL),
(468, '2011-03-29 05:57:01', 'SYSTEM', '2011-09-02 20:55:47', 'SYSTEM', 9, 1874, 1876, 1878, NULL, NULL),
(469, '2011-03-29 05:57:01', 'SYSTEM', '2011-09-02 20:55:47', 'SYSTEM', 5, 1857, 1859, 1861, 1863, NULL),
(470, '2011-03-29 05:57:01', 'SYSTEM', '2011-09-02 20:55:47', 'SYSTEM', 11, 1858, 1860, 1862, 1864, NULL),
(471, '2011-03-29 05:57:01', 'SYSTEM', '2011-09-02 20:55:47', 'SYSTEM', 2, 1879, 1881, 1883, 1885, NULL),
(472, '2011-03-29 05:57:01', 'SYSTEM', '2011-09-02 20:55:47', 'SYSTEM', 7, 1880, 1882, 1884, 1886, NULL),
(473, '2011-03-29 05:57:46', 'SYSTEM', '2011-09-10 06:40:56', 'SYSTEM', 2, 1887, 1889, 1891, 1893, NULL),
(474, '2011-03-29 05:57:46', 'SYSTEM', '2011-09-10 06:40:56', 'SYSTEM', 5, 1888, 1890, 1892, 1894, NULL),
(475, '2011-03-29 05:57:46', 'SYSTEM', '2011-09-10 06:40:56', 'SYSTEM', 6, 1895, 1897, 1899, 1901, NULL),
(476, '2011-03-29 05:57:46', 'SYSTEM', '2011-09-10 06:40:56', 'SYSTEM', 9, 1896, 1898, 1900, 1902, NULL),
(477, '2011-03-29 05:57:46', 'SYSTEM', '2011-09-10 06:40:56', 'SYSTEM', 4, 1911, 1913, 1915, 1917, NULL),
(478, '2011-03-29 05:57:46', 'SYSTEM', '2011-09-10 06:40:56', 'SYSTEM', 8, 1912, 1914, 1916, 1918, NULL),
(479, '2011-03-29 05:57:46', 'SYSTEM', '2011-09-10 06:40:56', 'SYSTEM', 3, 1919, 1921, 1923, 1925, NULL),
(480, '2011-03-29 05:57:46', 'SYSTEM', '2011-09-10 06:40:56', 'SYSTEM', 7, 1920, 1922, 1924, 1926, NULL),
(481, '2011-03-29 05:57:46', 'SYSTEM', '2011-09-10 06:40:56', 'SYSTEM', 1, 1903, 1905, 1907, 1909, NULL),
(482, '2011-03-29 05:57:46', 'SYSTEM', '2011-09-10 06:40:56', 'SYSTEM', 12, 1904, 1906, 1908, 1910, NULL),
(483, '2011-03-29 05:57:46', 'SYSTEM', '2011-09-10 06:40:56', 'SYSTEM', 10, 1927, 1929, 1931, 1933, NULL),
(484, '2011-03-29 05:57:46', 'SYSTEM', '2011-09-10 06:40:56', 'SYSTEM', 11, 1928, 1930, 1932, 1934, NULL),
(485, '2012-03-12 08:12:15', 'SYSTEM', '2012-04-14 12:52:24', 'SYSTEM', 3, 1935, 1937, 1939, 1941, NULL),
(486, '2012-03-12 08:12:15', 'SYSTEM', '2012-04-14 12:52:24', 'SYSTEM', 12, 1936, 1938, 1940, 1942, NULL),
(487, '2012-03-12 08:12:15', 'SYSTEM', '2012-04-14 12:52:24', 'SYSTEM', 5, 1943, 1945, 1947, 1949, NULL),
(488, '2012-03-12 08:12:15', 'SYSTEM', '2012-04-14 12:52:24', 'SYSTEM', 4, 1944, 1946, 1948, 1950, NULL),
(489, '2012-03-12 08:12:15', 'SYSTEM', '2012-04-14 12:52:24', 'SYSTEM', 2, 1959, 1961, 1963, 1965, NULL);
INSERT INTO `STJ_TEAM_SCORE` (`TEAM_SCORE_ID`, `CRTN_DT`, `CRTN_USER_ID`, `LAST_UPTD_DT`, `LAST_UPTD_USER_ID`, `TEAM_ID`, `PLAYER_SCORE_ID_A`, `PLAYER_SCORE_ID_B`, `PLAYER_SCORE_ID_C`, `PLAYER_SCORE_ID_D`, `TEAM_MATCH_ID`) VALUES
(490, '2012-03-12 08:12:15', 'SYSTEM', '2012-04-14 12:52:24', 'SYSTEM', 6, 1960, 1962, 1964, 1966, NULL),
(491, '2012-03-12 08:12:15', 'SYSTEM', '2012-04-14 12:52:24', 'SYSTEM', 11, 1967, 1969, 1971, 1973, NULL),
(492, '2012-03-12 08:12:15', 'SYSTEM', '2012-04-14 12:52:24', 'SYSTEM', 9, 1968, 1970, 1972, 1974, NULL),
(493, '2012-03-12 08:12:15', 'SYSTEM', '2012-04-14 12:52:24', 'SYSTEM', 8, 1951, 1953, 1955, 1957, NULL),
(494, '2012-03-12 08:12:15', 'SYSTEM', '2012-04-14 12:52:24', 'SYSTEM', 10, 1952, 1954, 1956, 1958, NULL),
(495, '2012-03-12 08:12:15', 'SYSTEM', '2012-04-14 12:52:24', 'SYSTEM', 7, 1975, 1977, 1979, 1981, NULL),
(496, '2012-03-12 08:12:15', 'SYSTEM', '2012-04-14 12:52:24', 'SYSTEM', 1, 1976, 1978, 1980, 1982, NULL),
(497, '2012-03-12 08:12:54', 'SYSTEM', '2012-04-21 16:19:19', 'SYSTEM', 4, 1983, 1985, 1987, 1989, NULL),
(498, '2012-03-12 08:12:54', 'SYSTEM', '2012-04-21 16:19:19', 'SYSTEM', 11, 1984, 1986, 1988, 1990, NULL),
(499, '2012-03-12 08:12:54', 'SYSTEM', '2012-04-21 16:19:19', 'SYSTEM', 3, 1991, 1993, 1995, 1997, NULL),
(500, '2012-03-12 08:12:54', 'SYSTEM', '2012-04-21 16:19:19', 'SYSTEM', 9, 1992, 1994, 1996, 1998, NULL),
(501, '2012-03-12 08:12:54', 'SYSTEM', '2012-04-21 16:19:19', 'SYSTEM', 10, 2007, 2009, 2011, 2013, NULL),
(502, '2012-03-12 08:12:54', 'SYSTEM', '2012-04-21 16:19:19', 'SYSTEM', 1, 2008, 2010, 2012, 2014, NULL),
(503, '2012-03-12 08:12:54', 'SYSTEM', '2012-04-21 16:19:19', 'SYSTEM', 12, 2015, 2017, 2019, 2021, NULL),
(504, '2012-03-12 08:12:54', 'SYSTEM', '2012-04-21 16:19:19', 'SYSTEM', 5, 2016, 2018, 2020, 2022, NULL),
(505, '2012-03-12 08:12:54', 'SYSTEM', '2012-04-21 16:19:19', 'SYSTEM', 7, 1999, 2001, 2003, 2005, NULL),
(506, '2012-03-12 08:12:54', 'SYSTEM', '2012-04-21 16:19:19', 'SYSTEM', 6, 2000, 2002, 2004, 2006, NULL),
(507, '2012-03-12 08:12:54', 'SYSTEM', '2012-04-21 16:19:19', 'SYSTEM', 2, 2023, 2025, 2027, 2029, NULL),
(508, '2012-03-12 08:12:54', 'SYSTEM', '2012-04-21 16:19:19', 'SYSTEM', 8, 2024, 2026, 2028, 2030, NULL),
(509, '2012-03-12 08:13:43', 'SYSTEM', '2012-04-28 08:31:56', 'SYSTEM', 2, 2031, 2033, 2035, 2037, NULL),
(510, '2012-03-12 08:13:43', 'SYSTEM', '2012-04-28 08:31:56', 'SYSTEM', 9, 2032, 2034, 2036, 2038, NULL),
(511, '2012-03-12 08:13:43', 'SYSTEM', '2012-04-28 08:31:56', 'SYSTEM', 12, 2039, 2041, 2043, 2045, NULL),
(512, '2012-03-12 08:13:43', 'SYSTEM', '2012-04-28 08:31:56', 'SYSTEM', 7, 2040, 2042, 2044, 2046, NULL),
(513, '2012-03-12 08:13:43', 'SYSTEM', '2012-04-28 08:31:56', 'SYSTEM', 8, 2047, 2049, 2051, 2053, NULL),
(514, '2012-03-12 08:13:43', 'SYSTEM', '2012-04-28 08:31:56', 'SYSTEM', 5, 2048, 2050, 2052, 2054, NULL),
(515, '2012-03-12 08:13:43', 'SYSTEM', '2012-04-28 08:31:56', 'SYSTEM', 4, 2055, 2057, 2059, 2061, NULL),
(516, '2012-03-12 08:13:43', 'SYSTEM', '2012-04-28 08:31:56', 'SYSTEM', 10, 2056, 2058, 2060, 2062, NULL),
(517, '2012-03-12 08:13:43', 'SYSTEM', '2012-04-28 08:31:56', 'SYSTEM', 3, 2071, 2073, 2075, 2077, NULL),
(518, '2012-03-12 08:13:43', 'SYSTEM', '2012-04-28 08:31:56', 'SYSTEM', 1, 2072, 2074, 2076, 2078, NULL),
(519, '2012-03-12 08:13:43', 'SYSTEM', '2012-04-28 08:31:56', 'SYSTEM', 6, 2063, 2065, 2067, 2069, NULL),
(520, '2012-03-12 08:13:43', 'SYSTEM', '2012-04-28 08:31:56', 'SYSTEM', 11, 2064, 2066, 2068, 2070, NULL),
(521, '2012-03-12 08:14:45', 'SYSTEM', '2012-05-08 16:00:34', 'SYSTEM', 5, 2079, 2081, 2083, 2085, NULL),
(522, '2012-03-12 08:14:45', 'SYSTEM', '2012-05-08 16:00:34', 'SYSTEM', 1, 2080, 2082, 2084, 2086, NULL),
(523, '2012-03-12 08:14:45', 'SYSTEM', '2012-05-08 16:00:34', 'SYSTEM', 8, 2087, 2089, 2091, 2093, NULL),
(524, '2012-03-12 08:14:45', 'SYSTEM', '2012-05-08 16:00:34', 'SYSTEM', 11, 2088, 2090, 2092, 2094, NULL),
(525, '2012-03-12 08:14:45', 'SYSTEM', '2012-05-08 16:00:34', 'SYSTEM', 7, 2103, 2105, 2107, 2109, NULL),
(526, '2012-03-12 08:14:45', 'SYSTEM', '2012-05-08 16:00:34', 'SYSTEM', 9, 2104, 2106, 2108, 2110, NULL),
(527, '2012-03-12 08:14:45', 'SYSTEM', '2012-05-08 16:00:34', 'SYSTEM', 3, 2111, 2113, 2115, 2117, NULL),
(528, '2012-03-12 08:14:45', 'SYSTEM', '2012-05-08 16:00:34', 'SYSTEM', 6, 2112, 2114, 2116, 2118, NULL),
(529, '2012-03-12 08:14:45', 'SYSTEM', '2012-05-08 16:00:34', 'SYSTEM', 4, 2095, 2097, 2099, 2101, NULL),
(530, '2012-03-12 08:14:45', 'SYSTEM', '2012-05-08 16:00:34', 'SYSTEM', 2, 2096, 2098, 2100, 2102, NULL),
(531, '2012-03-12 08:14:45', 'SYSTEM', '2012-05-08 16:00:34', 'SYSTEM', 12, 2119, 2121, 2123, 2125, NULL),
(532, '2012-03-12 08:14:45', 'SYSTEM', '2012-05-08 16:00:34', 'SYSTEM', 10, 2120, 2122, 2124, 2126, NULL),
(533, '2012-03-12 08:15:28', 'SYSTEM', '2012-05-12 07:23:39', 'SYSTEM', 10, 2127, 2129, 2131, 2133, NULL),
(534, '2012-03-12 08:15:28', 'SYSTEM', '2012-05-12 07:23:39', 'SYSTEM', 2, 2128, 2130, 2132, 2134, NULL),
(535, '2012-03-12 08:15:28', 'SYSTEM', '2012-05-12 07:23:39', 'SYSTEM', 5, 2135, 2137, 2139, 2141, NULL),
(536, '2012-03-12 08:15:28', 'SYSTEM', '2012-05-12 07:23:39', 'SYSTEM', 7, 2136, 2138, 2140, 2142, NULL),
(537, '2012-03-12 08:15:28', 'SYSTEM', '2012-05-12 07:23:39', 'SYSTEM', 4, 2159, 2161, 2165, 2163, NULL),
(538, '2012-03-12 08:15:28', 'SYSTEM', '2012-05-12 07:23:39', 'SYSTEM', 12, 2160, 2162, 2166, 2164, NULL),
(539, '2012-03-12 08:15:28', 'SYSTEM', '2012-05-12 07:23:39', 'SYSTEM', 1, 2151, 2153, 2155, 2157, NULL),
(540, '2012-03-12 08:15:28', 'SYSTEM', '2012-05-12 07:23:39', 'SYSTEM', 9, 2152, 2154, 2156, 2158, NULL),
(541, '2012-03-12 08:15:28', 'SYSTEM', '2012-05-12 07:23:39', 'SYSTEM', 3, 2143, 2147, 2145, 2149, NULL),
(542, '2012-03-12 08:15:28', 'SYSTEM', '2012-05-12 07:23:39', 'SYSTEM', 11, 2144, 2148, 2146, 2150, NULL),
(543, '2012-03-12 08:15:28', 'SYSTEM', '2012-05-12 07:23:39', 'SYSTEM', 6, 2167, 2171, 2169, 2173, NULL),
(544, '2012-03-12 08:15:28', 'SYSTEM', '2012-05-12 07:23:39', 'SYSTEM', 8, 2168, 2172, 2170, 2174, NULL),
(545, '2012-03-12 08:17:33', 'SYSTEM', '2012-05-18 21:33:49', 'SYSTEM', 7, 2175, 2177, 2179, 2181, NULL),
(546, '2012-03-12 08:17:33', 'SYSTEM', '2012-05-18 21:33:49', 'SYSTEM', 11, 2176, 2178, 2180, 2182, NULL),
(547, '2012-03-12 08:17:33', 'SYSTEM', '2012-05-18 21:33:49', 'SYSTEM', 9, 2183, 2187, 2189, 2185, NULL),
(548, '2012-03-12 08:17:33', 'SYSTEM', '2012-05-18 21:33:49', 'SYSTEM', 12, 2184, 2188, 2190, 2186, NULL),
(549, '2012-03-12 08:17:33', 'SYSTEM', '2012-05-18 21:33:49', 'SYSTEM', 5, 2199, 2203, 2205, 2201, NULL),
(550, '2012-03-12 08:17:33', 'SYSTEM', '2012-05-18 21:33:49', 'SYSTEM', 10, 2200, 2204, 2206, 2202, NULL),
(551, '2012-03-12 08:17:33', 'SYSTEM', '2012-05-18 21:33:49', 'SYSTEM', 4, 2207, 2211, 2213, 2209, NULL),
(552, '2012-03-12 08:17:33', 'SYSTEM', '2012-05-18 21:33:49', 'SYSTEM', 6, 2208, 2212, 2214, 2210, NULL),
(553, '2012-03-12 08:17:33', 'SYSTEM', '2012-05-18 21:33:49', 'SYSTEM', 1, 2191, 2195, 2197, 2193, NULL),
(554, '2012-03-12 08:17:33', 'SYSTEM', '2012-05-18 21:33:49', 'SYSTEM', 8, 2192, 2196, 2198, 2194, NULL),
(555, '2012-03-12 08:17:33', 'SYSTEM', '2012-05-18 21:33:49', 'SYSTEM', 2, 2215, 2219, 2221, 2217, NULL),
(556, '2012-03-12 08:17:33', 'SYSTEM', '2012-05-18 21:33:49', 'SYSTEM', 3, 2216, 2220, 2222, 2218, NULL),
(557, '2012-03-12 08:18:31', 'SYSTEM', '2012-03-12 08:18:31', 'SYSTEM', 8, NULL, NULL, NULL, NULL, NULL),
(558, '2012-03-12 08:18:31', 'SYSTEM', '2012-03-12 08:18:31', 'SYSTEM', 12, NULL, NULL, NULL, NULL, NULL),
(559, '2012-03-12 08:18:31', 'SYSTEM', '2012-03-12 08:18:31', 'SYSTEM', 1, NULL, NULL, NULL, NULL, NULL),
(560, '2012-03-12 08:18:31', 'SYSTEM', '2012-03-12 08:18:31', 'SYSTEM', 6, NULL, NULL, NULL, NULL, NULL),
(561, '2012-03-12 08:18:31', 'SYSTEM', '2012-03-12 08:18:31', 'SYSTEM', 2, NULL, NULL, NULL, NULL, NULL),
(562, '2012-03-12 08:18:31', 'SYSTEM', '2012-03-12 08:18:31', 'SYSTEM', 11, NULL, NULL, NULL, NULL, NULL),
(563, '2012-03-12 08:18:31', 'SYSTEM', '2012-03-12 08:18:31', 'SYSTEM', 3, NULL, NULL, NULL, NULL, NULL),
(564, '2012-03-12 08:18:31', 'SYSTEM', '2012-03-12 08:18:31', 'SYSTEM', 5, NULL, NULL, NULL, NULL, NULL),
(565, '2012-03-12 08:18:31', 'SYSTEM', '2012-03-12 08:18:31', 'SYSTEM', 7, NULL, NULL, NULL, NULL, NULL),
(566, '2012-03-12 08:18:31', 'SYSTEM', '2012-03-12 08:18:31', 'SYSTEM', 10, NULL, NULL, NULL, NULL, NULL),
(567, '2012-03-12 08:18:31', 'SYSTEM', '2012-03-12 08:18:31', 'SYSTEM', 4, NULL, NULL, NULL, NULL, NULL),
(568, '2012-03-12 08:18:31', 'SYSTEM', '2012-03-12 08:18:31', 'SYSTEM', 9, NULL, NULL, NULL, NULL, NULL),
(569, '2012-03-12 08:18:56', 'SYSTEM', '2012-03-12 08:18:56', 'SYSTEM', 1, NULL, NULL, NULL, NULL, NULL),
(570, '2012-03-12 08:18:56', 'SYSTEM', '2012-03-12 08:18:56', 'SYSTEM', 4, NULL, NULL, NULL, NULL, NULL),
(571, '2012-03-12 08:18:56', 'SYSTEM', '2012-03-12 08:18:56', 'SYSTEM', 3, NULL, NULL, NULL, NULL, NULL),
(572, '2012-03-12 08:18:56', 'SYSTEM', '2012-03-12 08:18:56', 'SYSTEM', 10, NULL, NULL, NULL, NULL, NULL),
(573, '2012-03-12 08:18:56', 'SYSTEM', '2012-03-12 08:18:56', 'SYSTEM', 8, NULL, NULL, NULL, NULL, NULL),
(574, '2012-03-12 08:18:56', 'SYSTEM', '2012-03-12 08:18:56', 'SYSTEM', 9, NULL, NULL, NULL, NULL, NULL),
(575, '2012-03-12 08:18:56', 'SYSTEM', '2012-03-12 08:18:56', 'SYSTEM', 2, NULL, NULL, NULL, NULL, NULL),
(576, '2012-03-12 08:18:56', 'SYSTEM', '2012-03-12 08:18:56', 'SYSTEM', 7, NULL, NULL, NULL, NULL, NULL),
(577, '2012-03-12 08:18:56', 'SYSTEM', '2012-03-12 08:18:56', 'SYSTEM', 6, NULL, NULL, NULL, NULL, NULL),
(578, '2012-03-12 08:18:56', 'SYSTEM', '2012-03-12 08:18:56', 'SYSTEM', 12, NULL, NULL, NULL, NULL, NULL),
(579, '2012-03-12 08:18:56', 'SYSTEM', '2012-03-12 08:18:56', 'SYSTEM', 5, NULL, NULL, NULL, NULL, NULL),
(580, '2012-03-12 08:18:56', 'SYSTEM', '2012-03-12 08:18:56', 'SYSTEM', 11, NULL, NULL, NULL, NULL, NULL),
(581, '2012-03-12 08:21:23', 'SYSTEM', '2012-03-12 08:21:23', 'SYSTEM', 6, NULL, NULL, NULL, NULL, NULL),
(582, '2012-03-12 08:21:23', 'SYSTEM', '2012-03-12 08:21:23', 'SYSTEM', 9, NULL, NULL, NULL, NULL, NULL),
(583, '2012-03-12 08:21:23', 'SYSTEM', '2012-03-12 08:21:23', 'SYSTEM', 4, NULL, NULL, NULL, NULL, NULL),
(584, '2012-03-12 08:21:23', 'SYSTEM', '2012-03-12 08:21:23', 'SYSTEM', 8, NULL, NULL, NULL, NULL, NULL),
(585, '2012-03-12 08:21:23', 'SYSTEM', '2012-03-12 08:21:23', 'SYSTEM', 7, NULL, NULL, NULL, NULL, NULL),
(586, '2012-03-12 08:21:23', 'SYSTEM', '2012-03-12 08:21:23', 'SYSTEM', 3, NULL, NULL, NULL, NULL, NULL),
(587, '2012-03-12 08:21:23', 'SYSTEM', '2012-03-12 08:21:23', 'SYSTEM', 10, NULL, NULL, NULL, NULL, NULL),
(588, '2012-03-12 08:21:23', 'SYSTEM', '2012-03-12 08:21:23', 'SYSTEM', 11, NULL, NULL, NULL, NULL, NULL),
(589, '2012-03-12 08:21:23', 'SYSTEM', '2012-03-12 08:21:23', 'SYSTEM', 2, NULL, NULL, NULL, NULL, NULL),
(590, '2012-03-12 08:21:23', 'SYSTEM', '2012-03-12 08:21:23', 'SYSTEM', 5, NULL, NULL, NULL, NULL, NULL),
(591, '2012-03-12 08:21:23', 'SYSTEM', '2012-03-12 08:21:23', 'SYSTEM', 1, NULL, NULL, NULL, NULL, NULL),
(592, '2012-03-12 08:21:23', 'SYSTEM', '2012-03-12 08:21:23', 'SYSTEM', 12, NULL, NULL, NULL, NULL, NULL),
(593, '2012-03-12 08:21:51', 'SYSTEM', '2012-03-12 08:21:51', 'SYSTEM', 11, NULL, NULL, NULL, NULL, NULL),
(594, '2012-03-12 08:21:51', 'SYSTEM', '2012-03-12 08:21:51', 'SYSTEM', 12, NULL, NULL, NULL, NULL, NULL),
(595, '2012-03-12 08:21:51', 'SYSTEM', '2012-03-12 08:21:51', 'SYSTEM', 5, NULL, NULL, NULL, NULL, NULL),
(596, '2012-03-12 08:21:51', 'SYSTEM', '2012-03-12 08:21:51', 'SYSTEM', 6, NULL, NULL, NULL, NULL, NULL),
(597, '2012-03-12 08:21:51', 'SYSTEM', '2012-03-12 08:21:51', 'SYSTEM', 1, NULL, NULL, NULL, NULL, NULL),
(598, '2012-03-12 08:21:51', 'SYSTEM', '2012-03-12 08:21:51', 'SYSTEM', 2, NULL, NULL, NULL, NULL, NULL),
(599, '2012-03-12 08:21:51', 'SYSTEM', '2012-03-12 08:21:51', 'SYSTEM', 3, NULL, NULL, NULL, NULL, NULL),
(600, '2012-03-12 08:21:51', 'SYSTEM', '2012-03-12 08:21:51', 'SYSTEM', 4, NULL, NULL, NULL, NULL, NULL),
(601, '2012-03-12 08:21:51', 'SYSTEM', '2012-03-12 08:21:51', 'SYSTEM', 9, NULL, NULL, NULL, NULL, NULL),
(602, '2012-03-12 08:21:51', 'SYSTEM', '2012-03-12 08:21:51', 'SYSTEM', 10, NULL, NULL, NULL, NULL, NULL),
(603, '2012-03-12 08:21:51', 'SYSTEM', '2012-03-12 08:21:51', 'SYSTEM', 7, NULL, NULL, NULL, NULL, NULL),
(604, '2012-03-12 08:21:51', 'SYSTEM', '2012-03-12 08:21:51', 'SYSTEM', 8, NULL, NULL, NULL, NULL, NULL),
(605, '2012-03-12 08:22:19', 'SYSTEM', '2012-03-20 20:00:36', 'SYSTEM', 1, NULL, NULL, NULL, NULL, NULL),
(606, '2012-03-12 08:22:19', 'SYSTEM', '2012-03-20 20:00:36', 'SYSTEM', 11, NULL, NULL, NULL, NULL, NULL),
(607, '2012-03-12 08:22:19', 'SYSTEM', '2012-03-20 20:00:36', 'SYSTEM', 2, NULL, NULL, NULL, NULL, NULL),
(608, '2012-03-12 08:22:19', 'SYSTEM', '2012-03-20 20:00:36', 'SYSTEM', 12, NULL, NULL, NULL, NULL, NULL),
(609, '2012-03-12 08:22:19', 'SYSTEM', '2012-03-20 20:00:36', 'SYSTEM', 7, NULL, NULL, NULL, NULL, NULL),
(610, '2012-03-12 08:22:19', 'SYSTEM', '2012-03-20 20:00:36', 'SYSTEM', 4, NULL, NULL, NULL, NULL, NULL),
(611, '2012-03-12 08:22:19', 'SYSTEM', '2012-03-20 20:00:36', 'SYSTEM', 5, NULL, NULL, NULL, NULL, NULL),
(612, '2012-03-12 08:22:19', 'SYSTEM', '2012-03-20 20:00:36', 'SYSTEM', 9, NULL, NULL, NULL, NULL, NULL),
(613, '2012-03-12 08:22:19', 'SYSTEM', '2012-03-20 20:00:36', 'SYSTEM', 3, NULL, NULL, NULL, NULL, NULL),
(614, '2012-03-12 08:22:19', 'SYSTEM', '2012-03-20 20:00:36', 'SYSTEM', 8, NULL, NULL, NULL, NULL, NULL),
(615, '2012-03-12 08:22:19', 'SYSTEM', '2012-03-20 20:00:36', 'SYSTEM', 6, NULL, NULL, NULL, NULL, NULL),
(616, '2012-03-12 08:22:19', 'SYSTEM', '2012-03-20 20:00:36', 'SYSTEM', 10, NULL, NULL, NULL, NULL, NULL),
(617, '2012-03-12 08:22:46', 'SYSTEM', '2012-03-12 08:22:46', 'SYSTEM', 6, NULL, NULL, NULL, NULL, NULL),
(618, '2012-03-12 08:22:46', 'SYSTEM', '2012-03-12 08:22:46', 'SYSTEM', 7, NULL, NULL, NULL, NULL, NULL),
(619, '2012-03-12 08:22:46', 'SYSTEM', '2012-03-12 08:22:46', 'SYSTEM', 4, NULL, NULL, NULL, NULL, NULL),
(620, '2012-03-12 08:22:46', 'SYSTEM', '2012-03-12 08:22:46', 'SYSTEM', 11, NULL, NULL, NULL, NULL, NULL),
(621, '2012-03-12 08:22:46', 'SYSTEM', '2012-03-12 08:22:46', 'SYSTEM', 3, NULL, NULL, NULL, NULL, NULL),
(622, '2012-03-12 08:22:46', 'SYSTEM', '2012-03-12 08:22:46', 'SYSTEM', 9, NULL, NULL, NULL, NULL, NULL),
(623, '2012-03-12 08:22:46', 'SYSTEM', '2012-03-12 08:22:46', 'SYSTEM', 1, NULL, NULL, NULL, NULL, NULL),
(624, '2012-03-12 08:22:46', 'SYSTEM', '2012-03-12 08:22:46', 'SYSTEM', 10, NULL, NULL, NULL, NULL, NULL),
(625, '2012-03-12 08:22:46', 'SYSTEM', '2012-03-12 08:22:46', 'SYSTEM', 2, NULL, NULL, NULL, NULL, NULL),
(626, '2012-03-12 08:22:46', 'SYSTEM', '2012-03-12 08:22:46', 'SYSTEM', 8, NULL, NULL, NULL, NULL, NULL),
(627, '2012-03-12 08:22:46', 'SYSTEM', '2012-03-12 08:22:46', 'SYSTEM', 5, NULL, NULL, NULL, NULL, NULL),
(628, '2012-03-12 08:22:46', 'SYSTEM', '2012-03-12 08:22:46', 'SYSTEM', 12, NULL, NULL, NULL, NULL, NULL),
(629, '2012-03-12 08:23:35', 'SYSTEM', '2012-03-12 08:23:35', 'SYSTEM', 1, NULL, NULL, NULL, NULL, NULL),
(630, '2012-03-12 08:23:35', 'SYSTEM', '2012-03-12 08:23:35', 'SYSTEM', 3, NULL, NULL, NULL, NULL, NULL),
(631, '2012-03-12 08:23:35', 'SYSTEM', '2012-03-12 08:23:35', 'SYSTEM', 2, NULL, NULL, NULL, NULL, NULL),
(632, '2012-03-12 08:23:35', 'SYSTEM', '2012-03-12 08:23:35', 'SYSTEM', 9, NULL, NULL, NULL, NULL, NULL),
(633, '2012-03-12 08:23:35', 'SYSTEM', '2012-03-12 08:23:35', 'SYSTEM', 7, NULL, NULL, NULL, NULL, NULL),
(634, '2012-03-12 08:23:35', 'SYSTEM', '2012-03-12 08:23:35', 'SYSTEM', 12, NULL, NULL, NULL, NULL, NULL),
(635, '2012-03-12 08:23:35', 'SYSTEM', '2012-03-12 08:23:35', 'SYSTEM', 5, NULL, NULL, NULL, NULL, NULL),
(636, '2012-03-12 08:23:35', 'SYSTEM', '2012-03-12 08:23:35', 'SYSTEM', 8, NULL, NULL, NULL, NULL, NULL),
(637, '2012-03-12 08:23:35', 'SYSTEM', '2012-03-12 08:23:35', 'SYSTEM', 6, NULL, NULL, NULL, NULL, NULL),
(638, '2012-03-12 08:23:35', 'SYSTEM', '2012-03-12 08:23:35', 'SYSTEM', 11, NULL, NULL, NULL, NULL, NULL),
(639, '2012-03-12 08:23:35', 'SYSTEM', '2012-03-12 08:23:35', 'SYSTEM', 4, NULL, NULL, NULL, NULL, NULL),
(640, '2012-03-12 08:23:35', 'SYSTEM', '2012-03-12 08:23:35', 'SYSTEM', 10, NULL, NULL, NULL, NULL, NULL),
(641, '2012-03-12 08:24:01', 'SYSTEM', '2012-03-12 08:24:01', 'SYSTEM', 6, NULL, NULL, NULL, NULL, NULL),
(642, '2012-03-12 08:24:01', 'SYSTEM', '2012-03-12 08:24:01', 'SYSTEM', 5, NULL, NULL, NULL, NULL, NULL),
(643, '2012-03-12 08:24:01', 'SYSTEM', '2012-03-12 08:24:01', 'SYSTEM', 2, NULL, NULL, NULL, NULL, NULL),
(644, '2012-03-12 08:24:01', 'SYSTEM', '2012-03-12 08:24:01', 'SYSTEM', 1, NULL, NULL, NULL, NULL, NULL),
(645, '2012-03-12 08:24:01', 'SYSTEM', '2012-03-12 08:24:01', 'SYSTEM', 4, NULL, NULL, NULL, NULL, NULL),
(646, '2012-03-12 08:24:01', 'SYSTEM', '2012-03-12 08:24:01', 'SYSTEM', 3, NULL, NULL, NULL, NULL, NULL),
(647, '2012-03-12 08:24:01', 'SYSTEM', '2012-03-12 08:24:01', 'SYSTEM', 9, NULL, NULL, NULL, NULL, NULL),
(648, '2012-03-12 08:24:01', 'SYSTEM', '2012-03-12 08:24:01', 'SYSTEM', 10, NULL, NULL, NULL, NULL, NULL),
(649, '2012-03-12 08:24:01', 'SYSTEM', '2012-03-12 08:24:01', 'SYSTEM', 12, NULL, NULL, NULL, NULL, NULL),
(650, '2012-03-12 08:24:01', 'SYSTEM', '2012-03-12 08:24:01', 'SYSTEM', 11, NULL, NULL, NULL, NULL, NULL),
(651, '2012-03-12 08:24:01', 'SYSTEM', '2012-03-12 08:24:01', 'SYSTEM', 8, NULL, NULL, NULL, NULL, NULL),
(652, '2012-03-12 08:24:01', 'SYSTEM', '2012-03-12 08:24:01', 'SYSTEM', 7, NULL, NULL, NULL, NULL, NULL),
(653, '2012-03-12 08:24:36', 'SYSTEM', '2012-03-12 08:24:36', 'SYSTEM', 8, NULL, NULL, NULL, NULL, NULL),
(654, '2012-03-12 08:24:36', 'SYSTEM', '2012-03-12 08:24:36', 'SYSTEM', 3, NULL, NULL, NULL, NULL, NULL),
(655, '2012-03-12 08:24:36', 'SYSTEM', '2012-03-12 08:24:36', 'SYSTEM', 6, NULL, NULL, NULL, NULL, NULL),
(656, '2012-03-12 08:24:36', 'SYSTEM', '2012-03-12 08:24:36', 'SYSTEM', 10, NULL, NULL, NULL, NULL, NULL),
(657, '2012-03-12 08:24:36', 'SYSTEM', '2012-03-12 08:24:36', 'SYSTEM', 1, NULL, NULL, NULL, NULL, NULL),
(658, '2012-03-12 08:24:36', 'SYSTEM', '2012-03-12 08:24:36', 'SYSTEM', 11, NULL, NULL, NULL, NULL, NULL),
(659, '2012-03-12 08:24:36', 'SYSTEM', '2012-03-12 08:24:36', 'SYSTEM', 2, NULL, NULL, NULL, NULL, NULL),
(660, '2012-03-12 08:24:36', 'SYSTEM', '2012-03-12 08:24:36', 'SYSTEM', 12, NULL, NULL, NULL, NULL, NULL),
(661, '2012-03-12 08:24:36', 'SYSTEM', '2012-03-12 08:24:36', 'SYSTEM', 5, NULL, NULL, NULL, NULL, NULL),
(662, '2012-03-12 08:24:36', 'SYSTEM', '2012-03-12 08:24:36', 'SYSTEM', 9, NULL, NULL, NULL, NULL, NULL),
(663, '2012-03-12 08:24:36', 'SYSTEM', '2012-03-12 08:24:36', 'SYSTEM', 4, NULL, NULL, NULL, NULL, NULL),
(664, '2012-03-12 08:24:36', 'SYSTEM', '2012-03-12 08:24:36', 'SYSTEM', 7, NULL, NULL, NULL, NULL, NULL),
(665, '2012-03-12 08:25:05', 'SYSTEM', '2012-03-12 08:25:05', 'SYSTEM', 2, NULL, NULL, NULL, NULL, NULL),
(666, '2012-03-12 08:25:05', 'SYSTEM', '2012-03-12 08:25:05', 'SYSTEM', 4, NULL, NULL, NULL, NULL, NULL),
(667, '2012-03-12 08:25:05', 'SYSTEM', '2012-03-12 08:25:05', 'SYSTEM', 1, NULL, NULL, NULL, NULL, NULL),
(668, '2012-03-12 08:25:05', 'SYSTEM', '2012-03-12 08:25:05', 'SYSTEM', 5, NULL, NULL, NULL, NULL, NULL),
(669, '2012-03-12 08:25:05', 'SYSTEM', '2012-03-12 08:25:05', 'SYSTEM', 8, NULL, NULL, NULL, NULL, NULL),
(670, '2012-03-12 08:25:05', 'SYSTEM', '2012-03-12 08:25:05', 'SYSTEM', 11, NULL, NULL, NULL, NULL, NULL),
(671, '2012-03-12 08:25:05', 'SYSTEM', '2012-03-12 08:25:05', 'SYSTEM', 9, NULL, NULL, NULL, NULL, NULL),
(672, '2012-03-12 08:25:05', 'SYSTEM', '2012-03-12 08:25:05', 'SYSTEM', 7, NULL, NULL, NULL, NULL, NULL),
(673, '2012-03-12 08:25:05', 'SYSTEM', '2012-03-12 08:25:05', 'SYSTEM', 10, NULL, NULL, NULL, NULL, NULL),
(674, '2012-03-12 08:25:05', 'SYSTEM', '2012-03-12 08:25:05', 'SYSTEM', 12, NULL, NULL, NULL, NULL, NULL),
(675, '2012-03-12 08:25:05', 'SYSTEM', '2012-03-12 08:25:05', 'SYSTEM', 6, NULL, NULL, NULL, NULL, NULL),
(676, '2012-03-12 08:25:05', 'SYSTEM', '2012-03-12 08:25:05', 'SYSTEM', 3, NULL, NULL, NULL, NULL, NULL),
(677, '2012-03-12 08:25:31', 'SYSTEM', '2012-03-20 20:01:23', 'SYSTEM', 1, NULL, NULL, NULL, NULL, NULL),
(678, '2012-03-12 08:25:31', 'SYSTEM', '2012-03-20 20:01:23', 'SYSTEM', 7, NULL, NULL, NULL, NULL, NULL),
(679, '2012-03-12 08:25:31', 'SYSTEM', '2012-03-20 20:01:23', 'SYSTEM', 2, NULL, NULL, NULL, NULL, NULL),
(680, '2012-03-12 08:25:31', 'SYSTEM', '2012-03-20 20:01:23', 'SYSTEM', 6, NULL, NULL, NULL, NULL, NULL),
(681, '2012-03-12 08:25:31', 'SYSTEM', '2012-03-20 20:01:23', 'SYSTEM', 4, NULL, NULL, NULL, NULL, NULL),
(682, '2012-03-12 08:25:31', 'SYSTEM', '2012-03-20 20:01:23', 'SYSTEM', 5, NULL, NULL, NULL, NULL, NULL),
(683, '2012-03-12 08:25:31', 'SYSTEM', '2012-03-20 20:01:23', 'SYSTEM', 8, NULL, NULL, NULL, NULL, NULL),
(684, '2012-03-12 08:25:31', 'SYSTEM', '2012-03-20 20:01:23', 'SYSTEM', 10, NULL, NULL, NULL, NULL, NULL),
(685, '2012-03-12 08:25:31', 'SYSTEM', '2012-03-20 20:01:23', 'SYSTEM', 3, NULL, NULL, NULL, NULL, NULL),
(686, '2012-03-12 08:25:31', 'SYSTEM', '2012-03-20 20:01:23', 'SYSTEM', 12, NULL, NULL, NULL, NULL, NULL),
(687, '2012-03-12 08:25:31', 'SYSTEM', '2012-03-20 20:01:23', 'SYSTEM', 9, NULL, NULL, NULL, NULL, NULL),
(688, '2012-03-12 08:25:31', 'SYSTEM', '2012-03-20 20:01:23', 'SYSTEM', 11, NULL, NULL, NULL, NULL, NULL),
(689, '2012-03-12 08:25:55', 'SYSTEM', '2012-03-12 08:25:55', 'SYSTEM', 3, NULL, NULL, NULL, NULL, NULL),
(690, '2012-03-12 08:25:55', 'SYSTEM', '2012-03-12 08:25:55', 'SYSTEM', 11, NULL, NULL, NULL, NULL, NULL),
(691, '2012-03-12 08:25:55', 'SYSTEM', '2012-03-12 08:25:55', 'SYSTEM', 2, NULL, NULL, NULL, NULL, NULL),
(692, '2012-03-12 08:25:55', 'SYSTEM', '2012-03-12 08:25:55', 'SYSTEM', 10, NULL, NULL, NULL, NULL, NULL),
(693, '2012-03-12 08:25:55', 'SYSTEM', '2012-03-12 08:25:55', 'SYSTEM', 5, NULL, NULL, NULL, NULL, NULL),
(694, '2012-03-12 08:25:55', 'SYSTEM', '2012-03-12 08:25:55', 'SYSTEM', 7, NULL, NULL, NULL, NULL, NULL),
(695, '2012-03-12 08:25:55', 'SYSTEM', '2012-03-12 08:25:55', 'SYSTEM', 4, NULL, NULL, NULL, NULL, NULL),
(696, '2012-03-12 08:25:55', 'SYSTEM', '2012-03-12 08:25:55', 'SYSTEM', 12, NULL, NULL, NULL, NULL, NULL),
(697, '2012-03-12 08:25:55', 'SYSTEM', '2012-03-12 08:25:55', 'SYSTEM', 6, NULL, NULL, NULL, NULL, NULL),
(698, '2012-03-12 08:25:55', 'SYSTEM', '2012-03-12 08:25:55', 'SYSTEM', 8, NULL, NULL, NULL, NULL, NULL),
(699, '2012-03-12 08:25:55', 'SYSTEM', '2012-03-12 08:25:55', 'SYSTEM', 1, NULL, NULL, NULL, NULL, NULL),
(700, '2012-03-12 08:25:55', 'SYSTEM', '2012-03-12 08:25:55', 'SYSTEM', 9, NULL, NULL, NULL, NULL, NULL),
(701, '2012-03-12 08:26:32', 'SYSTEM', '2012-03-12 08:26:32', 'SYSTEM', 1, NULL, NULL, NULL, NULL, NULL),
(702, '2012-03-12 08:26:32', 'SYSTEM', '2012-03-12 08:26:32', 'SYSTEM', 8, NULL, NULL, NULL, NULL, NULL),
(703, '2012-03-12 08:26:32', 'SYSTEM', '2012-03-12 08:26:32', 'SYSTEM', 7, NULL, NULL, NULL, NULL, NULL),
(704, '2012-03-12 08:26:32', 'SYSTEM', '2012-03-12 08:26:32', 'SYSTEM', 11, NULL, NULL, NULL, NULL, NULL),
(705, '2012-03-12 08:26:32', 'SYSTEM', '2012-03-12 08:26:32', 'SYSTEM', 9, NULL, NULL, NULL, NULL, NULL),
(706, '2012-03-12 08:26:32', 'SYSTEM', '2012-03-12 08:26:32', 'SYSTEM', 12, NULL, NULL, NULL, NULL, NULL),
(707, '2012-03-12 08:26:32', 'SYSTEM', '2012-03-12 08:26:32', 'SYSTEM', 5, NULL, NULL, NULL, NULL, NULL),
(708, '2012-03-12 08:26:32', 'SYSTEM', '2012-03-12 08:26:32', 'SYSTEM', 10, NULL, NULL, NULL, NULL, NULL),
(709, '2012-03-12 08:26:32', 'SYSTEM', '2012-03-12 08:26:32', 'SYSTEM', 2, NULL, NULL, NULL, NULL, NULL),
(710, '2012-03-12 08:26:32', 'SYSTEM', '2012-03-12 08:26:32', 'SYSTEM', 3, NULL, NULL, NULL, NULL, NULL),
(711, '2012-03-12 08:26:32', 'SYSTEM', '2012-03-12 08:26:32', 'SYSTEM', 4, NULL, NULL, NULL, NULL, NULL),
(712, '2012-03-12 08:26:32', 'SYSTEM', '2012-03-12 08:26:32', 'SYSTEM', 6, NULL, NULL, NULL, NULL, NULL),
(713, '2012-03-12 08:26:57', 'SYSTEM', '2012-03-12 08:26:57', 'SYSTEM', 7, NULL, NULL, NULL, NULL, NULL),
(714, '2012-03-12 08:26:57', 'SYSTEM', '2012-03-12 08:26:57', 'SYSTEM', 10, NULL, NULL, NULL, NULL, NULL),
(715, '2012-03-12 08:26:57', 'SYSTEM', '2012-03-12 08:26:57', 'SYSTEM', 8, NULL, NULL, NULL, NULL, NULL),
(716, '2012-03-12 08:26:57', 'SYSTEM', '2012-03-12 08:26:57', 'SYSTEM', 12, NULL, NULL, NULL, NULL, NULL),
(717, '2012-03-12 08:26:57', 'SYSTEM', '2012-03-12 08:26:57', 'SYSTEM', 1, NULL, NULL, NULL, NULL, NULL),
(718, '2012-03-12 08:26:57', 'SYSTEM', '2012-03-12 08:26:57', 'SYSTEM', 6, NULL, NULL, NULL, NULL, NULL),
(719, '2012-03-12 08:26:57', 'SYSTEM', '2012-03-12 08:26:57', 'SYSTEM', 2, NULL, NULL, NULL, NULL, NULL),
(720, '2012-03-12 08:26:57', 'SYSTEM', '2012-03-12 08:26:57', 'SYSTEM', 11, NULL, NULL, NULL, NULL, NULL),
(721, '2012-03-12 08:26:57', 'SYSTEM', '2012-03-12 08:26:57', 'SYSTEM', 4, NULL, NULL, NULL, NULL, NULL),
(722, '2012-03-12 08:26:57', 'SYSTEM', '2012-03-12 08:26:57', 'SYSTEM', 9, NULL, NULL, NULL, NULL, NULL),
(723, '2012-03-12 08:26:57', 'SYSTEM', '2012-03-12 08:26:57', 'SYSTEM', 3, NULL, NULL, NULL, NULL, NULL),
(724, '2012-03-12 08:26:57', 'SYSTEM', '2012-03-12 08:26:57', 'SYSTEM', 5, NULL, NULL, NULL, NULL, NULL),
(725, '2012-03-12 08:27:24', 'SYSTEM', '2012-03-12 08:27:24', 'SYSTEM', 6, NULL, NULL, NULL, NULL, NULL),
(726, '2012-03-12 08:27:24', 'SYSTEM', '2012-03-12 08:27:24', 'SYSTEM', 12, NULL, NULL, NULL, NULL, NULL),
(727, '2012-03-12 08:27:24', 'SYSTEM', '2012-03-12 08:27:24', 'SYSTEM', 1, NULL, NULL, NULL, NULL, NULL),
(728, '2012-03-12 08:27:24', 'SYSTEM', '2012-03-12 08:27:24', 'SYSTEM', 4, NULL, NULL, NULL, NULL, NULL),
(729, '2012-03-12 08:27:24', 'SYSTEM', '2012-03-12 08:27:24', 'SYSTEM', 3, NULL, NULL, NULL, NULL, NULL),
(730, '2012-03-12 08:27:24', 'SYSTEM', '2012-03-12 08:27:24', 'SYSTEM', 10, NULL, NULL, NULL, NULL, NULL),
(731, '2012-03-12 08:27:24', 'SYSTEM', '2012-03-12 08:27:24', 'SYSTEM', 8, NULL, NULL, NULL, NULL, NULL),
(732, '2012-03-12 08:27:24', 'SYSTEM', '2012-03-12 08:27:24', 'SYSTEM', 9, NULL, NULL, NULL, NULL, NULL),
(733, '2012-03-12 08:27:24', 'SYSTEM', '2012-03-12 08:27:24', 'SYSTEM', 5, NULL, NULL, NULL, NULL, NULL),
(734, '2012-03-12 08:27:24', 'SYSTEM', '2012-03-12 08:27:24', 'SYSTEM', 11, NULL, NULL, NULL, NULL, NULL),
(735, '2012-03-12 08:27:24', 'SYSTEM', '2012-03-12 08:27:24', 'SYSTEM', 2, NULL, NULL, NULL, NULL, NULL),
(736, '2012-03-12 08:27:24', 'SYSTEM', '2012-03-12 08:27:24', 'SYSTEM', 7, NULL, NULL, NULL, NULL, NULL),
(737, '2012-03-12 08:28:06', 'SYSTEM', '2012-03-12 08:28:06', 'SYSTEM', 2, NULL, NULL, NULL, NULL, NULL),
(738, '2012-03-12 08:28:06', 'SYSTEM', '2012-03-12 08:28:06', 'SYSTEM', 5, NULL, NULL, NULL, NULL, NULL),
(739, '2012-03-12 08:28:06', 'SYSTEM', '2012-03-12 08:28:06', 'SYSTEM', 6, NULL, NULL, NULL, NULL, NULL),
(740, '2012-03-12 08:28:06', 'SYSTEM', '2012-03-12 08:28:06', 'SYSTEM', 9, NULL, NULL, NULL, NULL, NULL),
(741, '2012-03-12 08:28:06', 'SYSTEM', '2012-03-12 08:28:06', 'SYSTEM', 4, NULL, NULL, NULL, NULL, NULL),
(742, '2012-03-12 08:28:06', 'SYSTEM', '2012-03-12 08:28:06', 'SYSTEM', 8, NULL, NULL, NULL, NULL, NULL),
(743, '2012-03-12 08:28:06', 'SYSTEM', '2012-03-12 08:28:06', 'SYSTEM', 3, NULL, NULL, NULL, NULL, NULL),
(744, '2012-03-12 08:28:06', 'SYSTEM', '2012-03-12 08:28:06', 'SYSTEM', 7, NULL, NULL, NULL, NULL, NULL),
(745, '2012-03-12 08:28:06', 'SYSTEM', '2012-03-12 08:28:06', 'SYSTEM', 1, NULL, NULL, NULL, NULL, NULL),
(746, '2012-03-12 08:28:06', 'SYSTEM', '2012-03-12 08:28:06', 'SYSTEM', 12, NULL, NULL, NULL, NULL, NULL),
(747, '2012-03-12 08:28:06', 'SYSTEM', '2012-03-12 08:28:06', 'SYSTEM', 10, NULL, NULL, NULL, NULL, NULL),
(748, '2012-03-12 08:28:06', 'SYSTEM', '2012-03-12 08:28:06', 'SYSTEM', 11, NULL, NULL, NULL, NULL, NULL);

-- --------------------------------------------------------

--
-- Table structure for table `STJ_WEEK`
--

DROP TABLE IF EXISTS `STJ_WEEK`;
CREATE TABLE IF NOT EXISTS `STJ_WEEK` (
  `WEEK_ID` int(11) NOT NULL AUTO_INCREMENT,
  `CRTN_DT` timestamp NOT NULL DEFAULT CURRENT_TIMESTAMP ON UPDATE CURRENT_TIMESTAMP,
  `CRTN_USER_ID` varchar(8) NOT NULL,
  `LAST_UPTD_DT` timestamp NOT NULL DEFAULT '0000-00-00 00:00:00',
  `LAST_UPTD_USER_ID` varchar(8) NOT NULL,
  `WK_DATE` datetime NOT NULL,
  `TEAM_MATCH_1_ID` int(11) DEFAULT NULL,
  `TEAM_MATCH_2_ID` int(11) DEFAULT NULL,
  `TEAM_MATCH_3_ID` int(11) DEFAULT NULL,
  `TEAM_MATCH_4_ID` int(11) DEFAULT NULL,
  `TEAM_MATCH_5_ID` int(11) DEFAULT NULL,
  `TEAM_MATCH_6_ID` int(11) DEFAULT NULL,
  `ROUND_ID` int(11) DEFAULT NULL,
  PRIMARY KEY (`WEEK_ID`)
) ENGINE=InnoDB  DEFAULT CHARSET=latin1 AUTO_INCREMENT=67 ;

--
-- Dumping data for table `STJ_WEEK`
--

INSERT INTO `STJ_WEEK` (`WEEK_ID`, `CRTN_DT`, `CRTN_USER_ID`, `LAST_UPTD_DT`, `LAST_UPTD_USER_ID`, `WK_DATE`, `TEAM_MATCH_1_ID`, `TEAM_MATCH_2_ID`, `TEAM_MATCH_3_ID`, `TEAM_MATCH_4_ID`, `TEAM_MATCH_5_ID`, `TEAM_MATCH_6_ID`, `ROUND_ID`) VALUES
(1, '2010-05-09 20:09:47', 'SYSTEM', '2011-03-10 17:50:13', 'SYSTEM', '2010-04-23 00:00:00', 1, 2, 3, 4, 5, NULL, 1),
(2, '2010-05-09 20:09:47', 'SYSTEM', '2010-05-12 07:47:14', 'SYSTEM', '2010-04-30 00:00:00', 6, 7, 8, 9, 10, NULL, 1),
(3, '2010-05-09 20:09:47', 'SYSTEM', '2010-05-13 20:11:53', 'SYSTEM', '2010-05-07 00:00:00', 11, 12, 13, 14, 15, NULL, 1),
(4, '2010-05-09 20:09:47', 'SYSTEM', '2010-05-20 21:03:44', 'SYSTEM', '2010-05-14 00:00:00', 16, 17, 18, 19, 20, NULL, 1),
(5, '2010-05-09 20:09:47', 'SYSTEM', '2010-05-23 10:38:05', 'SYSTEM', '2010-05-21 00:00:00', 21, 22, 23, 24, 25, NULL, 1),
(6, '2010-05-09 20:09:47', 'SYSTEM', '2010-05-29 14:22:33', 'SYSTEM', '2010-05-28 00:00:00', 26, 27, 28, 29, 30, NULL, 1),
(7, '2010-05-09 20:09:47', 'SYSTEM', '2010-06-04 21:13:51', 'SYSTEM', '2010-06-04 00:00:00', 31, 32, 33, 34, 35, NULL, 1),
(8, '2010-05-09 20:09:47', 'SYSTEM', '2010-06-18 15:28:36', 'SYSTEM', '2010-06-11 00:00:00', 36, 37, 38, 39, 40, NULL, 1),
(9, '2010-05-09 20:09:47', 'SYSTEM', '2010-06-18 22:30:52', 'SYSTEM', '2010-06-18 00:00:00', 41, 42, 43, 44, 45, NULL, 1),
(10, '2010-05-09 20:09:47', 'SYSTEM', '2010-06-27 12:27:19', 'SYSTEM', '2010-06-25 00:00:00', 46, 47, 48, 49, 50, NULL, 1),
(11, '2010-05-09 20:09:47', 'SYSTEM', '2010-07-02 21:31:02', 'SYSTEM', '2010-07-02 00:00:00', 51, 52, 53, 54, 55, NULL, 1),
(12, '2010-05-09 20:09:48', 'SYSTEM', '2010-07-11 17:25:56', 'SYSTEM', '2010-07-09 00:00:00', 56, 57, 58, 59, 60, NULL, 2),
(13, '2010-05-09 20:09:48', 'SYSTEM', '2010-07-17 11:56:14', 'SYSTEM', '2010-07-16 00:00:00', 61, 62, 63, 64, 65, NULL, 2),
(14, '2010-05-09 20:09:48', 'SYSTEM', '2010-07-23 21:14:18', 'SYSTEM', '2010-07-23 00:00:00', 66, 67, 68, 69, 70, NULL, 2),
(15, '2010-05-09 20:09:48', 'SYSTEM', '2010-07-30 22:07:07', 'SYSTEM', '2010-07-30 00:00:00', 71, 72, 73, 74, 75, NULL, 2),
(16, '2010-05-09 20:09:48', 'SYSTEM', '2010-08-08 08:48:59', 'SYSTEM', '2010-08-06 00:00:00', 76, 77, 78, 79, 80, NULL, 2),
(17, '2010-05-09 20:09:48', 'SYSTEM', '2010-08-16 13:29:42', 'SYSTEM', '2010-08-13 00:00:00', 81, 82, 83, 84, 85, NULL, 2),
(18, '2010-05-09 20:09:48', 'SYSTEM', '2010-08-21 07:37:24', 'SYSTEM', '2010-08-20 00:00:00', 86, 87, 88, 89, 90, NULL, 2),
(19, '2010-05-09 20:09:48', 'SYSTEM', '2010-09-03 05:06:56', 'SYSTEM', '2010-08-27 00:00:00', 91, 92, 93, 94, 95, NULL, 2),
(20, '2010-05-09 20:09:48', 'SYSTEM', '2010-09-03 21:37:47', 'SYSTEM', '2010-09-03 00:00:00', 96, 97, 98, 99, 100, NULL, 2),
(21, '2010-05-09 20:09:48', 'SYSTEM', '2010-09-10 20:40:12', 'SYSTEM', '2010-09-10 00:00:00', 101, 102, 103, 104, 105, NULL, 2),
(22, '2010-05-09 20:09:48', 'SYSTEM', '2010-09-17 21:17:25', 'SYSTEM', '2010-09-17 00:00:00', 106, 107, 108, 109, 110, NULL, 2),
(23, '2011-07-24 21:05:25', 'SYSTEM', '2011-07-28 21:37:31', 'SYSTEM', '2011-07-24 14:00:00', 111, 112, 113, 114, 115, 116, 3),
(24, '2011-03-15 14:15:40', 'SYSTEM', '2011-04-23 16:07:29', 'SYSTEM', '2011-04-22 00:00:00', 117, 118, 119, 120, 121, 122, 3),
(25, '2011-03-15 14:15:40', 'SYSTEM', '2011-04-30 11:00:34', 'SYSTEM', '2011-04-29 00:00:00', 123, 124, 125, 126, 127, 128, 3),
(26, '2011-03-15 14:15:40', 'SYSTEM', '2011-05-07 23:01:55', 'SYSTEM', '2011-05-06 00:00:00', 129, 130, 131, 132, 133, 134, 3),
(27, '2011-03-15 14:15:40', 'SYSTEM', '2011-05-14 07:23:39', 'SYSTEM', '2011-05-13 00:00:00', 135, 136, 137, 138, 139, 140, 3),
(28, '2011-07-24 21:05:43', 'SYSTEM', '2011-07-28 21:06:44', 'SYSTEM', '2011-07-24 17:00:00', 141, 142, 143, 144, 145, 146, 3),
(29, '2011-03-15 14:15:40', 'SYSTEM', '2011-06-02 15:13:09', 'SYSTEM', '2011-05-27 00:00:00', 147, 148, 149, 150, 151, 152, 3),
(30, '2011-03-15 14:15:40', 'SYSTEM', '2011-06-04 06:04:23', 'SYSTEM', '2011-06-03 00:00:00', 153, 154, 155, 156, 157, 158, 3),
(31, '2011-03-15 14:15:40', 'SYSTEM', '2011-06-14 10:51:21', 'SYSTEM', '2011-06-10 00:00:00', 159, 160, 161, 162, 163, 164, 3),
(32, '2011-03-15 14:15:40', 'SYSTEM', '2011-06-22 18:59:08', 'SYSTEM', '2011-06-17 00:00:00', 165, 166, 167, 168, 169, 170, 3),
(33, '2011-03-15 14:15:40', 'SYSTEM', '2011-06-26 10:17:03', 'SYSTEM', '2011-06-24 00:00:00', 171, 172, 173, 174, 175, 176, 3),
(34, '2011-03-15 14:15:40', 'SYSTEM', '2011-07-08 12:02:48', 'SYSTEM', '2011-07-01 00:00:00', 177, 178, 179, 180, 181, 182, 4),
(35, '2011-03-15 14:15:40', 'SYSTEM', '2011-07-14 21:54:53', 'SYSTEM', '2011-07-08 00:00:00', 183, 184, 185, 186, 187, 188, 4),
(36, '2011-03-15 14:15:40', 'SYSTEM', '2011-07-15 21:53:43', 'SYSTEM', '2011-07-15 00:00:00', 189, 190, 191, 192, 193, 194, 4),
(37, '2011-03-15 14:15:40', 'SYSTEM', '2011-07-23 05:31:18', 'SYSTEM', '2011-07-22 00:00:00', 195, 196, 197, 198, 199, 200, 4),
(38, '2011-03-15 14:15:40', 'SYSTEM', '2011-07-29 21:06:57', 'SYSTEM', '2011-07-29 00:00:00', 201, 202, 203, 204, 205, 206, 4),
(39, '2011-03-15 14:15:40', 'SYSTEM', '2011-08-10 21:24:43', 'SYSTEM', '2011-08-05 00:00:00', 207, 208, 209, 210, 211, 212, 4),
(40, '2011-03-15 14:15:40', 'SYSTEM', '2011-08-15 20:28:04', 'SYSTEM', '2011-08-12 00:00:00', 213, 214, 215, 216, 217, 218, 4),
(41, '2011-03-15 14:15:40', 'SYSTEM', '2011-08-25 21:47:14', 'SYSTEM', '2011-08-19 00:00:00', 219, 220, 221, 222, 223, 224, 4),
(42, '2011-03-15 14:15:40', 'SYSTEM', '2011-08-27 22:41:19', 'SYSTEM', '2011-08-26 00:00:00', 225, 226, 227, 228, 229, 230, 4),
(43, '2011-03-15 14:15:40', 'SYSTEM', '2011-09-02 20:55:47', 'SYSTEM', '2011-09-02 00:00:00', 231, 232, 233, 234, 235, 236, 4),
(44, '2011-03-15 14:15:40', 'SYSTEM', '2011-09-10 06:40:56', 'SYSTEM', '2011-09-09 00:00:00', 237, 238, 239, 240, 241, 242, 4),
(45, '2012-03-11 20:31:41', 'SYSTEM', '2012-04-14 12:52:24', 'SYSTEM', '2012-04-13 00:00:00', 243, 244, 245, 246, 247, 248, 5),
(46, '2012-03-11 20:31:41', 'SYSTEM', '2012-04-21 16:19:19', 'SYSTEM', '2012-04-20 00:00:00', 249, 250, 251, 252, 253, 254, 5),
(47, '2012-03-11 20:31:41', 'SYSTEM', '2012-04-28 08:31:56', 'SYSTEM', '2012-04-27 00:00:00', 255, 256, 257, 258, 259, 260, 5),
(48, '2012-03-11 20:31:41', 'SYSTEM', '2012-05-08 16:00:34', 'SYSTEM', '2012-05-04 00:00:00', 261, 262, 263, 264, 265, 266, 5),
(49, '2012-03-11 20:31:41', 'SYSTEM', '2012-05-12 07:23:39', 'SYSTEM', '2012-05-11 00:00:00', 267, 268, 269, 270, 271, 272, 5),
(50, '2012-03-11 20:31:41', 'SYSTEM', '2012-05-18 21:33:49', 'SYSTEM', '2012-05-18 00:00:00', 273, 274, 275, 276, 277, 278, 5),
(51, '2012-03-11 20:31:41', 'SYSTEM', '2012-03-12 08:18:31', 'SYSTEM', '2012-05-25 00:00:00', 279, 280, 281, 282, 283, 284, 5),
(52, '2012-03-11 20:31:41', 'SYSTEM', '2012-03-12 08:18:56', 'SYSTEM', '2012-06-01 00:00:00', 285, 286, 287, 288, 289, 290, 5),
(53, '2012-03-11 20:31:41', 'SYSTEM', '2012-03-12 08:21:23', 'SYSTEM', '2012-06-08 00:00:00', 291, 292, 293, 294, 295, 296, 5),
(54, '2012-03-11 20:31:41', 'SYSTEM', '2012-03-12 08:21:51', 'SYSTEM', '2012-06-15 00:00:00', 297, 298, 299, 300, 301, 302, 5),
(55, '2012-03-11 20:31:41', 'SYSTEM', '2012-03-20 20:00:36', 'SYSTEM', '2012-06-22 00:00:00', 303, 304, 305, 306, 307, 308, 5),
(56, '2012-03-11 20:31:41', 'SYSTEM', '2012-03-12 08:22:46', 'SYSTEM', '2012-06-29 00:00:00', 309, 310, 311, 312, 313, 314, 6),
(57, '2012-03-11 20:31:41', 'SYSTEM', '2012-03-12 08:23:35', 'SYSTEM', '2012-07-06 00:00:00', 315, 316, 317, 318, 319, 320, 6),
(58, '2012-03-11 20:31:41', 'SYSTEM', '2012-03-12 08:24:01', 'SYSTEM', '2012-07-13 00:00:00', 321, 322, 323, 324, 325, 326, 6),
(59, '2012-03-11 20:31:41', 'SYSTEM', '2012-03-12 08:24:36', 'SYSTEM', '2012-07-20 00:00:00', 327, 328, 329, 330, 331, 332, 6),
(60, '2012-03-11 20:31:41', 'SYSTEM', '2012-03-12 08:25:05', 'SYSTEM', '2012-07-27 00:00:00', 333, 334, 335, 336, 337, 338, 6),
(61, '2012-03-11 20:31:41', 'SYSTEM', '2012-03-20 20:01:23', 'SYSTEM', '2012-08-03 00:00:00', 339, 340, 341, 342, 343, 344, 6),
(62, '2012-03-11 20:31:41', 'SYSTEM', '2012-03-12 08:25:55', 'SYSTEM', '2012-08-10 00:00:00', 345, 346, 347, 348, 349, 350, 6),
(63, '2012-03-11 20:31:41', 'SYSTEM', '2012-03-12 08:26:32', 'SYSTEM', '2012-08-17 00:00:00', 351, 352, 353, 354, 355, 356, 6),
(64, '2012-03-11 20:31:41', 'SYSTEM', '2012-03-12 08:26:57', 'SYSTEM', '2012-08-24 00:00:00', 357, 358, 359, 360, 361, 362, 6),
(65, '2012-03-11 20:31:41', 'SYSTEM', '2012-03-12 08:27:24', 'SYSTEM', '2012-08-31 00:00:00', 363, 364, 365, 366, 367, 368, 6),
(66, '2012-03-11 20:31:41', 'SYSTEM', '2012-03-12 08:28:06', 'SYSTEM', '2012-09-07 00:00:00', 369, 370, 371, 372, 373, 374, 6);

-- --------------------------------------------------------

--
-- Table structure for table `STJ_WEEKLY_SCORE`
--

DROP TABLE IF EXISTS `STJ_WEEKLY_SCORE`;
CREATE TABLE IF NOT EXISTS `STJ_WEEKLY_SCORE` (
  `WEEKLY_SCORE_ID` int(11) NOT NULL AUTO_INCREMENT,
  `CRTN_DT` timestamp NOT NULL DEFAULT CURRENT_TIMESTAMP ON UPDATE CURRENT_TIMESTAMP,
  `CRTN_USER_ID` varchar(8) NOT NULL,
  `LAST_UPTD_DT` timestamp NOT NULL DEFAULT '0000-00-00 00:00:00',
  `LAST_UPTD_USER_ID` varchar(8) NOT NULL,
  `HANDICAP` int(11) DEFAULT NULL,
  `SCORE_DATE` timestamp NOT NULL DEFAULT '0000-00-00 00:00:00',
  `PLAYER_ID` int(11) DEFAULT NULL,
  `SIDE_ID` int(11) NOT NULL,
  `TEAM_SCORE_ID` int(11) DEFAULT NULL,
  `GHOST_FLG` varchar(1) NOT NULL DEFAULT 'N',
  `HOLE_1_SCORE` int(11) DEFAULT NULL,
  `HOLE_2_SCORE` int(11) DEFAULT NULL,
  `HOLE_3_SCORE` int(11) DEFAULT NULL,
  `HOLE_4_SCORE` int(11) DEFAULT NULL,
  `HOLE_5_SCORE` int(11) DEFAULT NULL,
  `HOLE_6_SCORE` int(11) DEFAULT NULL,
  `HOLE_7_SCORE` int(11) DEFAULT NULL,
  `HOLE_8_SCORE` int(11) DEFAULT NULL,
  `HOLE_9_SCORE` int(11) DEFAULT NULL,
  PRIMARY KEY (`WEEKLY_SCORE_ID`)
) ENGINE=InnoDB  DEFAULT CHARSET=latin1 AUTO_INCREMENT=2223 ;

--
-- Dumping data for table `STJ_WEEKLY_SCORE`
--

INSERT INTO `STJ_WEEKLY_SCORE` (`WEEKLY_SCORE_ID`, `CRTN_DT`, `CRTN_USER_ID`, `LAST_UPTD_DT`, `LAST_UPTD_USER_ID`, `HANDICAP`, `SCORE_DATE`, `PLAYER_ID`, `SIDE_ID`, `TEAM_SCORE_ID`, `GHOST_FLG`, `HOLE_1_SCORE`, `HOLE_2_SCORE`, `HOLE_3_SCORE`, `HOLE_4_SCORE`, `HOLE_5_SCORE`, `HOLE_6_SCORE`, `HOLE_7_SCORE`, `HOLE_8_SCORE`, `HOLE_9_SCORE`) VALUES
(1, '2010-05-10 00:09:59', 'SYSTEM', '2011-06-14 10:31:43', 'SYSTEM', 5, '2010-04-23 00:00:00', 1, 1, 1, 'N', 5, 3, 6, 4, 4, 6, 5, 3, 5),
(2, '2010-05-10 00:09:59', 'SYSTEM', '2012-05-12 06:59:39', 'SYSTEM', 11, '2010-04-23 00:00:00', 58, 1, 2, 'N', 6, 5, 5, 6, 3, 7, 8, 4, 7),
(3, '2010-05-10 00:11:04', 'SYSTEM', '2011-04-11 21:00:05', 'SYSTEM', 6, '2010-04-23 00:00:00', 5, 1, 1, 'N', 5, 3, 4, 6, 4, 6, 5, 3, 6),
(4, '2010-05-10 00:11:04', 'SYSTEM', '2012-05-12 06:59:39', 'SYSTEM', 13, '2010-04-23 00:00:00', 55, 1, 2, 'N', 5, 4, 8, 5, 5, 6, 7, 5, 6),
(5, '2010-05-10 00:11:59', 'SYSTEM', '2011-06-14 10:31:43', 'SYSTEM', 8, '2010-04-23 00:00:00', 6, 1, 1, 'N', 4, 4, 4, 5, 4, 6, 5, 3, 5),
(6, '2010-05-10 00:11:59', 'SYSTEM', '2012-05-12 06:59:39', 'SYSTEM', 15, '2010-04-23 00:00:00', 57, 1, 2, 'N', 8, 4, 7, 6, 6, 9, 6, 5, 7),
(7, '2010-05-10 00:13:07', 'SYSTEM', '2011-06-14 10:31:43', 'SYSTEM', 14, '2010-04-23 00:00:00', 3, 1, 1, 'N', 7, 3, 7, 6, 3, 7, 5, 4, 8),
(8, '2010-05-10 00:13:07', 'SYSTEM', '2012-05-15 09:54:33', 'SYSTEM', 16, '2010-04-23 00:00:00', 53, 1, 2, 'N', 6, 5, 6, 5, 4, 10, 5, 3, 9),
(9, '2010-05-10 00:19:25', 'SYSTEM', '2011-03-23 05:53:52', 'SYSTEM', 13, '2010-04-23 00:00:00', 59, 1, 3, 'N', 6, 4, 6, 5, 3, 6, 6, 6, 9),
(10, '2010-05-10 00:19:25', 'SYSTEM', '2011-03-10 17:50:13', 'SYSTEM', 4, '2010-04-23 00:00:00', 51, 1, 4, 'N', 5, 3, 5, 4, 3, 5, 5, 3, 5),
(11, '2010-05-10 00:21:42', 'SYSTEM', '2011-03-23 05:53:52', 'SYSTEM', 15, '2010-04-23 00:00:00', 61, 1, 3, 'N', 9, 5, 9, 8, 4, 6, 5, 5, 5),
(12, '2010-05-10 00:21:42', 'SYSTEM', '2011-03-10 17:50:13', 'SYSTEM', 11, '2010-04-23 00:00:00', 47, 1, 4, 'N', 5, 3, 5, 5, 4, 7, 5, 4, 6),
(13, '2010-05-10 00:23:48', 'SYSTEM', '2011-03-23 05:53:52', 'SYSTEM', 16, '2010-04-23 00:00:00', 60, 1, 3, 'N', 7, 5, 7, 5, 4, 6, 9, 8, 8),
(14, '2010-05-10 00:23:48', 'SYSTEM', '2011-03-10 17:50:13', 'SYSTEM', 15, '2010-04-23 00:00:00', 46, 1, 4, 'N', 7, 6, 5, 4, 5, 6, 6, 6, 6),
(15, '2010-05-10 00:25:11', 'SYSTEM', '2011-03-10 17:50:13', 'SYSTEM', 21, '2010-04-23 00:00:00', 63, 1, 3, 'N', 6, 6, 8, 7, 5, 8, 8, 5, 9),
(16, '2010-05-10 00:25:11', 'SYSTEM', '2011-03-10 17:50:13', 'SYSTEM', 23, '2010-04-23 00:00:00', 48, 1, 4, 'N', 5, 5, 6, 7, 4, 10, 8, 4, 6),
(17, '2010-05-10 00:27:21', 'SYSTEM', '2012-04-11 07:15:35', 'SYSTEM', 3, '2010-04-23 00:00:00', 78, 2, 5, 'N', 4, 6, 4, 6, 4, 4, 3, 7, 5),
(18, '2010-05-10 00:27:21', 'SYSTEM', '2012-04-11 06:39:17', 'SYSTEM', 7, '2010-04-23 00:00:00', 38, 2, 6, 'N', 4, 8, 6, 8, 5, 4, 4, 5, 4),
(19, '2010-05-10 00:28:56', 'SYSTEM', '2012-04-11 07:15:35', 'SYSTEM', 11, '2010-04-23 00:00:00', 77, 2, 5, 'N', 6, 8, 5, 5, 4, 7, 5, 4, 8),
(20, '2010-05-10 00:28:56', 'SYSTEM', '2012-04-11 06:39:17', 'SYSTEM', 9, '2010-04-23 00:00:00', 33, 2, 6, 'N', 3, 5, 5, 5, 6, 4, 5, 4, 7),
(21, '2010-05-10 00:31:59', 'SYSTEM', '2012-04-11 07:15:35', 'SYSTEM', 14, '2010-04-23 00:00:00', 79, 2, 5, 'N', 6, 7, 5, 6, 4, 4, 6, 8, 5),
(22, '2010-05-10 00:31:59', 'SYSTEM', '2011-03-10 17:50:13', 'SYSTEM', 13, '2010-04-23 00:00:00', 32, 2, 6, 'N', 8, 7, 7, 6, 5, 7, 4, 4, 6),
(23, '2010-05-10 00:33:42', 'SYSTEM', '2011-03-30 06:36:26', 'SYSTEM', 22, '2010-04-23 00:00:00', 75, 2, 5, 'N', 6, 7, 8, 9, 6, 7, 4, 7, 6),
(24, '2010-05-10 00:33:42', 'SYSTEM', '2012-04-11 06:39:17', 'SYSTEM', 16, '2010-04-23 00:00:00', 34, 2, 6, 'N', 4, 9, 8, 9, 6, 5, 4, 5, 5),
(25, '2010-05-10 00:37:19', 'SYSTEM', '2012-04-12 06:09:10', 'SYSTEM', 9, '2010-04-23 00:00:00', 7, 2, 7, 'N', 5, 6, 6, 6, 5, 6, 3, 5, 5),
(26, '2010-05-10 00:37:19', 'SYSTEM', '2011-03-10 17:50:13', 'SYSTEM', 3, '2010-04-23 00:00:00', 16, 2, 8, 'N', 4, 6, 3, 6, 4, 6, 4, 4, 5),
(27, '2010-05-10 00:38:14', 'SYSTEM', '2011-03-10 17:50:13', 'SYSTEM', 16, '2010-04-23 00:00:00', 14, 2, 7, 'N', 4, 7, 7, 8, 7, 5, 5, 7, 6),
(28, '2010-05-10 00:38:14', 'SYSTEM', '2011-03-10 17:50:13', 'SYSTEM', 10, '2010-04-23 00:00:00', 15, 2, 8, 'N', 5, 8, 5, 5, 6, 5, 5, 4, 5),
(29, '2010-05-10 00:40:14', 'SYSTEM', '2012-04-11 07:12:28', 'SYSTEM', 17, '2010-04-23 00:00:00', 13, 2, 7, 'N', 4, 9, 6, 6, 5, 6, 5, 4, 5),
(30, '2010-05-10 00:40:14', 'SYSTEM', '2011-03-23 05:53:52', 'SYSTEM', 17, '2010-04-23 00:00:00', 62, 2, 8, 'N', 5, 9, 6, 7, 5, 4, 6, 6, 5),
(31, '2010-05-10 00:41:47', 'SYSTEM', '2012-04-12 06:09:10', 'SYSTEM', 8, '2010-04-23 00:00:00', 10, 2, 7, 'N', 6, 7, 5, 4, 5, 4, 4, 5, 5),
(32, '2010-05-10 00:41:47', 'SYSTEM', '2011-03-10 17:50:13', 'SYSTEM', 14, '2010-04-23 00:00:00', 20, 2, 8, 'N', 4, 7, 8, 6, 6, 6, 4, 5, 6),
(33, '2010-05-10 00:46:00', 'SYSTEM', '2012-05-15 09:54:33', 'SYSTEM', 5, '2010-04-23 00:00:00', 41, 2, 9, 'N', 3, 7, 8, 6, 4, 5, 4, 4, 4),
(34, '2010-05-10 00:46:00', 'SYSTEM', '2012-04-11 07:24:01', 'SYSTEM', 20, '2010-04-23 00:00:00', 80, 2, 10, 'N', 5, 10, 6, 10, 4, 8, 4, 6, 5),
(35, '2010-05-10 00:47:36', 'SYSTEM', '2012-05-15 09:54:33', 'SYSTEM', 6, '2010-04-23 00:00:00', 42, 1, 9, 'N', 6, 5, 6, 5, 3, 6, 6, 4, 6),
(36, '2010-05-10 00:47:36', 'SYSTEM', '2011-04-23 17:02:23', 'SYSTEM', 16, '2010-04-23 00:00:00', 69, 1, 10, 'N', 7, 5, 8, 6, 5, 6, 6, 5, 7),
(37, '2010-05-10 00:49:11', 'SYSTEM', '2012-05-15 09:54:33', 'SYSTEM', 9, '2010-04-23 00:00:00', 43, 1, 9, 'N', 6, 5, 4, 4, 3, 6, 7, 4, 6),
(38, '2010-05-10 00:49:11', 'SYSTEM', '2012-04-11 07:24:01', 'SYSTEM', 23, '2010-04-23 00:00:00', 70, 1, 10, 'N', 8, 9, 8, 5, 4, 7, 10, 4, 5),
(39, '2010-05-10 00:50:19', 'SYSTEM', '2012-05-15 09:54:33', 'SYSTEM', 16, '2010-04-23 00:00:00', 44, 2, 9, 'N', 4, 7, 6, 8, 8, 7, 4, 5, 5),
(40, '2010-05-10 00:50:19', 'SYSTEM', '2012-04-11 07:24:01', 'SYSTEM', 21, '2010-04-23 00:00:00', 68, 2, 10, 'N', 5, 10, 7, 10, 6, 4, 5, 6, 6),
(41, '2010-05-11 12:43:28', 'SYSTEM', '2012-05-15 09:54:33', 'SYSTEM', 5, '2010-04-30 00:00:00', 41, 1, 11, 'N', 4, 3, 5, 4, 3, 5, 5, 5, 6),
(42, '2010-05-11 12:43:28', 'SYSTEM', '2011-03-23 05:53:52', 'SYSTEM', 8, '2010-04-30 00:00:00', 65, 1, 12, 'N', 5, 6, 6, 6, 4, 5, 6, 4, 8),
(43, '2010-05-11 12:44:53', 'SYSTEM', '2012-05-15 09:54:33', 'SYSTEM', 9, '2010-04-30 00:00:00', 43, 1, 11, 'N', 5, 3, 4, 5, 3, 5, 6, 3, 5),
(44, '2010-05-11 12:44:53', 'SYSTEM', '2011-03-23 05:53:52', 'SYSTEM', 9, '2010-04-30 00:00:00', 67, 1, 12, 'N', 7, 6, 6, 4, 4, 6, 5, 6, 6),
(45, '2010-05-11 12:46:25', 'SYSTEM', '2012-05-15 09:54:33', 'SYSTEM', 16, '2010-04-30 00:00:00', 44, 1, 11, 'N', 4, 4, 7, 4, 5, 7, 5, 3, 7),
(46, '2010-05-11 12:46:25', 'SYSTEM', '2011-03-23 05:53:52', 'SYSTEM', 10, '2010-04-30 00:00:00', 64, 1, 12, 'N', 5, 5, 8, 5, 4, 5, 5, 4, 5),
(47, '2010-05-11 12:48:51', 'SYSTEM', '2011-03-23 05:52:58', 'SYSTEM', 5, '2010-04-30 00:00:00', 45, 1, 11, 'N', 4, 3, 6, 6, 3, 5, 4, 4, 6),
(48, '2010-05-12 22:23:44', 'SYSTEM', '2011-03-23 05:53:52', 'SYSTEM', 17, '2010-04-30 00:00:00', 62, 1, 12, 'N', 5, 4, 7, 6, 5, 6, 6, 5, 10),
(49, '2010-05-12 07:21:54', 'SYSTEM', '2012-04-11 06:39:17', 'SYSTEM', 8, '2010-04-30 00:00:00', 38, 1, 13, 'N', 4, 4, 6, 5, 3, 6, 6, 4, 5),
(50, '2010-05-12 07:21:54', 'SYSTEM', '2011-04-23 17:02:23', 'SYSTEM', 10, '2010-04-30 00:00:00', 72, 1, 14, 'N', 5, 3, 6, 6, 3, 5, 4, 3, 6),
(51, '2010-05-12 07:23:03', 'SYSTEM', '2010-06-18 15:48:06', 'SYSTEM', 13, '2010-04-30 00:00:00', 36, 1, 13, 'N', 5, 6, 9, 5, 3, 9, 6, 4, 6),
(52, '2010-05-12 07:23:03', 'SYSTEM', '2012-04-11 07:24:01', 'SYSTEM', 15, '2010-04-30 00:00:00', 74, 1, 14, 'N', 6, 4, 7, 5, 4, 7, 8, 4, 9),
(53, '2010-05-12 07:24:07', 'SYSTEM', '2011-06-22 18:56:45', 'SYSTEM', 11, '2010-04-30 00:00:00', 35, 1, 13, 'N', 6, 4, 6, 6, 3, 7, 6, 3, 6),
(54, '2010-05-12 07:24:07', 'SYSTEM', '2012-04-11 07:24:01', 'SYSTEM', 12, '2010-04-30 00:00:00', 73, 1, 14, 'N', 10, 3, 7, 5, 3, 8, 5, 4, 6),
(55, '2010-05-12 07:25:51', 'SYSTEM', '2010-05-12 07:47:14', 'SYSTEM', 13, '2010-04-30 00:00:00', 32, 1, 13, 'N', 7, 5, 5, 5, 5, 9, 4, 4, 6),
(56, '2010-05-12 07:25:51', 'SYSTEM', '2012-04-11 07:24:01', 'SYSTEM', 18, '2010-04-30 00:00:00', 71, 1, 14, 'N', 7, 4, 6, 6, 4, 10, 5, 6, 7),
(57, '2010-05-12 07:27:24', 'SYSTEM', '2011-06-14 10:31:43', 'SYSTEM', 6, '2010-04-30 00:00:00', 1, 2, 15, 'N', 3, 6, 4, 7, 6, 7, 3, 5, 4),
(58, '2010-05-12 07:27:24', 'SYSTEM', '2012-04-12 06:09:10', 'SYSTEM', 8, '2010-04-30 00:00:00', 8, 2, 16, 'N', 4, 7, 4, 6, 4, 5, 4, 4, 5),
(59, '2010-05-12 07:28:07', 'SYSTEM', '2011-04-11 21:00:05', 'SYSTEM', 6, '2010-04-30 00:00:00', 5, 2, 15, 'N', 4, 6, 6, 6, 5, 4, 3, 4, 5),
(60, '2010-05-12 07:28:07', 'SYSTEM', '2012-04-12 06:09:10', 'SYSTEM', 9, '2010-04-30 00:00:00', 7, 2, 16, 'N', 4, 9, 7, 7, 5, 6, 4, 5, 6),
(61, '2010-05-12 07:29:02', 'SYSTEM', '2011-06-14 10:31:43', 'SYSTEM', 7, '2010-04-30 00:00:00', 6, 2, 15, 'N', 6, 6, 6, 6, 7, 6, 6, 5, 8),
(62, '2010-05-12 07:29:02', 'SYSTEM', '2011-06-16 05:52:17', 'SYSTEM', 11, '2010-04-30 00:00:00', 11, 2, 16, 'N', 3, 5, 5, 7, 6, 5, 5, 5, 5),
(63, '2010-05-12 07:30:38', 'SYSTEM', '2011-06-14 10:31:43', 'SYSTEM', 18, '2010-04-30 00:00:00', 4, 2, 15, 'N', 8, 6, 6, 7, 8, 8, 5, 6, 4),
(64, '2010-05-12 07:30:38', 'SYSTEM', '2011-03-29 20:55:53', 'SYSTEM', 28, '2010-04-30 00:00:00', 12, 2, 16, 'N', 5, 10, 9, 8, 7, 8, 6, 9, 5),
(65, '2010-05-12 07:35:00', 'SYSTEM', '2011-03-19 20:05:43', 'SYSTEM', 4, '2010-04-30 00:00:00', 26, 2, 17, 'N', 4, 5, 4, 5, 5, 4, 3, 3, 4),
(66, '2010-05-12 07:35:00', 'SYSTEM', '2012-04-11 07:15:35', 'SYSTEM', 5, '2010-04-30 00:00:00', 78, 2, 18, 'N', 3, 5, 4, 5, 3, 6, 4, 5, 3),
(67, '2010-05-12 07:36:12', 'SYSTEM', '2012-05-05 07:40:35', 'SYSTEM', 6, '2010-04-30 00:00:00', 25, 2, 17, 'N', 3, 8, 5, 7, 4, 4, 2, 4, 5),
(68, '2010-05-12 07:36:12', 'SYSTEM', '2012-05-05 07:40:35', 'SYSTEM', 6, '2010-04-30 00:00:00', 28, 2, 18, 'N', 4, 10, 3, 6, 4, 6, 4, 6, 5),
(69, '2010-05-12 07:38:09', 'SYSTEM', '2012-05-05 07:40:35', 'SYSTEM', 11, '2010-04-30 00:00:00', 31, 2, 17, 'N', 3, 7, 6, 5, 7, 3, 4, 6, 5),
(70, '2010-05-12 07:38:09', 'SYSTEM', '2012-04-11 07:15:35', 'SYSTEM', 8, '2010-04-30 00:00:00', 76, 2, 18, 'N', 5, 6, 5, 5, 5, 6, 4, 5, 4),
(71, '2010-05-12 07:39:04', 'SYSTEM', '2011-06-04 05:55:08', 'SYSTEM', 13, '2010-04-30 00:00:00', 24, 2, 17, 'N', 3, 7, 6, 7, 7, 5, 4, 9, 7),
(72, '2010-05-12 07:39:04', 'SYSTEM', '2012-04-11 07:15:35', 'SYSTEM', 14, '2010-04-30 00:00:00', 79, 2, 18, 'N', 5, 7, 4, 6, 8, 4, 6, 8, 5),
(73, '2010-05-12 07:40:43', 'SYSTEM', '2010-07-02 21:33:08', 'SYSTEM', 6, '2010-04-30 00:00:00', 50, 1, 19, 'N', 4, 4, 5, 5, 4, 6, 4, 2, 6),
(74, '2010-05-12 07:40:43', 'SYSTEM', '2012-05-12 06:59:39', 'SYSTEM', 12, '2010-04-30 00:00:00', 55, 1, 20, 'N', 6, 4, 5, 5, 5, 6, 6, 5, 8),
(75, '2010-05-12 07:44:45', 'SYSTEM', '2010-07-18 21:15:56', 'SYSTEM', 9, '2010-04-30 00:00:00', 52, 1, 19, 'N', 6, 4, 6, 5, 5, 6, 6, 3, 6),
(76, '2010-05-12 07:44:45', 'SYSTEM', '2011-03-17 16:42:42', 'SYSTEM', 13, '2010-04-30 00:00:00', 81, 1, 20, 'N', 6, 7, 6, 3, 4, 5, 7, 6, 8),
(77, '2010-05-12 07:45:40', 'SYSTEM', '2010-07-02 21:33:08', 'SYSTEM', 15, '2010-04-30 00:00:00', 46, 2, 19, 'N', 4, 8, 7, 7, 9, 6, 5, 6, 6),
(78, '2010-05-12 07:45:40', 'SYSTEM', '2012-05-12 06:59:39', 'SYSTEM', 17, '2010-04-30 00:00:00', 57, 2, 20, 'N', 5, 7, 6, 9, 5, 7, 4, 6, 6),
(79, '2010-05-12 07:47:14', 'SYSTEM', '2010-07-02 21:33:08', 'SYSTEM', 23, '2010-04-30 00:00:00', 48, 2, 19, 'N', 5, 7, 6, 6, 6, 7, 4, 9, 5),
(80, '2010-05-12 07:47:14', 'SYSTEM', '2012-04-11 07:25:08', 'SYSTEM', 15, '2010-04-30 00:00:00', 54, 2, 20, 'N', 5, 7, 6, 8, 5, 5, 4, 7, 6),
(81, '2010-05-12 21:15:57', 'SYSTEM', '2012-04-11 07:24:01', 'SYSTEM', 13, '2010-05-07 00:00:00', 73, 1, 21, 'N', 6, 5, 5, 7, 4, 8, 6, 5, 7),
(82, '2010-05-12 21:15:57', 'SYSTEM', '2012-04-22 09:43:52', 'SYSTEM', 5, '2010-05-07 00:00:00', 27, 1, 22, 'N', 6, 4, 6, 6, 3, 5, 5, 4, 7),
(83, '2010-05-12 21:18:23', 'SYSTEM', '2011-04-23 17:02:23', 'SYSTEM', 17, '2010-05-07 00:00:00', 69, 1, 21, 'N', 6, 4, 7, 7, 6, 5, 4, 4, 7),
(84, '2010-05-12 21:18:23', 'SYSTEM', '2012-05-05 07:40:35', 'SYSTEM', 7, '2010-05-07 00:00:00', 28, 1, 22, 'N', 4, 4, 5, 6, 4, 6, 5, 5, 7),
(85, '2010-05-12 21:19:15', 'SYSTEM', '2012-04-11 07:24:01', 'SYSTEM', 21, '2010-05-07 00:00:00', 68, 1, 21, 'N', 8, 5, 9, 8, 6, 10, 7, 6, 10),
(86, '2010-05-12 21:19:15', 'SYSTEM', '2012-05-05 07:40:35', 'SYSTEM', 8, '2010-05-07 00:00:00', 29, 1, 22, 'N', 5, 4, 4, 6, 4, 5, 8, 3, 6),
(87, '2010-05-12 21:20:18', 'SYSTEM', '2012-04-11 07:24:01', 'SYSTEM', 23, '2010-05-07 00:00:00', 70, 1, 21, 'N', 8, 5, 7, 6, 4, 7, 10, 4, 10),
(88, '2010-05-12 21:20:18', 'SYSTEM', '2012-05-05 07:40:35', 'SYSTEM', 14, '2010-05-07 00:00:00', 30, 1, 22, 'N', 5, 3, 6, 6, 5, 8, 5, 4, 5),
(89, '2010-05-12 21:22:31', 'SYSTEM', '2012-04-11 07:15:35', 'SYSTEM', 3, '2010-05-07 00:00:00', 78, 1, 23, 'N', 5, 4, 4, 6, 4, 6, 5, 4, 6),
(90, '2010-05-12 21:22:31', 'SYSTEM', '2010-09-09 18:28:50', 'SYSTEM', 7, '2010-05-07 00:00:00', 17, 1, 24, 'N', 3, 4, 5, 5, 4, 8, 5, 3, 8),
(91, '2010-05-12 21:23:23', 'SYSTEM', '2012-04-11 07:15:35', 'SYSTEM', 12, '2010-05-07 00:00:00', 77, 1, 23, 'N', 5, 4, 7, 5, 5, 6, 5, 5, 6),
(92, '2010-05-12 21:23:23', 'SYSTEM', '2010-09-09 18:28:50', 'SYSTEM', 10, '2010-05-07 00:00:00', 21, 1, 24, 'N', 6, 5, 5, 6, 4, 7, 6, 5, 8),
(93, '2010-05-12 21:24:25', 'SYSTEM', '2012-04-11 07:15:35', 'SYSTEM', 14, '2010-05-07 00:00:00', 79, 1, 23, 'N', 6, 3, 7, 10, 4, 5, 6, 6, 6),
(94, '2010-05-12 21:24:25', 'SYSTEM', '2010-09-09 18:28:50', 'SYSTEM', 11, '2010-05-07 00:00:00', 19, 1, 24, 'N', 6, 4, 7, 5, 4, 6, 4, 2, 7),
(95, '2010-05-12 21:25:39', 'SYSTEM', '2011-03-30 06:36:26', 'SYSTEM', 22, '2010-05-07 00:00:00', 75, 1, 23, 'N', 5, 4, 7, 6, 4, 13, 7, 4, 7),
(96, '2010-05-12 21:25:39', 'SYSTEM', '2010-09-09 18:28:50', 'SYSTEM', 14, '2010-05-07 00:00:00', 20, 1, 24, 'N', 8, 5, 6, 6, 4, 5, 6, 4, 6),
(97, '2010-05-12 21:27:25', 'SYSTEM', '2012-05-12 06:59:39', 'SYSTEM', 11, '2010-05-07 00:00:00', 56, 2, 27, 'N', 8, 8, 7, 9, 6, 5, 4, 6, 9),
(98, '2010-05-12 21:27:25', 'SYSTEM', '2012-05-15 09:54:33', 'SYSTEM', 4, '2010-05-07 00:00:00', 40, 2, 28, 'N', 5, 7, 5, 7, 5, 4, 4, 9, 5),
(99, '2010-05-12 21:28:10', 'SYSTEM', '2012-05-12 06:59:39', 'SYSTEM', 12, '2010-05-07 00:00:00', 55, 2, 27, 'N', 6, 6, 5, 4, 7, 8, 4, 5, 8),
(100, '2010-05-12 21:28:10', 'SYSTEM', '2012-05-15 09:54:33', 'SYSTEM', 5, '2010-05-07 00:00:00', 41, 2, 28, 'N', 3, 5, 6, 5, 5, 5, 4, 5, 5),
(101, '2010-05-12 21:28:54', 'SYSTEM', '2012-05-15 09:54:33', 'SYSTEM', 16, '2010-05-07 00:00:00', 53, 2, 27, 'N', 7, 10, 7, 9, 5, 7, 5, 7, 10),
(102, '2010-05-12 21:28:54', 'SYSTEM', '2012-05-15 09:54:33', 'SYSTEM', 7, '2010-05-07 00:00:00', 42, 2, 28, 'N', 3, 7, 6, 6, 6, 5, 6, 5, 6),
(103, '2010-05-12 21:39:58', 'SYSTEM', '2010-05-13 20:11:53', 'SYSTEM', NULL, '2010-05-07 00:00:00', NULL, 2, 27, 'Y', NULL, NULL, NULL, NULL, NULL, NULL, NULL, NULL, NULL),
(104, '2010-05-12 21:39:58', 'SYSTEM', '2012-05-15 09:54:33', 'SYSTEM', 8, '2010-05-07 00:00:00', 43, 2, 28, 'N', 5, 6, 7, 5, 8, 3, 5, 5, 5),
(105, '2010-05-12 22:16:11', 'SYSTEM', '2011-03-23 05:53:52', 'SYSTEM', 13, '2010-05-07 00:00:00', 59, 1, 29, 'N', 7, 5, 7, 7, 5, 8, 7, 4, 10),
(106, '2010-05-12 22:16:11', 'SYSTEM', '2012-04-11 06:39:17', 'SYSTEM', 5, '2010-05-07 00:00:00', 39, 1, 30, 'N', 6, 3, 6, 7, 5, 6, 5, 4, 5),
(107, '2010-05-12 22:25:45', 'SYSTEM', '2011-03-23 05:53:52', 'SYSTEM', 18, '2010-05-07 00:00:00', 62, 1, 29, 'N', 7, 4, 5, 8, 5, 10, 6, 6, 8),
(108, '2010-05-12 22:25:45', 'SYSTEM', '2012-04-11 06:39:17', 'SYSTEM', 8, '2010-05-07 00:00:00', 38, 1, 30, 'N', 6, 3, 7, 7, 5, 6, 5, 5, 7),
(109, '2010-05-12 22:26:46', 'SYSTEM', '2010-05-13 20:11:53', 'SYSTEM', 22, '2010-05-07 00:00:00', 63, 1, 29, 'N', 7, 4, 9, 9, 6, 8, 7, 5, 10),
(110, '2010-05-12 22:26:46', 'SYSTEM', '2012-04-11 06:39:17', 'SYSTEM', 13, '2010-05-07 00:00:00', 37, 1, 30, 'N', 6, 4, 7, 6, 4, 7, 6, 6, 7),
(111, '2010-05-12 22:27:38', 'SYSTEM', '2011-03-23 05:53:52', 'SYSTEM', 25, '2010-05-07 00:00:00', 66, 1, 29, 'N', 8, 5, 10, 8, 8, 10, 8, 5, 9),
(112, '2010-05-12 22:27:38', 'SYSTEM', '2012-04-11 06:39:17', 'SYSTEM', 17, '2010-05-07 00:00:00', 34, 1, 30, 'N', 6, 4, 6, 8, 4, 8, 8, 5, 7),
(113, '2010-05-13 20:08:20', 'SYSTEM', '2010-05-13 20:11:53', 'SYSTEM', NULL, '2010-05-07 00:00:00', NULL, 2, 25, 'Y', NULL, NULL, NULL, NULL, NULL, NULL, NULL, NULL, NULL),
(114, '2010-05-13 20:08:20', 'SYSTEM', '2011-04-11 21:00:05', 'SYSTEM', 6, '2010-05-07 00:00:00', 5, 2, 26, 'N', 5, 5, 5, 6, 5, 5, 7, 5, 5),
(115, '2010-05-13 20:09:56', 'SYSTEM', '2010-05-13 20:11:53', 'SYSTEM', NULL, '2010-05-07 00:00:00', NULL, 2, 25, 'Y', NULL, NULL, NULL, NULL, NULL, NULL, NULL, NULL, NULL),
(116, '2010-05-13 20:09:56', 'SYSTEM', '2011-06-14 10:31:43', 'SYSTEM', 10, '2010-05-07 00:00:00', 6, 2, 26, 'N', 5, 5, 5, 6, 5, 5, 3, 5, 5),
(117, '2010-05-13 20:10:38', 'SYSTEM', '2010-05-13 20:11:53', 'SYSTEM', NULL, '2010-05-07 00:00:00', NULL, 2, 25, 'Y', NULL, NULL, NULL, NULL, NULL, NULL, NULL, NULL, NULL),
(118, '2010-05-13 20:10:38', 'SYSTEM', '2011-06-14 10:31:43', 'SYSTEM', 14, '2010-05-07 00:00:00', 3, 2, 26, 'N', 4, 7, 5, 5, 5, 4, 4, 5, 5),
(119, '2010-05-13 20:11:53', 'SYSTEM', '2010-05-13 20:11:53', 'SYSTEM', NULL, '2010-05-07 00:00:00', NULL, 2, 25, 'Y', NULL, NULL, NULL, NULL, NULL, NULL, NULL, NULL, NULL),
(120, '2010-05-13 20:11:53', 'SYSTEM', '2011-06-14 10:31:43', 'SYSTEM', 18, '2010-05-07 00:00:00', 4, 2, 26, 'N', 5, 9, 6, 7, 7, 6, 4, 7, 5),
(121, '2010-05-20 20:35:05', 'SYSTEM', '2012-04-11 07:15:35', 'SYSTEM', 4, '2010-05-14 00:00:00', 78, 1, 31, 'N', 4, 6, 4, 4, 4, 7, 4, 4, 6),
(122, '2010-05-20 20:35:06', 'SYSTEM', '2012-04-12 06:09:10', 'SYSTEM', 8, '2010-05-14 00:00:00', 10, 1, 32, 'N', 5, 4, 7, 5, 5, 6, 6, 4, 8),
(123, '2010-05-20 20:36:26', 'SYSTEM', '2011-04-23 17:02:23', 'SYSTEM', 9, '2010-05-14 00:00:00', 72, 1, 31, 'N', 5, 4, 5, 6, 3, 7, 6, 5, 7),
(124, '2010-05-20 20:36:26', 'SYSTEM', '2010-05-20 21:03:44', 'SYSTEM', 15, '2010-05-14 00:00:00', 14, 1, 32, 'N', 6, 5, 7, 7, 3, 8, 7, 5, 7),
(125, '2010-05-20 20:37:28', 'SYSTEM', '2012-04-11 07:24:01', 'SYSTEM', 15, '2010-05-14 00:00:00', 74, 1, 31, 'N', 5, 5, 7, 8, 4, 7, 6, 7, 8),
(126, '2010-05-20 20:37:28', 'SYSTEM', '2012-04-11 07:12:28', 'SYSTEM', 17, '2010-05-14 00:00:00', 13, 1, 32, 'N', 6, 4, 8, 7, 9, 7, 7, 5, 7),
(127, '2010-05-20 20:40:54', 'SYSTEM', '2010-05-20 21:03:44', 'SYSTEM', 13, '2010-05-14 00:00:00', 83, 1, 31, 'N', 5, 5, 6, 5, 5, 6, 5, 5, 7),
(128, '2010-05-20 20:40:54', 'SYSTEM', '2011-03-29 20:55:53', 'SYSTEM', 28, '2010-05-14 00:00:00', 12, 1, 32, 'N', 9, 6, 9, 7, 6, 12, 9, 4, 10),
(129, '2010-05-20 20:42:40', 'SYSTEM', '2011-06-14 10:31:43', 'SYSTEM', 10, '2010-05-14 00:00:00', 6, 1, 33, 'N', 5, 7, 7, 5, 5, 7, 5, 4, 6),
(130, '2010-05-20 20:42:40', 'SYSTEM', '2012-05-15 09:54:33', 'SYSTEM', 6, '2010-05-14 00:00:00', 40, 1, 34, 'N', 5, 5, 3, 4, 5, 6, 6, 3, 9),
(131, '2010-05-20 20:44:03', 'SYSTEM', '2011-06-14 10:31:43', 'SYSTEM', 10, '2010-05-14 00:00:00', 3, 1, 33, 'N', 5, 5, 6, 6, 4, 6, 5, 4, 6),
(132, '2010-05-20 20:44:03', 'SYSTEM', '2012-05-15 09:54:33', 'SYSTEM', 8, '2010-05-14 00:00:00', 42, 1, 34, 'N', 5, 3, 5, 6, 3, 4, 6, 4, 5),
(133, '2010-05-20 20:45:23', 'SYSTEM', '2011-06-14 10:31:43', 'SYSTEM', 11, '2010-05-14 00:00:00', 2, 1, 33, 'N', 7, 6, 6, 5, 4, 7, 6, 4, 7),
(134, '2010-05-20 20:45:23', 'SYSTEM', '2012-05-15 09:54:33', 'SYSTEM', 9, '2010-05-14 00:00:00', 43, 1, 34, 'N', 5, 3, 4, 6, 3, 6, 5, 4, 7),
(135, '2010-05-20 20:46:38', 'SYSTEM', '2011-06-14 10:31:43', 'SYSTEM', 18, '2010-05-14 00:00:00', 4, 1, 33, 'N', 9, 4, 6, 7, 5, 10, 6, 4, 8),
(136, '2010-05-20 20:46:38', 'SYSTEM', '2012-05-15 09:54:33', 'SYSTEM', 13, '2010-05-14 00:00:00', 44, 1, 34, 'N', 7, 4, 8, 6, 3, 7, 8, 3, 7),
(137, '2010-05-20 20:49:07', 'SYSTEM', '2011-03-23 05:53:52', 'SYSTEM', 9, '2010-05-14 00:00:00', 65, 2, 35, 'N', 5, 8, 5, 6, 6, 8, 4, 4, 4),
(138, '2010-05-20 20:49:07', 'SYSTEM', '2010-09-09 18:28:50', 'SYSTEM', 3, '2010-05-14 00:00:00', 16, 2, 36, 'N', 4, 6, 9, 7, 4, 6, 3, 5, 5),
(139, '2010-05-20 20:50:06', 'SYSTEM', '2011-03-23 05:53:52', 'SYSTEM', 15, '2010-05-14 00:00:00', 61, 2, 35, 'N', 5, 8, 5, 6, 6, 7, 4, 7, 4),
(140, '2010-05-20 20:50:06', 'SYSTEM', '2010-09-09 18:28:50', 'SYSTEM', 8, '2010-05-14 00:00:00', 17, 2, 36, 'N', 5, 6, 6, 7, 5, 5, 3, 6, 6),
(141, '2010-05-20 20:51:11', 'SYSTEM', '2011-03-23 05:53:52', 'SYSTEM', 18, '2010-05-14 00:00:00', 60, 2, 35, 'N', 5, 8, 7, 5, 7, 7, 4, 9, 6),
(142, '2010-05-20 20:51:11', 'SYSTEM', '2010-09-09 18:28:50', 'SYSTEM', 12, '2010-05-14 00:00:00', 21, 2, 36, 'N', 4, 7, 7, 5, 7, 6, 5, 4, 4),
(143, '2010-05-20 20:52:21', 'SYSTEM', '2011-03-23 05:53:52', 'SYSTEM', 25, '2010-05-14 00:00:00', 66, 2, 35, 'N', 7, 9, 9, 7, 7, 9, 8, 6, 6),
(144, '2010-05-20 20:52:21', 'SYSTEM', '2010-09-09 18:28:50', 'SYSTEM', 14, '2010-05-14 00:00:00', 20, 2, 36, 'N', 8, 6, 5, 6, 6, 5, 6, 4, 7),
(145, '2010-05-20 20:53:55', 'SYSTEM', '2012-05-12 06:59:39', 'SYSTEM', 11, '2010-05-14 00:00:00', 58, 2, 37, 'N', 6, 7, 7, 7, 4, 9, 6, 7, 5),
(146, '2010-05-20 20:53:55', 'SYSTEM', '2011-03-19 20:05:43', 'SYSTEM', 3, '2010-05-14 00:00:00', 26, 2, 38, 'N', 3, 6, 5, 6, 4, 5, 4, 5, 4),
(147, '2010-05-20 20:54:47', 'SYSTEM', '2012-05-12 06:59:39', 'SYSTEM', 13, '2010-05-14 00:00:00', 56, 2, 37, 'N', 5, 7, 6, 8, 6, 7, 4, 6, 7),
(148, '2010-05-20 20:54:47', 'SYSTEM', '2012-05-05 07:40:35', 'SYSTEM', 5, '2010-05-14 00:00:00', 25, 2, 38, 'N', 5, 4, 4, 6, 5, 4, 3, 4, 4),
(149, '2010-05-20 20:56:33', 'SYSTEM', '2012-04-11 07:25:08', 'SYSTEM', 15, '2010-05-14 00:00:00', 54, 2, 37, 'N', 5, 7, 6, 7, 8, 5, 4, 4, 4),
(150, '2010-05-20 20:56:33', 'SYSTEM', '2012-05-05 07:40:35', 'SYSTEM', 10, '2010-05-14 00:00:00', 31, 2, 38, 'N', 4, 8, 5, 5, 6, 5, 3, 4, 5),
(151, '2010-05-20 20:58:18', 'SYSTEM', '2012-05-12 06:59:39', 'SYSTEM', 17, '2010-05-14 00:00:00', 57, 2, 37, 'N', 7, 10, 7, 7, 5, 7, 8, 5, 6),
(152, '2010-05-20 20:58:18', 'SYSTEM', '2011-06-04 05:55:08', 'SYSTEM', 14, '2010-05-14 00:00:00', 24, 2, 38, 'N', 5, 6, 7, 8, 8, 5, 3, 4, 5),
(153, '2010-05-20 21:00:03', 'SYSTEM', '2010-07-02 21:33:08', 'SYSTEM', 4, '2010-05-14 00:00:00', 51, 1, 39, 'N', 4, 3, 6, 6, 3, 5, 4, 3, 7),
(154, '2010-05-20 21:00:03', 'SYSTEM', '2011-06-22 18:56:45', 'SYSTEM', 12, '2010-05-14 00:00:00', 35, 1, 40, 'N', 6, 5, 9, 5, 4, 6, 7, 4, 6),
(155, '2010-05-20 21:01:08', 'SYSTEM', '2010-07-02 21:33:08', 'SYSTEM', 7, '2010-05-14 00:00:00', 50, 1, 39, 'N', 5, 5, 4, 5, 3, 9, 6, 4, 4),
(156, '2010-05-20 21:01:08', 'SYSTEM', '2010-05-20 21:03:44', 'SYSTEM', 14, '2010-05-14 00:00:00', 32, 1, 40, 'N', 7, 3, 4, 5, 4, 6, 6, 5, 5),
(157, '2010-05-20 21:02:36', 'SYSTEM', '2010-07-18 21:15:56', 'SYSTEM', 9, '2010-05-14 00:00:00', 52, 1, 39, 'N', 5, 6, 7, 6, 4, 6, 6, 4, 5),
(158, '2010-05-20 21:02:36', 'SYSTEM', '2010-06-18 15:48:06', 'SYSTEM', 14, '2010-05-14 00:00:00', 36, 1, 40, 'N', 6, 4, 6, 6, 5, 6, 4, 5, 7),
(159, '2010-05-20 21:03:44', 'SYSTEM', '2010-07-02 21:33:08', 'SYSTEM', 10, '2010-05-14 00:00:00', 47, 1, 39, 'N', 5, 5, 6, 5, 4, 6, 5, 3, 8),
(160, '2010-05-20 21:03:44', 'SYSTEM', '2012-04-11 06:39:17', 'SYSTEM', 17, '2010-05-14 00:00:00', 34, 1, 40, 'N', 7, 4, 8, 6, 5, 8, 7, 5, 7),
(161, '2010-05-23 10:11:49', 'SYSTEM', '2012-04-11 07:15:35', 'SYSTEM', 5, '2010-05-21 00:00:00', 78, 1, 41, 'N', 5, 4, 4, 4, 3, 4, 5, 5, 4),
(162, '2010-05-23 10:11:49', 'SYSTEM', '2011-03-23 05:53:52', 'SYSTEM', 9, '2010-05-21 00:00:00', 64, 1, 42, 'N', 4, 5, 6, 7, 5, 5, 3, 3, 5),
(163, '2010-05-23 10:13:23', 'SYSTEM', '2012-04-11 07:15:35', 'SYSTEM', 12, '2010-05-21 00:00:00', 77, 1, 41, 'N', 4, 6, 5, 6, 5, 5, 4, 3, 4),
(164, '2010-05-23 10:13:23', 'SYSTEM', '2011-03-23 05:53:52', 'SYSTEM', 10, '2010-05-21 00:00:00', 67, 1, 42, 'N', 6, 5, 6, 5, 5, 7, 6, 3, 6),
(165, '2010-05-23 10:14:46', 'SYSTEM', '2012-04-11 07:15:35', 'SYSTEM', 15, '2010-05-21 00:00:00', 79, 1, 41, 'N', 5, 3, 7, 7, 4, 8, 5, 4, 6),
(166, '2010-05-23 10:14:46', 'SYSTEM', '2011-03-23 05:53:52', 'SYSTEM', 18, '2010-05-21 00:00:00', 62, 1, 42, 'N', 8, 7, 7, 8, 5, 7, 4, 4, 6),
(167, '2010-05-23 10:16:11', 'SYSTEM', '2011-03-30 06:36:26', 'SYSTEM', 21, '2010-05-21 00:00:00', 75, 1, 41, 'N', 7, 5, 5, 7, 5, 9, 6, 6, 7),
(168, '2010-05-23 10:16:11', 'SYSTEM', '2011-03-23 05:53:52', 'SYSTEM', 18, '2010-05-21 00:00:00', 60, 1, 42, 'N', 7, 6, 6, 6, 6, 9, 7, 5, 10),
(169, '2010-05-23 10:17:19', 'SYSTEM', '2010-09-09 18:28:50', 'SYSTEM', 10, '2010-05-21 00:00:00', 15, 1, 43, 'N', 8, 4, 6, 4, 4, 5, 6, 3, 7),
(170, '2010-05-23 10:17:19', 'SYSTEM', '2011-03-23 05:52:58', 'SYSTEM', 5, '2010-05-21 00:00:00', 45, 1, 44, 'N', 5, 4, 5, 5, 2, 5, 5, 3, 6),
(171, '2010-05-23 10:18:17', 'SYSTEM', '2010-09-09 18:28:50', 'SYSTEM', 11, '2010-05-21 00:00:00', 19, 1, 43, 'N', 5, 3, 4, 6, 4, 7, 5, 4, 7),
(172, '2010-05-23 10:18:17', 'SYSTEM', '2012-05-15 09:54:33', 'SYSTEM', 6, '2010-05-21 00:00:00', 41, 1, 44, 'N', 4, 3, 6, 4, 4, 7, 4, 3, 6),
(173, '2010-05-23 10:19:42', 'SYSTEM', '2010-09-09 18:28:50', 'SYSTEM', 13, '2010-05-21 00:00:00', 21, 1, 43, 'N', 9, 4, 6, 6, 4, 5, 6, 5, 5),
(174, '2010-05-23 10:19:42', 'SYSTEM', '2012-05-15 09:54:33', 'SYSTEM', 14, '2010-05-21 00:00:00', 44, 1, 44, 'N', 6, 4, 5, 4, 3, 6, 7, 5, 7),
(175, '2010-05-23 10:20:34', 'SYSTEM', '2010-09-09 18:28:50', 'SYSTEM', 18, '2010-05-21 00:00:00', 18, 1, 43, 'N', 6, 5, 7, 6, 4, 6, 6, 5, 7),
(176, '2010-05-23 10:20:34', 'SYSTEM', '2010-05-23 10:38:05', 'SYSTEM', NULL, '2010-05-21 00:00:00', NULL, 1, 44, 'Y', NULL, NULL, NULL, NULL, NULL, NULL, NULL, NULL, NULL),
(177, '2010-05-23 10:22:02', 'SYSTEM', '2011-03-19 20:05:43', 'SYSTEM', 4, '2010-05-21 00:00:00', 26, 2, 45, 'N', 3, 5, 4, 5, 4, 5, 4, 5, 5),
(178, '2010-05-23 10:22:02', 'SYSTEM', '2012-04-11 06:39:17', 'SYSTEM', 9, '2010-05-21 00:00:00', 33, 2, 46, 'N', 4, 8, 4, 7, 5, 5, 3, 5, 4),
(179, '2010-05-23 10:23:50', 'SYSTEM', '2012-05-05 07:40:35', 'SYSTEM', 7, '2010-05-21 00:00:00', 28, 2, 45, 'N', 5, 9, 4, 4, 6, 5, 4, 4, 8),
(180, '2010-05-23 10:23:50', 'SYSTEM', '2012-04-11 06:39:17', 'SYSTEM', 9, '2010-05-21 00:00:00', 38, 2, 46, 'N', 5, 8, 4, 8, 7, 5, 4, 7, 8),
(181, '2010-05-23 10:25:06', 'SYSTEM', '2012-05-05 07:40:35', 'SYSTEM', 8, '2010-05-21 00:00:00', 29, 2, 45, 'N', 4, 8, 5, 5, 5, 5, 5, 5, 5),
(182, '2010-05-23 10:25:06', 'SYSTEM', '2010-06-18 15:48:06', 'SYSTEM', 14, '2010-05-21 00:00:00', 36, 2, 46, 'N', 4, 7, 7, 7, 6, 5, 3, 7, 4),
(183, '2010-05-23 10:26:07', 'SYSTEM', '2012-05-05 07:40:35', 'SYSTEM', 12, '2010-05-21 00:00:00', 30, 2, 45, 'N', 4, 5, 5, 5, 5, 4, 3, 6, 5),
(184, '2010-05-23 10:26:07', 'SYSTEM', '2012-04-11 06:39:17', 'SYSTEM', 17, '2010-05-21 00:00:00', 34, 2, 46, 'N', 6, 8, 7, 8, 6, 6, 5, 7, 7),
(185, '2010-05-23 10:28:48', 'SYSTEM', '2012-04-12 06:09:10', 'SYSTEM', 7, '2010-05-21 00:00:00', 8, 2, 47, 'N', 5, 7, 6, 8, 6, 5, 4, 6, 6),
(186, '2010-05-23 10:28:48', 'SYSTEM', '2010-07-02 21:33:08', 'SYSTEM', 4, '2010-05-21 00:00:00', 51, 2, 48, 'N', 4, 6, 5, 5, 6, 4, 3, 4, 6),
(187, '2010-05-23 10:29:50', 'SYSTEM', '2012-04-12 06:09:10', 'SYSTEM', 11, '2010-05-21 00:00:00', 10, 2, 47, 'N', 3, 6, 4, 6, 6, 5, 4, 4, 5),
(188, '2010-05-23 10:29:50', 'SYSTEM', '2010-07-02 21:33:08', 'SYSTEM', 6, '2010-05-21 00:00:00', 50, 2, 48, 'N', 3, 6, 4, 5, 5, 4, 4, 6, 4),
(189, '2010-05-23 10:31:47', 'SYSTEM', '2011-06-16 05:52:17', 'SYSTEM', 11, '2010-05-21 00:00:00', 11, 2, 47, 'N', 3, 6, 5, 8, 5, 5, 3, 5, 6),
(190, '2010-05-23 10:31:47', 'SYSTEM', '2010-07-18 21:15:56', 'SYSTEM', 10, '2010-05-21 00:00:00', 52, 2, 48, 'N', 3, 6, 5, 6, 4, 5, 4, 6, 5),
(191, '2010-05-23 10:32:44', 'SYSTEM', '2012-04-11 07:12:28', 'SYSTEM', 18, '2010-05-21 00:00:00', 13, 2, 47, 'N', 3, 8, 8, 6, 5, 6, 5, 5, 5),
(192, '2010-05-23 10:32:44', 'SYSTEM', '2010-07-02 21:33:08', 'SYSTEM', 23, '2010-05-21 00:00:00', 48, 2, 48, 'N', 6, 6, 5, 9, 10, 6, 4, 6, 4),
(193, '2010-05-23 10:35:01', 'SYSTEM', '2011-06-14 10:31:43', 'SYSTEM', 6, '2010-05-21 00:00:00', 1, 1, 49, 'N', 5, 5, 5, 5, 5, 6, 4, 4, 6),
(194, '2010-05-23 10:35:01', 'SYSTEM', '2012-04-11 07:24:01', 'SYSTEM', 14, '2010-05-21 00:00:00', 73, 1, 50, 'N', 6, 5, 7, 5, 4, 6, 5, 3, 6),
(195, '2010-05-23 10:35:57', 'SYSTEM', '2011-04-11 21:00:05', 'SYSTEM', 7, '2010-05-21 00:00:00', 5, 1, 49, 'N', 4, 3, 5, 5, 4, 5, 5, 4, 5),
(196, '2010-05-23 10:35:57', 'SYSTEM', '2012-04-11 07:24:01', 'SYSTEM', 16, '2010-05-21 00:00:00', 74, 1, 50, 'N', 5, 5, 9, 5, 5, 11, 7, 6, 9),
(197, '2010-05-23 10:37:05', 'SYSTEM', '2011-06-14 10:31:43', 'SYSTEM', 11, '2010-05-21 00:00:00', 6, 2, 49, 'N', 3, 7, 6, 6, 5, 7, 3, 4, 7),
(198, '2010-05-23 10:37:05', 'SYSTEM', '2012-04-11 07:24:01', 'SYSTEM', 20, '2010-05-21 00:00:00', 80, 2, 50, 'N', 6, 10, 6, 7, 7, 8, 4, 5, 6),
(199, '2010-05-23 10:38:05', 'SYSTEM', '2011-06-14 10:31:43', 'SYSTEM', 12, '2010-05-21 00:00:00', 2, 2, 49, 'N', 4, 6, 7, 7, 5, 4, 5, 6, 6),
(200, '2010-05-23 10:38:05', 'SYSTEM', '2012-04-11 07:24:01', 'SYSTEM', 24, '2010-05-21 00:00:00', 70, 2, 50, 'N', 6, 8, 6, 9, 7, 7, 5, 7, 8),
(201, '2010-05-29 06:45:24', 'SYSTEM', '2010-09-09 18:28:50', 'SYSTEM', 5, '2010-05-28 00:00:00', 16, 1, 51, 'N', 4, 5, 4, 5, 3, 4, 5, 3, 6),
(202, '2010-05-29 06:45:24', 'SYSTEM', '2011-04-11 21:00:05', 'SYSTEM', 7, '2010-05-28 00:00:00', 5, 1, 52, 'N', 4, 4, 5, 5, 4, 7, 5, 5, 6),
(203, '2010-05-29 06:46:22', 'SYSTEM', '2010-09-09 18:28:50', 'SYSTEM', 14, '2010-05-28 00:00:00', 20, 1, 51, 'N', 5, 6, 6, 5, 3, 6, 6, 6, 5),
(204, '2010-05-29 06:46:22', 'SYSTEM', '2011-06-14 10:31:43', 'SYSTEM', 11, '2010-05-28 00:00:00', 6, 1, 52, 'N', 5, 4, 7, 5, 4, 6, 5, 4, 7),
(205, '2010-05-29 06:47:22', 'SYSTEM', '2010-09-09 18:28:50', 'SYSTEM', 18, '2010-05-28 00:00:00', 18, 1, 51, 'N', 7, 5, 7, 4, 4, 6, 7, 7, 8),
(206, '2010-05-29 06:47:22', 'SYSTEM', '2011-06-14 10:31:43', 'SYSTEM', 11, '2010-05-28 00:00:00', 3, 1, 52, 'N', 6, 4, 9, 5, 4, 7, 5, 6, 8),
(207, '2010-05-29 06:48:23', 'SYSTEM', '2010-05-29 14:22:33', 'SYSTEM', NULL, '2010-05-28 00:00:00', NULL, 1, 51, 'Y', NULL, NULL, NULL, NULL, NULL, NULL, NULL, NULL, NULL),
(208, '2010-05-29 06:48:23', 'SYSTEM', '2011-06-14 10:31:43', 'SYSTEM', 18, '2010-05-28 00:00:00', 4, 1, 52, 'N', 5, 4, 8, 8, 4, 7, 8, 4, 6),
(209, '2010-05-29 13:57:22', 'SYSTEM', '2012-04-12 06:09:10', 'SYSTEM', 10, '2010-05-28 00:00:00', 7, 1, 53, 'N', 5, 6, 5, 6, 5, 7, 7, 4, 6),
(210, '2010-05-29 13:57:22', 'SYSTEM', '2012-05-05 07:40:35', 'SYSTEM', 8, '2010-05-28 00:00:00', 31, 1, 54, 'N', 5, 3, 4, 4, 3, 7, 7, 4, 5),
(211, '2010-05-29 13:58:15', 'SYSTEM', '2011-06-16 05:52:17', 'SYSTEM', 10, '2010-05-28 00:00:00', 11, 1, 53, 'N', 6, 4, 5, 7, 4, 6, 10, 4, 8),
(212, '2010-05-29 13:58:15', 'SYSTEM', '2012-05-05 07:40:35', 'SYSTEM', 9, '2010-05-28 00:00:00', 28, 1, 54, 'N', 4, 4, 5, 7, 4, 6, 5, 5, 5),
(213, '2010-05-29 13:59:09', 'SYSTEM', '2010-05-29 14:22:33', 'SYSTEM', 16, '2010-05-28 00:00:00', 14, 1, 53, 'N', 7, 5, 6, 5, 5, 6, 6, 6, 9),
(214, '2010-05-29 13:59:09', 'SYSTEM', '2012-05-05 07:40:35', 'SYSTEM', 9, '2010-05-28 00:00:00', 29, 1, 54, 'N', 5, 3, 5, 6, 4, 6, 6, 4, 7),
(215, '2010-05-29 14:00:11', 'SYSTEM', '2011-03-29 20:55:53', 'SYSTEM', 31, '2010-05-28 00:00:00', 12, 1, 53, 'N', 6, 5, 7, 4, 5, 7, 7, 4, 8),
(216, '2010-05-29 14:00:11', 'SYSTEM', '2011-06-04 05:55:08', 'SYSTEM', 14, '2010-05-28 00:00:00', 24, 1, 54, 'N', 4, 5, 6, 6, 3, 5, 5, 4, 7),
(217, '2010-05-29 14:02:19', 'SYSTEM', '2012-05-12 06:59:39', 'SYSTEM', 12, '2010-05-28 00:00:00', 55, 2, 55, 'N', 6, 7, 6, 7, 6, 8, 4, 5, 6),
(218, '2010-05-29 14:02:19', 'SYSTEM', '2011-03-23 05:53:52', 'SYSTEM', 10, '2010-05-28 00:00:00', 65, 2, 56, 'N', 5, 6, 5, 5, 5, 8, 4, 5, 5),
(219, '2010-05-29 14:03:09', 'SYSTEM', '2012-05-12 06:59:39', 'SYSTEM', 14, '2010-05-28 00:00:00', 56, 2, 55, 'N', 5, 6, 4, 8, 7, 5, 3, 7, 5),
(220, '2010-05-29 14:03:09', 'SYSTEM', '2011-03-23 05:53:52', 'SYSTEM', 10, '2010-05-28 00:00:00', 67, 2, 56, 'N', 5, 7, 6, 7, 5, 6, 4, 4, 4),
(221, '2010-05-29 14:05:39', 'SYSTEM', '2012-04-11 07:25:08', 'SYSTEM', 14, '2010-05-28 00:00:00', 54, 2, 55, 'N', 5, 8, 7, 7, 4, 8, 4, 5, 6),
(222, '2010-05-29 14:05:39', 'SYSTEM', '2011-03-23 05:53:52', 'SYSTEM', 15, '2010-05-28 00:00:00', 59, 2, 56, 'N', 6, 6, 5, 8, 4, 9, 4, 7, 4),
(223, '2010-05-29 14:08:17', 'SYSTEM', '2012-05-15 09:54:33', 'SYSTEM', 22, '2010-05-28 00:00:00', 53, 2, 55, 'N', 6, 8, 6, 9, 5, 7, 4, 4, 6),
(224, '2010-05-29 14:08:17', 'SYSTEM', '2011-03-23 05:53:52', 'SYSTEM', 18, '2010-05-28 00:00:00', 62, 2, 56, 'N', 4, 8, 8, 9, 5, 6, 2, 6, 6),
(225, '2010-05-29 14:10:10', 'SYSTEM', '2010-07-02 21:33:08', 'SYSTEM', 4, '2010-05-28 00:00:00', 51, 2, 57, 'N', 4, 5, 7, 5, 5, 4, 3, 4, 5),
(226, '2010-05-29 14:10:10', 'SYSTEM', '2012-04-11 07:24:01', 'SYSTEM', 13, '2010-05-28 00:00:00', 73, 2, 58, 'N', 4, 6, 6, 8, 6, 9, 4, 8, 6),
(227, '2010-05-29 14:11:06', 'SYSTEM', '2010-07-02 21:33:08', 'SYSTEM', 10, '2010-05-28 00:00:00', 47, 2, 57, 'N', 3, 8, 7, 5, 6, 5, 3, 7, 5),
(228, '2010-05-29 14:11:06', 'SYSTEM', '2012-04-11 07:24:01', 'SYSTEM', 18, '2010-05-28 00:00:00', 71, 2, 58, 'N', 8, 5, 6, 8, 5, 5, 8, 6, 5),
(229, '2010-05-29 14:12:15', 'SYSTEM', '2010-07-02 21:33:08', 'SYSTEM', 16, '2010-05-28 00:00:00', 46, 2, 57, 'N', 4, 8, 8, 6, 5, 6, 5, 7, 5),
(230, '2010-05-29 14:12:15', 'SYSTEM', '2012-04-11 07:24:01', 'SYSTEM', 18, '2010-05-28 00:00:00', 74, 2, 58, 'N', 2, 6, 5, 7, 8, 6, 5, 7, 6),
(231, '2010-05-29 14:15:21', 'SYSTEM', '2010-07-02 21:33:08', 'SYSTEM', 21, '2010-05-28 00:00:00', 48, 2, 57, 'N', 5, 9, 6, 8, 7, 6, 7, 9, 4),
(232, '2010-05-29 14:15:21', 'SYSTEM', '2012-04-11 07:24:01', 'SYSTEM', 20, '2010-05-28 00:00:00', 80, 2, 58, 'N', 6, 7, 6, 7, 7, 6, 4, 6, 7),
(233, '2010-05-29 14:16:34', 'SYSTEM', '2011-03-23 05:52:58', 'SYSTEM', 5, '2010-05-28 00:00:00', 45, 1, 59, 'N', 5, 4, 3, 4, 4, 6, 4, 3, 7),
(234, '2010-05-29 14:16:34', 'SYSTEM', '2012-04-11 07:15:35', 'SYSTEM', 5, '2010-05-28 00:00:00', 78, 1, 60, 'N', 4, 4, 4, 3, 3, 6, 4, 4, 5),
(235, '2010-05-29 14:17:11', 'SYSTEM', '2012-05-15 09:54:33', 'SYSTEM', 6, '2010-05-28 00:00:00', 41, 1, 59, 'N', 4, 4, 5, 5, 2, 5, 4, 4, 5),
(236, '2010-05-29 14:17:11', 'SYSTEM', '2012-04-11 07:15:35', 'SYSTEM', 8, '2010-05-28 00:00:00', 76, 1, 60, 'N', 5, 5, 5, 6, 3, 5, 7, 3, 4),
(237, '2010-05-29 14:21:33', 'SYSTEM', '2012-05-15 09:54:33', 'SYSTEM', 8, '2010-05-28 00:00:00', 42, 1, 59, 'N', 4, 4, 5, 4, 3, 5, 4, 5, 5),
(238, '2010-05-29 14:21:33', 'SYSTEM', '2012-04-11 07:15:35', 'SYSTEM', 12, '2010-05-28 00:00:00', 77, 1, 60, 'N', 5, 4, 4, 5, 2, 7, 5, 4, 6),
(239, '2010-05-29 14:22:33', 'SYSTEM', '2012-05-15 09:54:33', 'SYSTEM', 13, '2010-05-28 00:00:00', 44, 1, 59, 'N', 4, 6, 7, 4, 4, 6, 5, 4, 7),
(240, '2010-05-29 14:22:33', 'SYSTEM', '2012-04-11 07:15:35', 'SYSTEM', 14, '2010-05-28 00:00:00', 79, 1, 60, 'N', 5, 4, 5, 4, 4, 6, 5, 4, 5),
(241, '2010-06-04 20:51:07', 'SYSTEM', '2012-04-11 06:39:17', 'SYSTEM', 6, '2010-06-04 00:00:00', 39, 1, 61, 'N', 6, 6, 4, 5, 4, 7, 4, 3, 5),
(242, '2010-06-04 20:51:07', 'SYSTEM', '2010-09-09 18:28:50', 'SYSTEM', 9, '2010-06-04 00:00:00', 17, 1, 62, 'N', 5, 5, 8, 5, 4, 4, 4, 4, 8),
(243, '2010-06-04 20:51:58', 'SYSTEM', '2012-04-11 06:39:17', 'SYSTEM', 9, '2010-06-04 00:00:00', 33, 1, 61, 'N', 4, 4, 7, 5, 5, 7, 5, 4, 6),
(244, '2010-06-04 20:51:58', 'SYSTEM', '2010-09-09 18:28:50', 'SYSTEM', 12, '2010-06-04 00:00:00', 21, 1, 62, 'N', 5, 5, 6, 4, 5, 6, 5, 3, 5),
(245, '2010-06-04 20:53:48', 'SYSTEM', '2012-04-11 06:39:17', 'SYSTEM', 11, '2010-06-04 00:00:00', 38, 1, 61, 'N', 5, 3, 6, 5, 4, 6, 5, 3, 5),
(246, '2010-06-04 20:53:48', 'SYSTEM', '2010-09-09 18:28:50', 'SYSTEM', 14, '2010-06-04 00:00:00', 20, 1, 62, 'N', 4, 7, 5, 6, 5, 6, 4, 3, 5),
(247, '2010-06-04 20:54:35', 'SYSTEM', '2012-04-11 06:39:17', 'SYSTEM', 13, '2010-06-04 00:00:00', 37, 1, 61, 'N', 6, 4, 5, 5, 4, 6, 5, 4, 5),
(248, '2010-06-04 20:54:35', 'SYSTEM', '2010-09-09 18:28:50', 'SYSTEM', 18, '2010-06-04 00:00:00', 18, 1, 62, 'N', 6, 5, 7, 6, 5, 8, 7, 4, 8),
(249, '2010-06-04 20:56:46', 'SYSTEM', '2012-05-12 06:59:39', 'SYSTEM', 14, '2010-06-04 00:00:00', 58, 1, 63, 'N', 7, 3, 5, 5, 3, 6, 4, 4, 8),
(250, '2010-06-04 20:56:46', 'SYSTEM', '2012-05-05 07:40:35', 'SYSTEM', 10, '2010-06-04 00:00:00', 28, 1, 64, 'N', 6, 5, 6, 4, 4, 5, 6, 3, 5),
(251, '2010-06-04 20:58:16', 'SYSTEM', '2012-05-12 06:59:39', 'SYSTEM', 15, '2010-06-04 00:00:00', 56, 1, 63, 'N', 6, 6, 7, 5, 5, 6, 7, 2, 7),
(252, '2010-06-04 20:58:16', 'SYSTEM', '2012-04-11 07:15:35', 'SYSTEM', 10, '2010-06-04 00:00:00', 77, 1, 64, 'N', 5, 5, 6, 6, 4, 7, 6, 5, 6),
(253, '2010-06-04 20:59:15', 'SYSTEM', '2012-05-12 06:59:39', 'SYSTEM', 19, '2010-06-04 00:00:00', 57, 1, 63, 'N', 4, 5, 6, 7, 6, 7, 6, 5, 6),
(254, '2010-06-04 20:59:15', 'SYSTEM', '2012-04-11 07:15:35', 'SYSTEM', 13, '2010-06-04 00:00:00', 79, 1, 64, 'N', 8, 4, 7, 6, 6, 7, 6, 4, 5),
(255, '2010-06-04 21:00:23', 'SYSTEM', '2012-05-15 09:54:33', 'SYSTEM', 20, '2010-06-04 00:00:00', 53, 1, 63, 'N', 6, 5, 6, 5, 6, 6, 6, 4, 10),
(256, '2010-06-04 21:00:23', 'SYSTEM', '2011-03-30 06:36:26', 'SYSTEM', 20, '2010-06-04 00:00:00', 75, 1, 64, 'N', 4, 8, 4, 5, 5, 9, 5, 5, 6),
(257, '2010-06-04 21:02:24', 'SYSTEM', '2012-05-15 09:54:33', 'SYSTEM', 5, '2010-06-04 00:00:00', 41, 2, 65, 'N', 4, 5, 4, 6, 4, 6, 3, 7, 3),
(258, '2010-06-04 21:02:24', 'SYSTEM', '2012-04-12 06:09:10', 'SYSTEM', 8, '2010-06-04 00:00:00', 8, 2, 66, 'N', 5, 5, 4, 6, 5, 7, 3, 6, 5),
(259, '2010-06-04 21:03:18', 'SYSTEM', '2011-03-23 05:52:58', 'SYSTEM', 5, '2010-06-04 00:00:00', 45, 2, 65, 'N', 4, 5, 4, 7, 4, 6, 4, 7, 4),
(260, '2010-06-04 21:03:18', 'SYSTEM', '2012-04-12 06:09:10', 'SYSTEM', 9, '2010-06-04 00:00:00', 10, 2, 66, 'N', 3, 5, 6, 9, 4, 4, 4, 4, 4),
(261, '2010-06-04 21:04:54', 'SYSTEM', '2012-05-15 09:54:33', 'SYSTEM', 6, '2010-06-04 00:00:00', 40, 2, 65, 'N', 4, 6, 5, 5, 8, 8, 3, 5, 4),
(262, '2010-06-04 21:04:54', 'SYSTEM', '2010-06-04 21:13:51', 'SYSTEM', 17, '2010-06-04 00:00:00', 14, 2, 66, 'N', 5, 8, 6, 7, 7, 4, 5, 7, 7),
(263, '2010-06-04 21:05:37', 'SYSTEM', '2012-05-15 09:54:33', 'SYSTEM', 8, '2010-06-04 00:00:00', 43, 2, 65, 'N', 3, 7, 8, 5, 5, 7, 3, 5, 5),
(264, '2010-06-04 21:05:37', 'SYSTEM', '2012-04-11 07:12:28', 'SYSTEM', 17, '2010-06-04 00:00:00', 13, 2, 66, 'N', 4, 6, 4, 5, 6, 4, 3, 4, 8),
(265, '2010-06-04 21:07:07', 'SYSTEM', '2011-03-23 05:53:52', 'SYSTEM', 11, '2010-06-04 00:00:00', 67, 2, 67, 'N', 6, 8, 6, 5, 5, 6, 4, 6, 5),
(266, '2010-06-04 21:07:07', 'SYSTEM', '2012-04-11 07:24:01', 'SYSTEM', 18, '2010-06-04 00:00:00', 71, 2, 68, 'N', 5, 7, 6, 6, 5, 6, 5, 8, 6),
(267, '2010-06-04 21:07:54', 'SYSTEM', '2011-03-23 05:53:52', 'SYSTEM', 18, '2010-06-04 00:00:00', 62, 2, 67, 'N', 4, 8, 6, 6, 6, 7, 5, 6, 7),
(268, '2010-06-04 21:07:54', 'SYSTEM', '2012-04-11 07:24:01', 'SYSTEM', 18, '2010-06-04 00:00:00', 74, 2, 68, 'N', 6, 7, 8, 7, 6, 7, 6, 6, 6),
(269, '2010-06-04 21:08:57', 'SYSTEM', '2011-03-23 05:53:52', 'SYSTEM', 20, '2010-06-04 00:00:00', 60, 2, 67, 'N', 5, 7, 7, 7, 7, 6, 6, 6, 5),
(270, '2010-06-04 21:08:57', 'SYSTEM', '2012-04-11 07:24:01', 'SYSTEM', 24, '2010-06-04 00:00:00', 70, 2, 68, 'N', 5, 7, 8, 7, 8, 7, 5, 7, 6),
(271, '2010-06-04 21:09:48', 'SYSTEM', '2011-03-23 05:53:52', 'SYSTEM', 26, '2010-06-04 00:00:00', 66, 2, 67, 'N', 6, 10, 8, 7, 8, 8, 4, 7, 7),
(272, '2010-06-04 21:09:48', 'SYSTEM', '2012-04-11 07:24:01', 'SYSTEM', 26, '2010-06-04 00:00:00', 68, 2, 68, 'N', 7, 8, 5, 6, 6, 6, 5, 8, 7),
(273, '2010-06-04 21:11:14', 'SYSTEM', '2011-06-14 10:31:43', 'SYSTEM', 11, '2010-06-04 00:00:00', 2, 1, 69, 'N', 6, 3, 5, 5, 3, 6, 4, 3, 7),
(274, '2010-06-04 21:11:14', 'SYSTEM', '2012-05-05 07:40:35', 'SYSTEM', 5, '2010-06-04 00:00:00', 25, 1, 70, 'N', 4, 4, 5, 4, 4, 5, 4, 4, 5),
(275, '2010-06-04 21:11:58', 'SYSTEM', '2011-06-14 10:31:43', 'SYSTEM', 12, '2010-06-04 00:00:00', 6, 1, 69, 'N', 5, 5, 8, 7, 4, 5, 8, 3, 6),
(276, '2010-06-04 21:11:58', 'SYSTEM', '2012-04-22 09:43:52', 'SYSTEM', 6, '2010-06-04 00:00:00', 27, 1, 70, 'N', 5, 5, 4, 4, 3, 6, 6, 3, 5),
(277, '2010-06-04 21:13:05', 'SYSTEM', '2011-06-14 10:31:43', 'SYSTEM', 12, '2010-06-04 00:00:00', 3, 1, 69, 'N', 7, 6, 4, 5, 3, 7, 5, 3, 6),
(278, '2010-06-04 21:13:05', 'SYSTEM', '2012-05-05 07:40:35', 'SYSTEM', 9, '2010-06-04 00:00:00', 29, 1, 70, 'N', 7, 3, 5, 6, 4, 7, 5, 3, 7),
(279, '2010-06-04 21:13:51', 'SYSTEM', '2011-06-14 10:31:43', 'SYSTEM', 19, '2010-06-04 00:00:00', 4, 1, 69, 'N', 6, 4, 7, 6, 3, 9, 5, 3, 7),
(280, '2010-06-04 21:13:51', 'SYSTEM', '2012-05-05 07:40:35', 'SYSTEM', 10, '2010-06-04 00:00:00', 30, 1, 70, 'N', 5, 4, 5, 5, 3, 5, 5, 3, 5),
(281, '2010-06-18 14:59:44', 'SYSTEM', '2012-05-05 07:40:35', 'SYSTEM', 9, '2010-06-11 00:00:00', 31, 1, 71, 'N', 5, 3, 4, 5, 3, 6, 5, 5, 7),
(282, '2010-06-18 14:59:44', 'SYSTEM', '2010-07-02 21:33:08', 'SYSTEM', 4, '2010-06-11 00:00:00', 51, 1, 72, 'N', 5, 3, 5, 4, 3, 5, 4, 4, 6),
(283, '2010-06-18 15:00:26', 'SYSTEM', '2012-05-05 07:40:35', 'SYSTEM', 9, '2010-06-11 00:00:00', 29, 1, 71, 'N', 5, 4, 4, 7, 4, 4, 6, 4, 7),
(284, '2010-06-18 15:00:26', 'SYSTEM', '2010-07-02 21:33:08', 'SYSTEM', 6, '2010-06-11 00:00:00', 50, 1, 72, 'N', 4, 5, 5, 4, 3, 5, 4, 4, 5),
(285, '2010-06-18 15:01:26', 'SYSTEM', '2012-05-05 07:40:35', 'SYSTEM', 10, '2010-06-11 00:00:00', 28, 1, 71, 'N', 4, 4, 6, 4, 3, 5, 6, 3, 7),
(286, '2010-06-18 15:01:26', 'SYSTEM', '2010-07-02 21:33:08', 'SYSTEM', 10, '2010-06-11 00:00:00', 47, 1, 72, 'N', 6, 5, 6, 6, 4, 6, 5, 4, 7),
(287, '2010-06-18 15:03:00', 'SYSTEM', '2011-06-04 05:55:08', 'SYSTEM', 13, '2010-06-11 00:00:00', 24, 1, 71, 'N', 5, 5, 5, 8, 4, 4, 6, 3, 4),
(288, '2010-06-18 15:03:00', 'SYSTEM', '2010-07-18 21:15:56', 'SYSTEM', 10, '2010-06-11 00:00:00', 52, 1, 72, 'N', 7, 6, 8, 5, 3, 5, 5, 5, 6),
(289, '2010-06-18 15:04:15', 'SYSTEM', '2012-04-12 06:09:10', 'SYSTEM', 11, '2010-06-11 00:00:00', 7, 1, 73, 'N', 5, 5, 5, 5, 5, 7, 6, 6, 8),
(290, '2010-06-18 15:04:15', 'SYSTEM', '2011-03-23 05:53:52', 'SYSTEM', 16, '2010-06-11 00:00:00', 59, 1, 74, 'N', 6, 4, 6, 6, 4, 6, 6, 4, 8),
(291, '2010-06-18 15:05:02', 'SYSTEM', '2012-04-11 07:12:14', 'SYSTEM', 13, '2010-06-11 00:00:00', 9, 1, 73, 'N', 7, 3, 5, 5, 5, 7, 5, 4, 6),
(292, '2010-06-18 15:05:02', 'SYSTEM', '2011-03-23 05:53:52', 'SYSTEM', 18, '2010-06-11 00:00:00', 62, 1, 74, 'N', 6, 4, 4, 7, 4, 7, 8, 7, 12),
(293, '2010-06-18 15:05:53', 'SYSTEM', '2012-04-11 07:12:28', 'SYSTEM', 15, '2010-06-11 00:00:00', 13, 1, 73, 'N', 4, 4, 6, 4, 5, 7, 5, 5, 7),
(294, '2010-06-18 15:05:53', 'SYSTEM', '2011-03-23 05:53:52', 'SYSTEM', 21, '2010-06-11 00:00:00', 60, 1, 74, 'N', 7, 6, 7, 5, 5, 7, 7, 3, 7),
(295, '2010-06-18 15:06:43', 'SYSTEM', '2011-03-29 20:55:53', 'SYSTEM', 26, '2010-06-11 00:00:00', 12, 1, 73, 'N', 7, 4, 7, 6, 5, 8, 6, 3, 10),
(296, '2010-06-18 15:06:43', 'SYSTEM', '2010-06-18 15:28:36', 'SYSTEM', 23, '2010-06-11 00:00:00', 63, 1, 74, 'N', 7, 4, 10, 6, 4, 8, 7, 5, 10),
(297, '2010-06-18 15:08:55', 'SYSTEM', '2011-03-23 05:52:58', 'SYSTEM', 6, '2010-06-11 00:00:00', 45, 2, 75, 'N', 4, 5, 5, 5, 5, 5, 4, 6, 6),
(298, '2010-06-18 15:08:55', 'SYSTEM', '2012-04-11 06:39:17', 'SYSTEM', 6, '2010-06-11 00:00:00', 39, 2, 76, 'N', 4, 5, 5, 7, 4, 6, 4, 5, 4),
(299, '2010-06-18 15:09:42', 'SYSTEM', '2012-05-15 09:54:33', 'SYSTEM', 7, '2010-06-11 00:00:00', 42, 2, 75, 'N', 4, 6, 5, 5, 6, 5, 2, 5, 5),
(300, '2010-06-18 15:09:42', 'SYSTEM', '2012-04-11 06:39:17', 'SYSTEM', 13, '2010-06-11 00:00:00', 37, 2, 76, 'N', 6, 7, 6, 7, 7, 6, 4, 6, 5),
(301, '2010-06-18 15:10:42', 'SYSTEM', '2012-05-15 09:54:33', 'SYSTEM', 8, '2010-06-11 00:00:00', 43, 2, 75, 'N', 4, 6, 5, 6, 5, 4, 4, 4, 4),
(302, '2010-06-18 15:10:42', 'SYSTEM', '2010-06-18 15:48:06', 'SYSTEM', 14, '2010-06-11 00:00:00', 36, 2, 76, 'N', 5, 7, 6, 5, 5, 4, 5, 7, 6),
(303, '2010-06-18 15:11:28', 'SYSTEM', '2012-05-15 09:54:33', 'SYSTEM', 13, '2010-06-11 00:00:00', 44, 2, 75, 'N', 4, 6, 5, 10, 6, 6, 7, 6, 5),
(304, '2010-06-18 15:11:28', 'SYSTEM', '2012-04-11 06:39:17', 'SYSTEM', 18, '2010-06-11 00:00:00', 34, 2, 76, 'N', 4, 8, 8, 6, 6, 7, 4, 5, 5),
(305, '2010-06-18 15:16:17', 'SYSTEM', '2011-04-11 21:00:05', 'SYSTEM', 7, '2010-06-11 00:00:00', 5, 2, 77, 'N', 4, 5, 4, 6, 4, 5, 4, 7, 5),
(306, '2010-06-18 15:16:17', 'SYSTEM', '2012-04-11 07:15:35', 'SYSTEM', 4, '2010-06-11 00:00:00', 78, 2, 78, 'N', 5, 6, 5, 4, 4, 4, 3, 4, 4),
(307, '2010-06-18 15:16:58', 'SYSTEM', '2011-06-14 10:31:43', 'SYSTEM', 10, '2010-06-11 00:00:00', 2, 2, 77, 'N', 5, 8, 6, 7, 4, 7, 6, 6, 5),
(308, '2010-06-18 15:16:58', 'SYSTEM', '2012-04-11 07:15:35', 'SYSTEM', 10, '2010-06-11 00:00:00', 77, 2, 78, 'N', 4, 8, 7, 6, 6, 6, 4, 5, 4),
(309, '2010-06-18 15:17:39', 'SYSTEM', '2011-06-14 10:31:43', 'SYSTEM', 12, '2010-06-11 00:00:00', 6, 2, 77, 'N', 8, 7, 6, 6, 4, 5, 4, 4, 4),
(310, '2010-06-18 15:17:39', 'SYSTEM', '2012-04-11 07:15:35', 'SYSTEM', 13, '2010-06-11 00:00:00', 79, 2, 78, 'N', 6, 8, 8, 6, 5, 8, 5, 6, 4),
(311, '2010-06-18 15:18:14', 'SYSTEM', '2010-06-18 15:28:36', 'SYSTEM', NULL, '2010-06-11 00:00:00', NULL, 2, 77, 'Y', NULL, NULL, NULL, NULL, NULL, NULL, NULL, NULL, NULL),
(312, '2010-06-18 15:18:14', 'SYSTEM', '2010-06-18 15:28:36', 'SYSTEM', NULL, '2010-06-11 00:00:00', NULL, 2, 78, 'Y', NULL, NULL, NULL, NULL, NULL, NULL, NULL, NULL, NULL),
(313, '2010-06-18 15:23:57', 'SYSTEM', '2010-09-09 18:28:50', 'SYSTEM', 9, '2010-06-11 00:00:00', 17, 1, 79, 'N', 5, 2, 4, 5, 3, 6, 5, 4, 6),
(314, '2010-06-18 15:23:57', 'SYSTEM', '2012-05-12 06:59:39', 'SYSTEM', 13, '2010-06-11 00:00:00', 55, 1, 80, 'N', 7, 4, 7, 5, 5, 7, 6, 5, 8),
(315, '2010-06-18 15:24:48', 'SYSTEM', '2010-09-09 18:28:50', 'SYSTEM', 10, '2010-06-11 00:00:00', 19, 1, 79, 'N', 4, 4, 6, 5, 2, 7, 7, 4, 7),
(316, '2010-06-18 15:24:48', 'SYSTEM', '2012-05-12 06:59:39', 'SYSTEM', 13, '2010-06-11 00:00:00', 58, 1, 80, 'N', 5, 7, 5, 8, 4, 5, 5, 5, 6),
(317, '2010-06-18 15:26:14', 'SYSTEM', '2010-09-09 18:28:50', 'SYSTEM', 18, '2010-06-11 00:00:00', 18, 2, 79, 'N', 5, 7, 8, 7, 5, 5, 4, 6, 7),
(318, '2010-06-18 15:26:14', 'SYSTEM', '2012-05-12 06:59:39', 'SYSTEM', 15, '2010-06-11 00:00:00', 56, 2, 80, 'N', 5, 7, 7, 8, 6, 6, 5, 6, 5),
(319, '2010-06-18 15:28:36', 'SYSTEM', '2012-05-12 06:59:39', 'SYSTEM', 18, '2010-06-11 00:00:00', 57, 2, 79, 'N', 4, 8, 6, 7, 8, 7, 4, 7, 6),
(320, '2010-06-18 15:28:36', 'SYSTEM', '2012-04-11 07:25:08', 'SYSTEM', 15, '2010-06-11 00:00:00', 54, 2, 80, 'N', 5, 9, 6, 6, 5, 6, 5, 7, 6),
(321, '2010-06-18 21:45:11', 'SYSTEM', '2012-04-12 06:09:10', 'SYSTEM', 8, '2010-06-18 00:00:00', 8, 1, 81, 'N', 4, 4, 6, 5, 3, 6, 7, 4, 6),
(322, '2010-06-18 21:45:11', 'SYSTEM', '2012-04-11 06:39:17', 'SYSTEM', 11, '2010-06-18 00:00:00', 38, 1, 82, 'N', 4, 3, 5, 5, 3, 7, 5, 5, 6),
(323, '2010-06-18 21:46:03', 'SYSTEM', '2012-04-12 06:09:10', 'SYSTEM', 9, '2010-06-18 00:00:00', 10, 1, 81, 'N', 4, 3, 5, 5, 3, 6, 6, 4, 4),
(324, '2010-06-18 21:46:03', 'SYSTEM', '2010-06-18 22:30:52', 'SYSTEM', 13, '2010-06-18 00:00:00', 36, 1, 82, 'N', 5, 3, 6, 6, 7, 7, 4, 4, 6),
(325, '2010-06-18 21:46:57', 'SYSTEM', '2012-04-11 07:12:14', 'SYSTEM', 12, '2010-06-18 00:00:00', 9, 1, 81, 'N', 4, 4, 5, 9, 4, 6, 5, 4, 7),
(326, '2010-06-18 21:46:57', 'SYSTEM', '2012-04-11 06:39:17', 'SYSTEM', 14, '2010-06-18 00:00:00', 37, 1, 82, 'N', 5, 4, 7, 6, 4, 7, 5, 4, 8),
(327, '2010-06-18 21:47:58', 'SYSTEM', '2010-06-18 22:30:52', 'SYSTEM', 17, '2010-06-18 00:00:00', 14, 1, 81, 'N', 6, 3, 6, 7, 6, 8, 9, 5, 7),
(328, '2010-06-18 21:47:58', 'SYSTEM', '2011-06-22 18:56:45', 'SYSTEM', 15, '2010-06-18 00:00:00', 85, 1, 82, 'N', 6, 4, 4, 7, 5, 6, 7, 6, 9),
(329, '2010-06-18 21:58:26', 'SYSTEM', '2012-04-11 07:15:35', 'SYSTEM', 5, '2010-06-18 00:00:00', 78, 1, 83, 'N', 4, 3, 4, 6, 5, 5, 4, 3, 4),
(330, '2010-06-18 21:58:27', 'SYSTEM', '2010-07-02 21:33:08', 'SYSTEM', 5, '2010-06-18 00:00:00', 51, 1, 84, 'N', 4, 4, 6, 4, 4, 5, 5, 3, 5),
(331, '2010-06-18 21:59:55', 'SYSTEM', '2012-05-05 07:40:35', 'SYSTEM', 5, '2010-06-18 00:00:00', 84, 1, 83, 'N', 4, 4, 5, 4, 3, 5, 5, 5, 6),
(332, '2010-06-18 21:59:55', 'SYSTEM', '2010-07-02 21:33:08', 'SYSTEM', 11, '2010-06-18 00:00:00', 47, 1, 84, 'N', 4, 4, 7, 5, 5, 6, 6, 4, 7),
(333, '2010-06-18 22:01:17', 'SYSTEM', '2012-04-11 07:15:35', 'SYSTEM', 10, '2010-06-18 00:00:00', 77, 1, 83, 'N', 6, 4, 5, 5, 4, 6, 5, 3, 5),
(334, '2010-06-18 22:01:17', 'SYSTEM', '2010-07-18 21:15:56', 'SYSTEM', 10, '2010-06-18 00:00:00', 52, 1, 84, 'N', 5, 5, 5, 5, 3, 6, 6, 3, 6),
(335, '2010-06-18 22:02:51', 'SYSTEM', '2012-04-11 07:15:35', 'SYSTEM', 14, '2010-06-18 00:00:00', 79, 1, 83, 'N', 4, 4, 5, 5, 4, 6, 6, 4, 8),
(336, '2010-06-18 22:02:51', 'SYSTEM', '2010-07-02 21:33:08', 'SYSTEM', 20, '2010-06-18 00:00:00', 48, 1, 84, 'N', 5, 4, 7, 8, 3, 8, 7, 5, 8),
(337, '2010-06-18 22:04:40', 'SYSTEM', '2010-06-18 22:30:52', 'SYSTEM', 13, '2010-06-18 00:00:00', 83, 2, 85, 'N', 4, 5, 4, 6, 6, 5, 4, 5, 6),
(338, '2010-06-18 22:04:40', 'SYSTEM', '2012-05-12 06:59:39', 'SYSTEM', 15, '2010-06-18 00:00:00', 55, 2, 86, 'N', 5, 7, 7, 8, 6, 6, 5, 6, 7),
(339, '2010-06-18 22:06:29', 'SYSTEM', '2012-04-11 07:24:01', 'SYSTEM', 15, '2010-06-18 00:00:00', 73, 2, 85, 'N', 4, 5, 5, 6, 5, 5, 4, 7, 5),
(340, '2010-06-18 22:06:29', 'SYSTEM', '2012-05-12 06:59:39', 'SYSTEM', 17, '2010-06-18 00:00:00', 56, 2, 86, 'N', 4, 7, 5, 7, 5, 4, 6, 6, 5),
(341, '2010-06-18 22:07:40', 'SYSTEM', '2012-04-11 07:24:01', 'SYSTEM', 17, '2010-06-18 00:00:00', 71, 2, 85, 'N', 2, 7, 4, 8, 8, 5, 3, 10, 6),
(342, '2010-06-18 22:07:40', 'SYSTEM', '2012-05-12 06:59:39', 'SYSTEM', 19, '2010-06-18 00:00:00', 57, 2, 86, 'N', 5, 6, 6, 10, 5, 5, 6, 5, 5),
(343, '2010-06-18 22:09:03', 'SYSTEM', '2012-04-11 07:24:01', 'SYSTEM', 24, '2010-06-18 00:00:00', 68, 2, 85, 'N', 5, 8, 5, 7, 6, 7, 5, 5, 7),
(344, '2010-06-18 22:09:03', 'SYSTEM', '2012-05-15 09:54:33', 'SYSTEM', 20, '2010-06-18 00:00:00', 53, 2, 86, 'N', 5, 6, 5, 7, 6, 6, 9, 5, 6),
(345, '2010-06-18 22:10:57', 'SYSTEM', '2011-06-14 10:31:43', 'SYSTEM', 7, '2010-06-18 00:00:00', 1, 2, 87, 'N', 3, 7, 9, 4, 3, 5, 8, 6, 5),
(346, '2010-06-18 22:10:57', 'SYSTEM', '2011-03-23 05:53:52', 'SYSTEM', 15, '2010-06-18 00:00:00', 61, 2, 88, 'N', 4, 8, 4, 8, 6, 6, 4, 6, 7),
(347, '2010-06-18 22:11:41', 'SYSTEM', '2011-04-11 21:00:05', 'SYSTEM', 8, '2010-06-18 00:00:00', 5, 2, 87, 'N', 8, 5, 5, 5, 5, 5, 6, 5, 5),
(348, '2010-06-18 22:11:41', 'SYSTEM', '2011-03-23 05:53:52', 'SYSTEM', 19, '2010-06-18 00:00:00', 62, 2, 88, 'N', 3, 6, 5, 7, 5, 5, 5, 7, 6),
(349, '2010-06-18 22:12:58', 'SYSTEM', '2011-06-14 10:31:43', 'SYSTEM', 12, '2010-06-18 00:00:00', 2, 2, 87, 'N', 5, 7, 5, 5, 4, 5, 4, 6, 4),
(350, '2010-06-18 22:12:58', 'SYSTEM', '2011-03-23 05:53:52', 'SYSTEM', 20, '2010-06-18 00:00:00', 60, 2, 88, 'N', 4, 6, 6, 10, 5, 6, 3, 7, 6),
(351, '2010-06-18 22:13:51', 'SYSTEM', '2011-06-14 10:31:43', 'SYSTEM', 12, '2010-06-18 00:00:00', 6, 2, 87, 'N', 2, 4, 7, 6, 7, 5, 4, 4, 5),
(352, '2010-06-18 22:13:51', 'SYSTEM', '2010-06-18 22:30:52', 'SYSTEM', 23, '2010-06-18 00:00:00', 63, 2, 88, 'N', 5, 8, 6, 7, 7, 6, 6, 5, 8);
INSERT INTO `STJ_WEEKLY_SCORE` (`WEEKLY_SCORE_ID`, `CRTN_DT`, `CRTN_USER_ID`, `LAST_UPTD_DT`, `LAST_UPTD_USER_ID`, `HANDICAP`, `SCORE_DATE`, `PLAYER_ID`, `SIDE_ID`, `TEAM_SCORE_ID`, `GHOST_FLG`, `HOLE_1_SCORE`, `HOLE_2_SCORE`, `HOLE_3_SCORE`, `HOLE_4_SCORE`, `HOLE_5_SCORE`, `HOLE_6_SCORE`, `HOLE_7_SCORE`, `HOLE_8_SCORE`, `HOLE_9_SCORE`) VALUES
(353, '2010-06-18 22:15:46', 'SYSTEM', '2010-09-09 18:28:50', 'SYSTEM', 9, '2010-06-18 00:00:00', 17, 1, 89, 'N', 6, 4, 7, 4, 3, 8, 6, 4, 5),
(354, '2010-06-18 22:15:46', 'SYSTEM', '2012-04-22 09:43:52', 'SYSTEM', 5, '2010-06-18 00:00:00', 27, 1, 90, 'N', 5, 4, 7, 5, 3, 6, 6, 4, 7),
(355, '2010-06-18 22:16:42', 'SYSTEM', '2010-09-09 18:28:50', 'SYSTEM', 12, '2010-06-18 00:00:00', 21, 1, 89, 'N', 5, 3, 5, 6, 4, 6, 4, 4, 7),
(356, '2010-06-18 22:16:42', 'SYSTEM', '2012-05-05 07:40:35', 'SYSTEM', 9, '2010-06-18 00:00:00', 30, 1, 90, 'N', 4, 4, 4, 5, 3, 5, 5, 3, 7),
(357, '2010-06-18 22:17:42', 'SYSTEM', '2010-09-09 18:28:50', 'SYSTEM', 13, '2010-06-18 00:00:00', 20, 1, 89, 'N', 5, 4, 7, 6, 3, 5, 5, 3, 8),
(358, '2010-06-18 22:17:42', 'SYSTEM', '2012-05-05 07:40:35', 'SYSTEM', 9, '2010-06-18 00:00:00', 28, 1, 90, 'N', 4, 4, 4, 5, 4, 6, 4, 6, 8),
(359, '2010-06-18 22:19:27', 'SYSTEM', '2010-09-09 18:28:50', 'SYSTEM', 18, '2010-06-18 00:00:00', 18, 1, 89, 'N', 6, 6, 6, 6, 4, 7, 7, 4, 6),
(360, '2010-06-18 22:19:27', 'SYSTEM', '2012-05-05 07:40:35', 'SYSTEM', 10, '2010-06-18 00:00:00', 29, 1, 90, 'N', 5, 4, 4, 6, 3, 4, 3, 4, 5),
(361, '2010-06-27 11:32:46', 'SYSTEM', '2010-06-27 12:27:19', 'SYSTEM', 10, '2010-06-25 00:00:00', 83, 1, 91, 'N', 6, 5, 6, 4, 4, 6, 5, 5, 6),
(362, '2010-06-27 11:32:46', 'SYSTEM', '2012-04-11 07:15:35', 'SYSTEM', 3, '2010-06-25 00:00:00', 78, 1, 92, 'N', 6, 4, 4, 4, 4, 5, 4, 3, 6),
(363, '2010-06-27 11:33:51', 'SYSTEM', '2012-04-11 07:24:01', 'SYSTEM', 14, '2010-06-25 00:00:00', 73, 1, 91, 'N', 4, 4, 4, 5, 4, 6, 6, 5, 5),
(364, '2010-06-27 11:33:51', 'SYSTEM', '2012-04-11 07:15:35', 'SYSTEM', 9, '2010-06-25 00:00:00', 77, 1, 92, 'N', 6, 5, 5, 4, 3, 4, 7, 4, 4),
(365, '2010-06-27 11:34:52', 'SYSTEM', '2012-04-11 07:24:01', 'SYSTEM', 20, '2010-06-25 00:00:00', 80, 1, 91, 'N', 6, 5, 7, 6, 4, 7, 6, 5, 9),
(366, '2010-06-27 11:34:52', 'SYSTEM', '2012-05-12 06:59:39', 'SYSTEM', 13, '2010-06-25 00:00:00', 58, 1, 92, 'N', 6, 3, 6, 5, 5, 6, 5, 4, 8),
(367, '2010-06-27 11:35:44', 'SYSTEM', '2012-04-11 07:24:01', 'SYSTEM', 23, '2010-06-25 00:00:00', 70, 1, 91, 'N', 6, 6, 6, 6, 5, 7, 7, 6, 6),
(368, '2010-06-27 11:35:44', 'SYSTEM', '2012-04-11 07:15:35', 'SYSTEM', 13, '2010-06-25 00:00:00', 79, 1, 92, 'N', 5, 5, 8, 7, 4, 6, 7, 4, 8),
(369, '2010-06-27 11:36:51', 'SYSTEM', '2012-05-15 09:54:33', 'SYSTEM', 5, '2010-06-25 00:00:00', 41, 1, 93, 'N', 5, 4, 4, 4, 2, 6, 4, 4, 6),
(370, '2010-06-27 11:36:51', 'SYSTEM', '2011-03-19 20:05:43', 'SYSTEM', 3, '2010-06-25 00:00:00', 26, 1, 94, 'N', 7, 3, 5, 4, 4, 4, 4, 3, 5),
(371, '2010-06-27 11:37:34', 'SYSTEM', '2012-05-15 09:54:33', 'SYSTEM', 8, '2010-06-25 00:00:00', 42, 1, 93, 'N', 6, 5, 4, 6, 5, 5, 4, 4, 6),
(372, '2010-06-27 11:37:34', 'SYSTEM', '2012-05-05 07:40:35', 'SYSTEM', 5, '2010-06-25 00:00:00', 25, 1, 94, 'N', 6, 4, 5, 5, 3, 5, 4, 3, 4),
(373, '2010-06-27 11:38:18', 'SYSTEM', '2012-05-15 09:54:33', 'SYSTEM', 8, '2010-06-25 00:00:00', 40, 1, 93, 'N', 4, 6, 5, 5, 5, 5, 4, 5, 6),
(374, '2010-06-27 11:38:18', 'SYSTEM', '2012-05-05 07:40:35', 'SYSTEM', 9, '2010-06-25 00:00:00', 31, 1, 94, 'N', 4, 4, 4, 8, 3, 5, 5, 3, 7),
(375, '2010-06-27 11:39:22', 'SYSTEM', '2012-05-15 09:54:33', 'SYSTEM', 8, '2010-06-25 00:00:00', 43, 1, 93, 'N', 7, 4, 5, 5, 4, 6, 6, 4, 7),
(376, '2010-06-27 11:39:22', 'SYSTEM', '2011-06-04 05:55:08', 'SYSTEM', 11, '2010-06-25 00:00:00', 24, 1, 94, 'N', 5, 5, 4, 4, 6, 10, 6, 4, 10),
(377, '2010-06-27 11:40:57', 'SYSTEM', '2010-07-02 21:33:08', 'SYSTEM', 5, '2010-06-25 00:00:00', 51, 2, 95, 'N', 4, 5, 5, 5, 7, 5, 3, 3, 5),
(378, '2010-06-27 11:40:57', 'SYSTEM', '2010-09-09 18:28:50', 'SYSTEM', 5, '2010-06-25 00:00:00', 16, 2, 96, 'N', 4, 5, 5, 6, 4, 6, 4, 5, 4),
(379, '2010-06-27 11:41:41', 'SYSTEM', '2010-07-02 21:33:08', 'SYSTEM', 6, '2010-06-25 00:00:00', 50, 2, 95, 'N', 4, 6, 5, 6, 5, 4, 4, 5, 3),
(380, '2010-06-27 11:41:41', 'SYSTEM', '2010-09-09 18:28:50', 'SYSTEM', 9, '2010-06-25 00:00:00', 17, 2, 96, 'N', 5, 5, 9, 7, 5, 5, 4, 4, 5),
(381, '2010-06-27 11:43:07', 'SYSTEM', '2010-07-02 21:33:08', 'SYSTEM', 11, '2010-06-25 00:00:00', 47, 2, 95, 'N', 4, 6, 5, 7, 6, 5, 3, 6, 4),
(382, '2010-06-27 11:43:07', 'SYSTEM', '2010-09-09 18:28:50', 'SYSTEM', 10, '2010-06-25 00:00:00', 19, 2, 96, 'N', 4, 6, 8, 7, 6, 5, 5, 6, 6),
(383, '2010-06-27 11:51:26', 'SYSTEM', '2010-07-18 21:15:56', 'SYSTEM', 10, '2010-06-25 00:00:00', 52, 2, 95, 'N', 4, 9, 4, 6, 5, 3, 5, 5, 4),
(384, '2010-06-27 11:51:26', 'SYSTEM', '2010-06-27 12:27:19', 'SYSTEM', 9, '2010-06-25 00:00:00', 23, 2, 96, 'N', 4, 7, 5, 6, 4, 4, 4, 4, 5),
(385, '2010-06-27 11:54:05', 'SYSTEM', '2012-04-11 06:39:17', 'SYSTEM', 6, '2010-06-25 00:00:00', 39, 2, 97, 'N', 4, 7, 5, 6, 5, 5, 3, 4, 5),
(386, '2010-06-27 11:54:05', 'SYSTEM', '2011-06-14 10:31:43', 'SYSTEM', 8, '2010-06-25 00:00:00', 1, 2, 98, 'N', 3, 6, 7, 6, 4, 5, 4, 5, 5),
(387, '2010-06-27 11:55:11', 'SYSTEM', '2012-05-05 07:40:35', 'SYSTEM', 8, '2010-06-25 00:00:00', 29, 2, 97, 'N', 6, 5, 4, 5, 8, 6, 4, 7, 4),
(388, '2010-06-27 11:55:11', 'SYSTEM', '2011-06-14 10:31:43', 'SYSTEM', 11, '2010-06-25 00:00:00', 6, 2, 98, 'N', 4, 7, 7, 6, 5, 5, 4, 5, 5),
(389, '2010-06-27 11:56:03', 'SYSTEM', '2011-06-22 18:56:45', 'SYSTEM', 13, '2010-06-25 00:00:00', 35, 2, 97, 'N', 5, 8, 5, 7, 6, 5, 4, 4, 5),
(390, '2010-06-27 11:56:03', 'SYSTEM', '2011-06-14 10:31:43', 'SYSTEM', 12, '2010-06-25 00:00:00', 3, 2, 98, 'N', 3, 7, 5, 5, 6, 8, 3, 5, 5),
(391, '2010-06-27 11:57:01', 'SYSTEM', '2010-06-27 12:27:19', 'SYSTEM', 13, '2010-06-25 00:00:00', 36, 2, 97, 'N', 5, 6, 5, 7, 6, 5, 6, 6, 6),
(392, '2010-06-27 11:57:01', 'SYSTEM', '2011-06-14 10:31:43', 'SYSTEM', 12, '2010-06-25 00:00:00', 2, 2, 98, 'N', 3, 6, 5, 5, 4, 4, 4, 6, 5),
(393, '2010-06-27 11:58:44', 'SYSTEM', '2012-04-11 07:25:08', 'SYSTEM', 15, '2010-06-25 00:00:00', 54, 1, 99, 'N', 8, 4, 5, 5, 4, 6, 7, 4, 6),
(394, '2010-06-27 11:58:44', 'SYSTEM', '2012-04-12 06:09:10', 'SYSTEM', 9, '2010-06-25 00:00:00', 8, 1, 100, 'N', 5, 4, 7, 3, 4, 7, 5, 4, 5),
(395, '2010-06-27 12:01:28', 'SYSTEM', '2012-05-12 06:59:39', 'SYSTEM', 15, '2010-06-25 00:00:00', 56, 1, 99, 'N', 8, 4, 5, 6, 6, 6, 7, 5, 7),
(396, '2010-06-27 12:01:28', 'SYSTEM', '2012-04-12 06:09:10', 'SYSTEM', 12, '2010-06-25 00:00:00', 7, 1, 100, 'N', 6, 4, 7, 5, 4, 6, 6, 5, 6),
(397, '2010-06-27 12:02:25', 'SYSTEM', '2012-05-12 06:59:39', 'SYSTEM', 18, '2010-06-25 00:00:00', 57, 2, 99, 'N', 5, 5, 5, 6, 4, 7, 5, 7, 5),
(398, '2010-06-27 12:02:25', 'SYSTEM', '2012-04-11 07:12:28', 'SYSTEM', 13, '2010-06-25 00:00:00', 13, 2, 100, 'N', 5, 7, 7, 8, 6, 7, 4, 6, 4),
(399, '2010-06-27 12:03:12', 'SYSTEM', '2012-05-15 09:54:33', 'SYSTEM', 19, '2010-06-25 00:00:00', 53, 2, 99, 'N', 5, 8, 7, 5, 6, 6, 6, 6, 6),
(400, '2010-06-27 12:03:12', 'SYSTEM', '2011-03-29 20:55:53', 'SYSTEM', 24, '2010-06-25 00:00:00', 12, 2, 100, 'N', 6, 7, 6, 9, 7, 6, 5, 5, 6),
(401, '2010-07-02 21:10:54', 'SYSTEM', '2012-05-15 09:54:33', 'SYSTEM', 5, '2010-07-02 00:00:00', 41, 1, 101, 'N', 5, 4, 4, 4, 3, 5, 4, 3, 6),
(402, '2010-07-02 21:10:54', 'SYSTEM', '2010-07-02 21:33:08', 'SYSTEM', 5, '2010-07-02 00:00:00', 51, 1, 102, 'N', 5, 4, 5, 4, 3, 5, 7, 3, 6),
(403, '2010-07-02 21:11:34', 'SYSTEM', '2012-05-15 09:54:33', 'SYSTEM', 7, '2010-07-02 00:00:00', 42, 1, 101, 'N', 5, 3, 6, 5, 2, 4, 4, 3, 5),
(404, '2010-07-02 21:11:34', 'SYSTEM', '2010-07-02 21:33:08', 'SYSTEM', 11, '2010-07-02 00:00:00', 47, 1, 102, 'N', 6, 4, 6, 6, 3, 6, 7, 4, 7),
(405, '2010-07-02 21:12:48', 'SYSTEM', '2012-05-15 09:54:33', 'SYSTEM', 9, '2010-07-02 00:00:00', 40, 1, 101, 'N', 7, 4, 7, 3, 3, 4, 5, 4, 5),
(406, '2010-07-02 21:12:48', 'SYSTEM', '2012-05-12 06:59:39', 'SYSTEM', 15, '2010-07-02 00:00:00', 56, 1, 102, 'N', 7, 5, 5, 4, 4, 6, 6, 4, 5),
(407, '2010-07-02 21:13:44', 'SYSTEM', '2012-05-15 09:54:33', 'SYSTEM', 13, '2010-07-02 00:00:00', 44, 1, 101, 'N', 5, 4, 8, 7, 7, 10, 8, 3, 8),
(408, '2010-07-02 21:13:44', 'SYSTEM', '2011-03-23 05:53:52', 'SYSTEM', 17, '2010-07-02 00:00:00', 62, 1, 102, 'N', 5, 5, 6, 5, 7, 6, 5, 5, 5),
(409, '2010-07-02 21:15:20', 'SYSTEM', '2011-06-22 18:56:45', 'SYSTEM', 13, '2010-07-02 00:00:00', 35, 1, 103, 'N', 5, 4, 4, 5, 4, 6, 6, 6, 5),
(410, '2010-07-02 21:15:20', 'SYSTEM', '2012-05-12 06:59:39', 'SYSTEM', 14, '2010-07-02 00:00:00', 58, 1, 104, 'N', 5, 3, 6, 6, 3, 5, 5, 3, 7),
(411, '2010-07-02 21:16:22', 'SYSTEM', '2012-04-11 06:39:17', 'SYSTEM', 14, '2010-07-02 00:00:00', 37, 1, 103, 'N', 6, 5, 5, 7, 4, 6, 5, 5, 5),
(412, '2010-07-02 21:16:22', 'SYSTEM', '2012-04-11 07:25:08', 'SYSTEM', 15, '2010-07-02 00:00:00', 54, 1, 104, 'N', 5, 3, 7, 5, 3, 7, 5, 4, 7),
(413, '2010-07-02 21:17:07', 'SYSTEM', '2011-06-22 18:56:45', 'SYSTEM', 15, '2010-07-02 00:00:00', 85, 1, 103, 'N', 5, 4, 5, 6, 4, 7, 5, 2, 5),
(414, '2010-07-02 21:17:07', 'SYSTEM', '2012-05-12 06:59:39', 'SYSTEM', 16, '2010-07-02 00:00:00', 55, 1, 104, 'N', 8, 5, 4, 6, 5, 6, 7, 4, 8),
(415, '2010-07-02 21:18:08', 'SYSTEM', '2012-04-11 06:39:17', 'SYSTEM', 19, '2010-07-02 00:00:00', 34, 1, 103, 'N', 6, 5, 6, 7, 4, 6, 5, 4, 8),
(416, '2010-07-02 21:18:08', 'SYSTEM', '2012-05-15 09:54:33', 'SYSTEM', 19, '2010-07-02 00:00:00', 53, 1, 104, 'N', 5, 4, 8, 6, 9, 7, 6, 5, 5),
(417, '2010-07-02 21:20:02', 'SYSTEM', '2012-05-05 07:40:35', 'SYSTEM', 6, '2010-07-02 00:00:00', 30, 2, 105, 'N', 4, 6, 6, 8, 4, 5, 3, 6, 4),
(418, '2010-07-02 21:20:03', 'SYSTEM', '2011-03-23 05:53:52', 'SYSTEM', 9, '2010-07-02 00:00:00', 64, 2, 106, 'N', 5, 7, 6, 7, 6, 4, 6, 5, 4),
(419, '2010-07-02 21:20:51', 'SYSTEM', '2012-04-22 09:43:52', 'SYSTEM', 6, '2010-07-02 00:00:00', 27, 2, 105, 'N', 3, 6, 5, 6, 6, 4, 4, 6, 5),
(420, '2010-07-02 21:20:51', 'SYSTEM', '2011-03-23 05:53:52', 'SYSTEM', 11, '2010-07-02 00:00:00', 65, 2, 106, 'N', 6, 8, 4, 6, 5, 3, 6, 5, 5),
(421, '2010-07-02 21:21:37', 'SYSTEM', '2012-05-05 07:40:35', 'SYSTEM', 9, '2010-07-02 00:00:00', 28, 2, 105, 'N', 3, 6, 5, 6, 4, 5, 4, 4, 6),
(422, '2010-07-02 21:21:37', 'SYSTEM', '2011-03-23 05:53:52', 'SYSTEM', 17, '2010-07-02 00:00:00', 59, 2, 106, 'N', 5, 7, 6, 7, 5, 5, 3, 5, 6),
(423, '2010-07-02 21:22:33', 'SYSTEM', '2012-05-05 07:40:35', 'SYSTEM', 9, '2010-07-02 00:00:00', 29, 2, 105, 'N', 5, 6, 6, 6, 3, 4, 3, 4, 3),
(424, '2010-07-02 21:22:33', 'SYSTEM', '2011-03-23 05:53:52', 'SYSTEM', 26, '2010-07-02 00:00:00', 66, 2, 106, 'N', 6, 9, 8, 9, 6, 6, 3, 6, 8),
(425, '2010-07-02 21:24:08', 'SYSTEM', '2010-09-09 18:28:50', 'SYSTEM', 5, '2010-07-02 00:00:00', 16, 2, 107, 'N', 4, 6, 5, 4, 6, 4, 3, 4, 6),
(426, '2010-07-02 21:24:08', 'SYSTEM', '2011-04-23 17:02:23', 'SYSTEM', 9, '2010-07-02 00:00:00', 72, 2, 108, 'N', 5, 6, 4, 5, 4, 5, 4, 5, 5),
(427, '2010-07-02 21:24:55', 'SYSTEM', '2010-07-02 21:31:02', 'SYSTEM', 8, '2010-07-02 00:00:00', 23, 2, 107, 'N', 3, 6, 6, 8, 4, 6, 5, 5, 6),
(428, '2010-07-02 21:24:55', 'SYSTEM', '2012-04-11 07:24:01', 'SYSTEM', 17, '2010-07-02 00:00:00', 71, 2, 108, 'N', 5, 7, 5, 10, 7, 6, 4, 4, 6),
(429, '2010-07-02 21:25:44', 'SYSTEM', '2010-09-09 18:28:50', 'SYSTEM', 11, '2010-07-02 00:00:00', 21, 2, 107, 'N', 6, 6, 4, 8, 6, 6, 3, 7, 5),
(430, '2010-07-02 21:25:44', 'SYSTEM', '2012-04-11 07:24:01', 'SYSTEM', 19, '2010-07-02 00:00:00', 80, 2, 108, 'N', 3, 7, 7, 8, 5, 7, 6, 7, 6),
(431, '2010-07-02 21:26:30', 'SYSTEM', '2010-09-09 18:28:50', 'SYSTEM', 12, '2010-07-02 00:00:00', 20, 2, 107, 'N', 8, 6, 5, 7, 4, 4, 6, 5, 5),
(432, '2010-07-02 21:26:30', 'SYSTEM', '2012-04-11 07:24:01', 'SYSTEM', 22, '2010-07-02 00:00:00', 70, 2, 108, 'N', 5, 6, 5, 7, 8, 7, 6, 7, 5),
(433, '2010-07-02 21:27:56', 'SYSTEM', '2012-04-12 06:09:10', 'SYSTEM', 8, '2010-07-02 00:00:00', 10, 2, 109, 'N', 3, 7, 6, 6, 5, 5, 4, 4, 6),
(434, '2010-07-02 21:27:56', 'SYSTEM', '2012-04-11 07:15:35', 'SYSTEM', 3, '2010-07-02 00:00:00', 78, 2, 110, 'N', 5, 6, 4, 6, 5, 4, 3, 4, 5),
(435, '2010-07-02 21:29:02', 'SYSTEM', '2012-04-11 07:12:14', 'SYSTEM', 12, '2010-07-02 00:00:00', 9, 2, 109, 'N', 7, 7, 6, 8, 5, 4, 5, 5, 5),
(436, '2010-07-02 21:29:02', 'SYSTEM', '2011-06-14 10:31:43', 'SYSTEM', 9, '2010-07-02 00:00:00', 1, 2, 110, 'N', 3, 6, 7, 6, 4, 5, 5, 5, 5),
(437, '2010-07-02 21:29:59', 'SYSTEM', '2012-04-12 06:09:10', 'SYSTEM', 14, '2010-07-02 00:00:00', 7, 1, 109, 'N', 6, 4, 6, 5, 3, 5, 6, 3, 6),
(438, '2010-07-02 21:29:59', 'SYSTEM', '2011-06-14 10:31:43', 'SYSTEM', 11, '2010-07-02 00:00:00', 6, 1, 110, 'N', 4, 3, 7, 5, 4, 5, 6, 2, 8),
(439, '2010-07-02 21:31:02', 'SYSTEM', '2010-07-02 21:31:02', 'SYSTEM', 18, '2010-07-02 00:00:00', 14, 1, 109, 'N', 5, 7, 6, 5, 4, 5, 7, 3, 7),
(440, '2010-07-02 21:31:02', 'SYSTEM', '2012-04-11 07:15:35', 'SYSTEM', 14, '2010-07-02 00:00:00', 79, 1, 110, 'N', 4, 5, 4, 6, 3, 7, 6, 4, 9),
(441, '2010-07-09 23:05:15', 'SYSTEM', '2012-04-12 06:09:10', 'SYSTEM', 10, '2010-07-09 00:00:00', 8, 1, 111, 'N', 4, 4, 6, 4, 4, 6, 4, 4, 5),
(442, '2010-07-09 23:05:15', 'SYSTEM', '2011-04-23 17:02:23', 'SYSTEM', 16, '2010-07-09 00:00:00', 69, 1, 112, 'N', 5, 7, 6, 8, 5, 8, 5, 4, 5),
(443, '2010-07-09 23:06:56', 'SYSTEM', '2011-06-16 05:52:17', 'SYSTEM', 12, '2010-07-09 00:00:00', 11, 1, 111, 'N', 5, 6, 4, 5, 3, 9, 4, 3, 8),
(444, '2010-07-09 23:06:56', 'SYSTEM', '2012-04-11 07:24:01', 'SYSTEM', 19, '2010-07-09 00:00:00', 74, 1, 112, 'N', 6, 4, 7, 6, 5, 6, 5, 3, 7),
(445, '2010-07-09 23:07:58', 'SYSTEM', '2012-04-11 07:12:14', 'SYSTEM', 12, '2010-07-09 00:00:00', 9, 1, 111, 'N', 4, 4, 6, 6, 5, 7, 4, 4, 7),
(446, '2010-07-09 23:07:58', 'SYSTEM', '2012-04-11 07:24:01', 'SYSTEM', 21, '2010-07-09 00:00:00', 70, 1, 112, 'N', 6, 5, 6, 7, 3, 5, 8, 3, 8),
(447, '2010-07-09 23:09:03', 'SYSTEM', '2011-03-29 20:55:53', 'SYSTEM', 23, '2010-07-09 00:00:00', 12, 1, 111, 'N', 7, 4, 8, 9, 3, 8, 7, 5, 5),
(448, '2010-07-09 23:09:03', 'SYSTEM', '2012-04-11 07:24:01', 'SYSTEM', 22, '2010-07-09 00:00:00', 68, 1, 112, 'N', 6, 5, 6, 7, 6, 5, 9, 6, 7),
(449, '2010-07-09 23:10:23', 'SYSTEM', '2012-05-15 09:54:33', 'SYSTEM', 4, '2010-07-09 00:00:00', 41, 1, 113, 'N', 5, 4, 4, 6, 2, 5, 4, 3, 6),
(450, '2010-07-09 23:10:23', 'SYSTEM', '2011-04-11 21:00:05', 'SYSTEM', 9, '2010-07-09 00:00:00', 5, 1, 114, 'N', 5, 5, 6, 6, 3, 6, 4, 4, 7),
(451, '2010-07-09 23:11:17', 'SYSTEM', '2012-05-15 09:54:33', 'SYSTEM', 5, '2010-07-09 00:00:00', 42, 1, 113, 'N', 5, 4, 5, 5, 3, 5, 4, 4, 6),
(452, '2010-07-09 23:11:17', 'SYSTEM', '2011-06-14 10:31:43', 'SYSTEM', 9, '2010-07-09 00:00:00', 1, 1, 114, 'N', 6, 4, 7, 5, 2, 8, 4, 3, 4),
(453, '2010-07-09 23:12:27', 'SYSTEM', '2012-05-15 09:54:33', 'SYSTEM', 9, '2010-07-09 00:00:00', 43, 1, 113, 'N', 4, 3, 5, 7, 4, 9, 5, 3, 6),
(454, '2010-07-09 23:12:27', 'SYSTEM', '2011-06-14 10:31:43', 'SYSTEM', 10, '2010-07-09 00:00:00', 6, 1, 114, 'N', 4, 3, 6, 4, 6, 7, 7, 2, 6),
(455, '2010-07-09 23:13:20', 'SYSTEM', '2012-05-15 09:54:33', 'SYSTEM', 10, '2010-07-09 00:00:00', 40, 1, 113, 'N', 5, 4, 5, 5, 4, 5, 6, 3, 5),
(456, '2010-07-09 23:13:20', 'SYSTEM', '2011-06-14 10:31:43', 'SYSTEM', 11, '2010-07-09 00:00:00', 3, 1, 114, 'N', 5, 3, 5, 6, 4, 6, 5, 5, 6),
(457, '2010-07-09 23:15:12', 'SYSTEM', '2010-09-09 18:28:50', 'SYSTEM', 6, '2010-07-09 00:00:00', 16, 2, 115, 'N', 4, 5, 3, 5, 4, 3, 3, 5, 3),
(458, '2010-07-09 23:15:12', 'SYSTEM', '2011-03-23 05:53:52', 'SYSTEM', 15, '2010-07-09 00:00:00', 61, 2, 116, 'N', 5, 9, 4, 6, 5, 8, 4, 8, 5),
(459, '2010-07-09 23:15:58', 'SYSTEM', '2010-09-09 18:28:50', 'SYSTEM', 10, '2010-07-09 00:00:00', 17, 2, 115, 'N', 3, 6, 5, 5, 6, 4, 4, 5, 5),
(460, '2010-07-09 23:15:58', 'SYSTEM', '2011-03-23 05:53:52', 'SYSTEM', 16, '2010-07-09 00:00:00', 62, 2, 116, 'N', 5, 8, 8, 8, 4, 5, 3, 6, 7),
(461, '2010-07-09 23:17:37', 'SYSTEM', '2010-09-09 18:28:50', 'SYSTEM', 10, '2010-07-09 00:00:00', 19, 2, 115, 'N', 6, 8, 5, 5, 4, 6, 5, 4, 6),
(462, '2010-07-09 23:17:37', 'SYSTEM', '2010-07-11 17:25:56', 'SYSTEM', 23, '2010-07-09 00:00:00', 63, 2, 116, 'N', 5, 8, 7, 8, 7, 7, 5, 7, 6),
(463, '2010-07-09 23:18:45', 'SYSTEM', '2010-09-09 18:28:50', 'SYSTEM', 17, '2010-07-09 00:00:00', 18, 2, 115, 'N', 3, 7, 7, 8, 9, 9, 3, 9, 7),
(464, '2010-07-09 23:18:45', 'SYSTEM', '2011-03-23 05:53:52', 'SYSTEM', 26, '2010-07-09 00:00:00', 66, 2, 116, 'N', 6, 11, 6, 9, 10, 8, 5, 7, 7),
(465, '2010-07-09 23:20:09', 'SYSTEM', '2011-03-19 20:05:43', 'SYSTEM', 3, '2010-07-09 00:00:00', 26, 2, 117, 'N', 3, 5, 4, 5, 5, 5, 2, 5, 5),
(466, '2010-07-09 23:20:09', 'SYSTEM', '2012-05-05 07:40:35', 'SYSTEM', 8, '2010-07-09 00:00:00', 28, 2, 118, 'N', 4, 6, 6, 6, 4, 5, 5, 4, 5),
(467, '2010-07-09 23:20:54', 'SYSTEM', '2012-05-05 07:40:35', 'SYSTEM', 4, '2010-07-09 00:00:00', 25, 2, 117, 'N', 4, 5, 6, 5, 5, 7, 2, 6, 4),
(468, '2010-07-09 23:20:54', 'SYSTEM', '2012-05-12 06:59:39', 'SYSTEM', 14, '2010-07-09 00:00:00', 56, 2, 118, 'N', 5, 7, 5, 6, 4, 5, 7, 5, 6),
(469, '2010-07-09 23:22:44', 'SYSTEM', '2012-05-05 07:40:35', 'SYSTEM', 8, '2010-07-09 00:00:00', 31, 2, 117, 'N', 3, 5, 4, 5, 4, 6, 3, 4, 3),
(470, '2010-07-09 23:22:44', 'SYSTEM', '2012-05-12 06:59:39', 'SYSTEM', 17, '2010-07-09 00:00:00', 55, 2, 118, 'N', 5, 6, 4, 6, 7, 7, 3, 5, 4),
(471, '2010-07-09 23:23:32', 'SYSTEM', '2011-06-04 05:55:08', 'SYSTEM', 13, '2010-07-09 00:00:00', 24, 2, 117, 'N', 3, 6, 6, 9, 7, 7, 4, 7, 5),
(472, '2010-07-09 23:23:32', 'SYSTEM', '2012-05-15 09:54:33', 'SYSTEM', 17, '2010-07-09 00:00:00', 53, 2, 118, 'N', 4, 9, 7, 5, 5, 6, 4, 5, 5),
(473, '2010-07-09 23:24:53', 'SYSTEM', '2012-04-11 06:39:17', 'SYSTEM', 7, '2010-07-09 00:00:00', 39, 2, 119, 'N', 4, 5, 4, 5, 5, 4, 2, 5, 6),
(474, '2010-07-09 23:24:53', 'SYSTEM', '2010-07-11 17:25:56', 'SYSTEM', 5, '2010-07-09 00:00:00', 50, 2, 120, 'N', 4, 5, 5, 4, 5, 4, 5, 5, 5),
(475, '2010-07-09 23:27:05', 'SYSTEM', '2012-04-11 06:39:17', 'SYSTEM', 9, '2010-07-09 00:00:00', 33, 2, 119, 'N', 4, 7, 5, 6, 5, 5, 3, 8, 8),
(476, '2010-07-09 23:27:05', 'SYSTEM', '2010-07-18 21:15:56', 'SYSTEM', 10, '2010-07-09 00:00:00', 52, 2, 120, 'N', 3, 5, 4, 8, 5, 5, 4, 7, 5),
(477, '2010-07-09 23:27:54', 'SYSTEM', '2012-04-11 06:39:17', 'SYSTEM', 11, '2010-07-09 00:00:00', 38, 1, 119, 'N', 5, 3, 4, 6, 3, 7, 5, 3, 4),
(478, '2010-07-09 23:27:54', 'SYSTEM', '2010-07-11 17:25:56', 'SYSTEM', 16, '2010-07-09 00:00:00', 46, 1, 120, 'N', 5, 4, 7, 6, 6, 9, 7, 4, 6),
(479, '2010-07-09 23:29:02', 'SYSTEM', '2011-06-22 18:56:45', 'SYSTEM', 12, '2010-07-09 00:00:00', 35, 1, 119, 'N', 4, 4, 5, 5, 5, 6, 7, 3, 5),
(480, '2010-07-09 23:29:02', 'SYSTEM', '2010-07-11 17:25:56', 'SYSTEM', 19, '2010-07-09 00:00:00', 48, 1, 120, 'N', 5, 7, 7, 7, 3, 7, 6, 7, 4),
(481, '2010-07-17 11:11:42', 'SYSTEM', '2012-04-11 06:39:17', 'SYSTEM', 10, '2010-07-16 00:00:00', 33, 1, 121, 'N', 5, 4, 5, 5, 5, 6, 5, 3, 4),
(482, '2010-07-17 11:11:42', 'SYSTEM', '2012-04-11 07:12:14', 'SYSTEM', 11, '2010-07-16 00:00:00', 9, 1, 122, 'N', 7, 4, 5, 5, 4, 5, 6, 4, 7),
(483, '2010-07-17 11:12:35', 'SYSTEM', '2011-06-22 18:56:45', 'SYSTEM', 11, '2010-07-16 00:00:00', 35, 1, 121, 'N', 6, 5, 6, 6, 3, 6, 5, 4, 7),
(484, '2010-07-17 11:12:35', 'SYSTEM', '2012-04-12 06:09:10', 'SYSTEM', 13, '2010-07-16 00:00:00', 7, 1, 122, 'N', 4, 3, 6, 4, 5, 7, 6, 3, 8),
(485, '2010-07-17 11:13:21', 'SYSTEM', '2012-04-11 06:39:17', 'SYSTEM', 13, '2010-07-16 00:00:00', 37, 1, 121, 'N', 5, 3, 6, 5, 5, 6, 5, 6, 6),
(486, '2010-07-17 11:13:21', 'SYSTEM', '2012-04-11 07:12:28', 'SYSTEM', 14, '2010-07-16 00:00:00', 13, 1, 122, 'N', 5, 4, 5, 7, 4, 6, 6, 4, 8),
(487, '2010-07-17 11:14:14', 'SYSTEM', '2012-04-11 06:39:17', 'SYSTEM', 18, '2010-07-16 00:00:00', 34, 1, 121, 'N', 5, 5, 9, 6, 6, 7, 7, 5, 6),
(488, '2010-07-17 11:14:14', 'SYSTEM', '2010-07-17 11:56:14', 'SYSTEM', 17, '2010-07-16 00:00:00', 14, 1, 122, 'N', 8, 6, 6, 6, 4, 7, 5, 5, 7),
(489, '2010-07-17 11:16:24', 'SYSTEM', '2010-07-18 21:15:56', 'SYSTEM', 9, '2010-07-16 00:00:00', 52, 1, 123, 'N', 5, 6, 4, 5, 4, 7, 4, 3, 5),
(490, '2010-07-17 11:16:24', 'SYSTEM', '2012-05-05 07:40:35', 'SYSTEM', 5, '2010-07-16 00:00:00', 84, 1, 124, 'N', 5, 3, 4, 4, 3, 5, 4, 4, 7),
(491, '2010-07-17 11:18:57', 'SYSTEM', '2010-07-17 11:56:14', 'SYSTEM', 12, '2010-07-16 00:00:00', 47, 1, 123, 'N', 7, 3, 5, 5, 5, 5, 5, 4, 6),
(492, '2010-07-17 11:18:57', 'SYSTEM', '2012-04-11 07:15:35', 'SYSTEM', 8, '2010-07-16 00:00:00', 76, 1, 124, 'N', 5, 5, 5, 7, 4, 7, 4, 3, 6),
(493, '2010-07-17 11:20:10', 'SYSTEM', '2010-07-17 11:56:14', 'SYSTEM', 17, '2010-07-16 00:00:00', 46, 1, 123, 'N', 6, 4, 7, 6, 4, 6, 6, 4, 8),
(494, '2010-07-17 11:20:10', 'SYSTEM', '2012-05-12 06:59:39', 'SYSTEM', 14, '2010-07-16 00:00:00', 56, 1, 124, 'N', 5, 5, 6, 7, 3, 7, 8, 4, 6),
(495, '2010-07-17 11:21:14', 'SYSTEM', '2010-07-17 11:56:14', 'SYSTEM', 18, '2010-07-16 00:00:00', 48, 1, 123, 'N', 6, 4, 7, 7, 5, 8, 7, 5, 6),
(496, '2010-07-17 11:21:14', 'SYSTEM', '2012-04-11 07:15:35', 'SYSTEM', 15, '2010-07-16 00:00:00', 79, 1, 124, 'N', 5, 5, 5, 6, 3, 6, 6, 3, 6),
(497, '2010-07-17 11:43:07', 'SYSTEM', '2012-05-12 06:59:39', 'SYSTEM', 12, '2010-07-16 00:00:00', 58, 2, 125, 'N', 6, 7, 8, 6, 8, 4, 6, 5, 6),
(498, '2010-07-17 11:43:07', 'SYSTEM', '2010-07-17 11:56:14', 'SYSTEM', 11, '2010-07-16 00:00:00', 83, 2, 126, 'N', 3, 5, 4, 6, 5, 6, 3, 4, 6),
(499, '2010-07-17 11:44:02', 'SYSTEM', '2012-05-15 09:54:33', 'SYSTEM', 9, '2010-07-16 00:00:00', 43, 2, 125, 'N', 5, 7, 4, 7, 6, 5, 4, 4, 6),
(500, '2010-07-17 11:44:02', 'SYSTEM', '2011-04-23 17:02:23', 'SYSTEM', 16, '2010-07-16 00:00:00', 69, 2, 126, 'N', 4, 9, 7, 9, 6, 6, 9, 9, 6),
(501, '2010-07-17 11:45:00', 'SYSTEM', '2012-05-12 06:59:39', 'SYSTEM', 16, '2010-07-16 00:00:00', 55, 2, 125, 'N', 2, 6, 6, 6, 4, 6, 5, 5, 5),
(502, '2010-07-17 11:45:00', 'SYSTEM', '2012-04-11 07:24:01', 'SYSTEM', 17, '2010-07-16 00:00:00', 71, 2, 126, 'N', 4, 10, 8, 6, 7, 8, 6, 6, 6),
(503, '2010-07-17 11:45:53', 'SYSTEM', '2012-05-12 06:59:39', 'SYSTEM', 17, '2010-07-16 00:00:00', 57, 2, 125, 'N', 4, 8, 4, 8, 8, 5, 5, 5, 7),
(504, '2010-07-17 11:45:53', 'SYSTEM', '2012-04-11 07:24:01', 'SYSTEM', 18, '2010-07-16 00:00:00', 74, 2, 126, 'N', 4, 6, 6, 8, 6, 6, 5, 6, 6),
(505, '2010-07-17 11:48:14', 'SYSTEM', '2010-09-09 18:28:50', 'SYSTEM', 5, '2010-07-16 00:00:00', 16, 2, 127, 'N', 4, 5, 4, 5, 4, 4, 2, 7, 7),
(506, '2010-07-17 11:48:14', 'SYSTEM', '2011-03-23 05:53:52', 'SYSTEM', 10, '2010-07-16 00:00:00', 64, 2, 128, 'N', 4, 5, 5, 4, 6, 6, 4, 7, 5),
(507, '2010-07-17 11:49:35', 'SYSTEM', '2011-06-14 10:31:43', 'SYSTEM', 9, '2010-07-16 00:00:00', 1, 2, 127, 'N', 4, 8, 7, 5, 6, 4, 3, 5, 5),
(508, '2010-07-17 11:49:35', 'SYSTEM', '2011-03-23 05:53:52', 'SYSTEM', 11, '2010-07-16 00:00:00', 65, 2, 128, 'N', 4, 5, 6, 7, 6, 7, 4, 4, 6),
(509, '2010-07-17 11:50:49', 'SYSTEM', '2011-06-14 10:31:43', 'SYSTEM', 9, '2010-07-16 00:00:00', 6, 2, 127, 'N', 4, 7, 5, 7, 6, 5, 4, 5, 5),
(510, '2010-07-17 11:50:49', 'SYSTEM', '2011-03-23 05:53:52', 'SYSTEM', 16, '2010-07-16 00:00:00', 62, 2, 128, 'N', 5, 8, 8, 6, 7, 3, 5, 5, 5),
(511, '2010-07-17 11:51:35', 'SYSTEM', '2011-06-14 10:31:43', 'SYSTEM', 11, '2010-07-16 00:00:00', 3, 2, 127, 'N', 2, 7, 5, 4, 4, 6, 5, 5, 5),
(512, '2010-07-17 11:51:35', 'SYSTEM', '2010-07-17 11:56:14', 'SYSTEM', NULL, '2010-07-16 00:00:00', NULL, 2, 128, 'Y', NULL, NULL, NULL, NULL, NULL, NULL, NULL, NULL, NULL),
(513, '2010-07-17 11:53:05', 'SYSTEM', '2012-04-22 09:43:52', 'SYSTEM', 7, '2010-07-16 00:00:00', 27, 1, 129, 'N', 5, 5, 6, 6, 4, 5, 5, 4, 7),
(514, '2010-07-17 11:53:05', 'SYSTEM', '2010-09-09 18:28:50', 'SYSTEM', 9, '2010-07-16 00:00:00', 17, 1, 130, 'N', 5, 2, 5, 4, 4, 5, 6, 3, 6),
(515, '2010-07-17 11:53:53', 'SYSTEM', '2012-05-05 07:40:35', 'SYSTEM', 8, '2010-07-16 00:00:00', 28, 1, 129, 'N', 6, 4, 6, 6, 3, 6, 4, 3, 6),
(516, '2010-07-17 11:53:53', 'SYSTEM', '2010-09-09 18:28:50', 'SYSTEM', 11, '2010-07-16 00:00:00', 19, 1, 130, 'N', 5, 4, 7, 6, 3, 6, 6, 3, 6),
(517, '2010-07-17 11:55:00', 'SYSTEM', '2012-05-05 07:40:35', 'SYSTEM', 8, '2010-07-16 00:00:00', 29, 2, 129, 'N', 5, 6, 5, 6, 4, 8, 5, 4, 6),
(518, '2010-07-17 11:55:00', 'SYSTEM', '2010-09-09 18:28:50', 'SYSTEM', 11, '2010-07-16 00:00:00', 21, 2, 130, 'N', 4, 7, 4, 7, 6, 5, 5, 7, 6),
(519, '2010-07-17 11:56:14', 'SYSTEM', '2010-07-17 11:56:14', 'SYSTEM', NULL, '2010-07-16 00:00:00', NULL, 2, 129, 'Y', NULL, NULL, NULL, NULL, NULL, NULL, NULL, NULL, NULL),
(520, '2010-07-17 11:56:14', 'SYSTEM', '2010-09-09 18:28:50', 'SYSTEM', 12, '2010-07-16 00:00:00', 20, 2, 130, 'N', 3, 6, 6, 7, 5, 6, 4, 6, 6),
(521, '2010-07-23 20:49:39', 'SYSTEM', '2011-04-11 21:00:05', 'SYSTEM', 8, '2010-07-23 00:00:00', 5, 1, 131, 'N', 5, 5, 8, 6, 5, 7, 5, 4, 6),
(522, '2010-07-23 20:49:39', 'SYSTEM', '2012-05-05 07:40:35', 'SYSTEM', 8, '2010-07-23 00:00:00', 28, 1, 132, 'N', 5, 4, 3, 6, 4, 6, 4, 4, 5),
(523, '2010-07-23 20:50:31', 'SYSTEM', '2011-06-14 10:31:43', 'SYSTEM', 9, '2010-07-23 00:00:00', 6, 1, 131, 'N', 8, 5, 6, 5, 4, 5, 6, 4, 6),
(524, '2010-07-23 20:50:31', 'SYSTEM', '2012-05-05 07:40:35', 'SYSTEM', 8, '2010-07-23 00:00:00', 29, 1, 132, 'N', 5, 5, 4, 4, 4, 5, 4, 4, 5),
(525, '2010-07-23 20:51:13', 'SYSTEM', '2011-06-14 10:31:43', 'SYSTEM', 9, '2010-07-23 00:00:00', 1, 1, 131, 'N', 4, 5, 5, 4, 4, 6, 5, 3, 5),
(526, '2010-07-23 20:51:13', 'SYSTEM', '2012-05-12 06:59:39', 'SYSTEM', 14, '2010-07-23 00:00:00', 55, 1, 132, 'N', 5, 4, 5, 5, 6, 6, 5, 2, 7),
(527, '2010-07-23 20:51:52', 'SYSTEM', '2011-06-14 10:31:43', 'SYSTEM', 10, '2010-07-23 00:00:00', 2, 1, 131, 'N', 6, 5, 6, 6, 4, 7, 6, 5, 8),
(528, '2010-07-23 20:51:52', 'SYSTEM', '2012-05-15 09:54:33', 'SYSTEM', 16, '2010-07-23 00:00:00', 53, 1, 132, 'N', 6, 4, 8, 8, 5, 8, 5, 4, 8),
(529, '2010-07-23 20:54:40', 'SYSTEM', '2010-07-23 21:14:18', 'SYSTEM', 5, '2010-07-23 00:00:00', 51, 1, 133, 'N', 4, 3, 4, 4, 3, 4, 4, 4, 5),
(530, '2010-07-23 20:54:40', 'SYSTEM', '2011-03-23 05:53:52', 'SYSTEM', 10, '2010-07-23 00:00:00', 64, 1, 134, 'N', 4, 2, 4, 5, 5, 5, 6, 4, 6),
(531, '2010-07-23 20:55:38', 'SYSTEM', '2010-07-23 21:14:18', 'SYSTEM', 6, '2010-07-23 00:00:00', 50, 1, 133, 'N', 4, 3, 4, 4, 6, 9, 5, 4, 6),
(532, '2010-07-23 20:55:38', 'SYSTEM', '2011-03-23 05:53:52', 'SYSTEM', 12, '2010-07-23 00:00:00', 67, 1, 134, 'N', 4, 5, 6, 5, 3, 7, 8, 4, 6),
(533, '2010-07-23 20:57:10', 'SYSTEM', '2010-07-23 21:14:18', 'SYSTEM', 9, '2010-07-23 00:00:00', 52, 1, 133, 'N', 5, 6, 5, 5, 5, 4, 5, 3, 6),
(534, '2010-07-23 20:57:10', 'SYSTEM', '2011-03-23 05:53:52', 'SYSTEM', 15, '2010-07-23 00:00:00', 62, 1, 134, 'N', 6, 4, 5, 6, 5, 6, 5, 3, 7),
(535, '2010-07-23 20:58:01', 'SYSTEM', '2010-07-23 21:14:18', 'SYSTEM', 11, '2010-07-23 00:00:00', 47, 1, 133, 'N', 6, 5, 6, 6, 3, 6, 5, 4, 7),
(536, '2010-07-23 20:58:01', 'SYSTEM', '2011-03-23 05:53:52', 'SYSTEM', 16, '2010-07-23 00:00:00', 61, 1, 134, 'N', 5, 4, 3, 5, 5, 6, 6, 4, 8),
(537, '2010-07-23 20:59:07', 'SYSTEM', '2011-06-22 18:56:45', 'SYSTEM', 11, '2010-07-23 00:00:00', 35, 2, 135, 'N', 5, 7, 5, 6, 5, 5, 4, 5, 6),
(538, '2010-07-23 20:59:07', 'SYSTEM', '2012-04-11 07:15:35', 'SYSTEM', 3, '2010-07-23 00:00:00', 78, 2, 136, 'N', 5, 6, 4, 6, 7, 4, 4, 4, 4),
(539, '2010-07-23 20:59:59', 'SYSTEM', '2012-04-11 06:39:17', 'SYSTEM', 12, '2010-07-23 00:00:00', 37, 2, 135, 'N', 5, 6, 7, 7, 5, 4, 4, 5, 5),
(540, '2010-07-23 20:59:59', 'SYSTEM', '2012-04-11 07:15:35', 'SYSTEM', 9, '2010-07-23 00:00:00', 76, 2, 136, 'N', 6, 7, 6, 5, 4, 5, 4, 5, 5),
(541, '2010-07-23 21:00:49', 'SYSTEM', '2012-05-12 06:59:39', 'SYSTEM', 12, '2010-07-23 00:00:00', 58, 2, 135, 'N', 3, 7, 6, 6, 5, 6, 4, 5, 5),
(542, '2010-07-23 21:00:49', 'SYSTEM', '2012-04-11 07:15:35', 'SYSTEM', 9, '2010-07-23 00:00:00', 77, 2, 136, 'N', 4, 5, 6, 5, 4, 7, 4, 5, 5),
(543, '2010-07-23 21:01:31', 'SYSTEM', '2010-07-23 21:14:18', 'SYSTEM', 13, '2010-07-23 00:00:00', 36, 2, 135, 'N', 3, 6, 5, 4, 5, 6, 4, 6, 5),
(544, '2010-07-23 21:01:31', 'SYSTEM', '2012-04-11 07:15:35', 'SYSTEM', 13, '2010-07-23 00:00:00', 79, 2, 136, 'N', 6, 7, 4, 6, 7, 7, 5, 5, 6),
(545, '2010-07-23 21:02:42', 'SYSTEM', '2010-09-09 18:28:50', 'SYSTEM', 4, '2010-07-23 00:00:00', 16, 2, 137, 'N', 3, 5, 5, 5, 4, 6, 4, 4, 4),
(546, '2010-07-23 21:02:42', 'SYSTEM', '2012-04-12 06:09:10', 'SYSTEM', 9, '2010-07-23 00:00:00', 8, 2, 138, 'N', 4, 7, 4, 6, 4, 5, 3, 6, 5),
(547, '2010-07-23 21:03:26', 'SYSTEM', '2010-09-09 18:28:50', 'SYSTEM', 8, '2010-07-23 00:00:00', 17, 2, 137, 'N', 3, 7, 4, 5, 5, 4, 3, 6, 5),
(548, '2010-07-23 21:03:26', 'SYSTEM', '2011-06-16 05:52:17', 'SYSTEM', 11, '2010-07-23 00:00:00', 11, 2, 138, 'N', 6, 7, 5, 7, 4, 7, 4, 4, 5),
(549, '2010-07-23 21:04:13', 'SYSTEM', '2010-09-09 18:28:50', 'SYSTEM', 10, '2010-07-23 00:00:00', 15, 2, 137, 'N', 4, 7, 5, 6, 6, 8, 3, 5, 3),
(550, '2010-07-23 21:04:13', 'SYSTEM', '2012-04-12 06:09:10', 'SYSTEM', 12, '2010-07-23 00:00:00', 7, 2, 138, 'N', 6, 6, 5, 9, 5, 10, 4, 5, 6),
(551, '2010-07-23 21:05:24', 'SYSTEM', '2010-09-09 18:28:50', 'SYSTEM', 21, '2010-07-23 00:00:00', 88, 2, 137, 'N', 7, 8, 5, 7, 8, 7, 4, 7, 6),
(552, '2010-07-23 21:05:24', 'SYSTEM', '2011-03-29 20:55:53', 'SYSTEM', 21, '2010-07-23 00:00:00', 12, 2, 138, 'N', 4, 9, 6, 6, 8, 7, 10, 5, 8),
(553, '2010-07-23 21:06:28', 'SYSTEM', '2012-05-15 09:54:33', 'SYSTEM', 5, '2010-07-23 00:00:00', 42, 1, 139, 'N', 4, 4, 6, 4, 4, 5, 5, 3, 4),
(554, '2010-07-23 21:06:28', 'SYSTEM', '2011-04-23 17:02:23', 'SYSTEM', 8, '2010-07-23 00:00:00', 72, 1, 140, 'N', 4, 4, 5, 5, 4, 4, 5, 4, 6),
(555, '2010-07-23 21:07:25', 'SYSTEM', '2012-05-15 09:54:33', 'SYSTEM', 8, '2010-07-23 00:00:00', 40, 1, 139, 'N', 4, 4, 4, 5, 3, 8, 5, 3, 5),
(556, '2010-07-23 21:07:25', 'SYSTEM', '2012-04-11 07:24:01', 'SYSTEM', 12, '2010-07-23 00:00:00', 73, 1, 140, 'N', 6, 7, 7, 4, 4, 5, 6, 4, 6),
(557, '2010-07-23 21:08:17', 'SYSTEM', '2012-05-15 09:54:33', 'SYSTEM', 10, '2010-07-23 00:00:00', 43, 2, 139, 'N', 5, 6, 5, 6, 4, 7, 4, 4, 4),
(558, '2010-07-23 21:08:17', 'SYSTEM', '2011-04-23 17:02:23', 'SYSTEM', 18, '2010-07-23 00:00:00', 69, 2, 140, 'N', 4, 7, 10, 8, 6, 6, 5, 7, 7),
(559, '2010-07-23 21:08:58', 'SYSTEM', '2012-05-15 09:54:33', 'SYSTEM', 15, '2010-07-23 00:00:00', 44, 2, 139, 'N', 6, 7, 8, 10, 7, 6, 4, 6, 5),
(560, '2010-07-23 21:08:58', 'SYSTEM', '2012-04-11 07:24:01', 'SYSTEM', 18, '2010-07-23 00:00:00', 71, 2, 140, 'N', 4, 7, 6, 8, 7, 4, 4, 7, 7),
(561, '2010-07-30 21:42:39', 'SYSTEM', '2011-06-14 10:31:43', 'SYSTEM', 8, '2010-07-30 00:00:00', 1, 1, 141, 'N', 6, 6, 4, 5, 4, 5, 4, 3, 5),
(562, '2010-07-30 21:42:39', 'SYSTEM', '2010-09-09 18:28:50', 'SYSTEM', 4, '2010-07-30 00:00:00', 16, 1, 142, 'N', 6, 3, 4, 4, 6, 5, 4, 3, 6),
(563, '2010-07-30 21:43:31', 'SYSTEM', '2011-06-14 10:31:43', 'SYSTEM', 10, '2010-07-30 00:00:00', 6, 1, 141, 'N', 4, 2, 7, 6, 5, 5, 6, 3, 6),
(564, '2010-07-30 21:43:31', 'SYSTEM', '2010-09-09 18:28:50', 'SYSTEM', 8, '2010-07-30 00:00:00', 17, 1, 142, 'N', 4, 3, 5, 6, 2, 6, 6, 4, 6),
(565, '2010-07-30 21:44:31', 'SYSTEM', '2011-06-14 10:31:43', 'SYSTEM', 10, '2010-07-30 00:00:00', 2, 1, 141, 'N', 5, 4, 6, 8, 4, 6, 5, 4, 6),
(566, '2010-07-30 21:44:31', 'SYSTEM', '2010-09-09 18:28:50', 'SYSTEM', 11, '2010-07-30 00:00:00', 21, 1, 142, 'N', 4, 4, 7, 7, 3, 6, 4, 3, 4),
(567, '2010-07-30 21:45:43', 'SYSTEM', '2011-06-14 10:31:43', 'SYSTEM', 18, '2010-07-30 00:00:00', 4, 1, 141, 'N', 4, 5, 8, 8, 6, 6, 5, 4, 9),
(568, '2010-07-30 21:45:43', 'SYSTEM', '2010-09-09 18:28:50', 'SYSTEM', 11, '2010-07-30 00:00:00', 20, 1, 142, 'N', 4, 6, 5, 5, 4, 7, 5, 5, 6),
(569, '2010-07-30 21:46:52', 'SYSTEM', '2012-04-12 06:09:10', 'SYSTEM', 8, '2010-07-30 00:00:00', 8, 1, 143, 'N', 5, 4, 5, 5, 3, 7, 4, 3, 6),
(570, '2010-07-30 21:46:52', 'SYSTEM', '2011-03-19 20:05:43', 'SYSTEM', 3, '2010-07-30 00:00:00', 26, 1, 144, 'N', 5, 6, 5, 5, 4, 7, 5, 5, 4),
(571, '2010-07-30 21:47:50', 'SYSTEM', '2012-04-12 06:09:10', 'SYSTEM', 8, '2010-07-30 00:00:00', 10, 1, 143, 'N', 4, 5, 4, 5, 3, 7, 4, 4, 6),
(572, '2010-07-30 21:47:50', 'SYSTEM', '2012-05-05 07:40:35', 'SYSTEM', 5, '2010-07-30 00:00:00', 25, 1, 144, 'N', 6, 4, 4, 6, 4, 5, 4, 3, 6),
(573, '2010-07-30 21:49:01', 'SYSTEM', '2012-04-11 07:12:28', 'SYSTEM', 12, '2010-07-30 00:00:00', 13, 1, 143, 'N', 6, 3, 5, 8, 3, 7, 5, 3, 7),
(574, '2010-07-30 21:49:01', 'SYSTEM', '2012-05-05 07:40:35', 'SYSTEM', 6, '2010-07-30 00:00:00', 31, 1, 144, 'N', 5, 5, 3, 3, 3, 7, 5, 4, 5),
(575, '2010-07-30 21:50:39', 'SYSTEM', '2011-03-29 20:55:53', 'SYSTEM', 19, '2010-07-30 00:00:00', 12, 1, 143, 'N', 7, 5, 9, 8, 6, 9, 6, 4, 8),
(576, '2010-07-30 21:50:39', 'SYSTEM', '2011-06-04 05:55:08', 'SYSTEM', 13, '2010-07-30 00:00:00', 24, 1, 144, 'N', 5, 5, 5, 5, 4, 7, 5, 3, 6),
(577, '2010-07-30 21:51:22', 'SYSTEM', '2011-03-23 05:53:52', 'SYSTEM', 12, '2010-07-30 00:00:00', 65, 2, 145, 'N', 4, 7, 7, 7, 5, 4, 4, 7, 5),
(578, '2010-07-30 21:51:22', 'SYSTEM', '2012-05-05 07:40:35', 'SYSTEM', 7, '2010-07-30 00:00:00', 28, 2, 146, 'N', 4, 7, 5, 6, 5, 5, 4, 5, 4),
(579, '2010-07-30 21:52:24', 'SYSTEM', '2011-03-23 05:53:52', 'SYSTEM', 15, '2010-07-30 00:00:00', 61, 2, 145, 'N', 4, 7, 4, 7, 4, 6, 5, 6, 6),
(580, '2010-07-30 21:52:24', 'SYSTEM', '2012-05-12 06:59:39', 'SYSTEM', 12, '2010-07-30 00:00:00', 55, 2, 146, 'N', 5, 9, 5, 8, 4, 7, 4, 6, 4),
(581, '2010-07-30 21:53:59', 'SYSTEM', '2010-07-30 22:07:07', 'SYSTEM', 23, '2010-07-30 00:00:00', 63, 2, 145, 'N', 6, 10, 7, 7, 9, 6, 4, 6, 6),
(582, '2010-07-30 21:53:59', 'SYSTEM', '2012-05-12 06:59:39', 'SYSTEM', 15, '2010-07-30 00:00:00', 57, 2, 146, 'N', 4, 7, 6, 7, 5, 5, 4, 5, 5),
(583, '2010-07-30 21:59:28', 'SYSTEM', '2011-03-23 05:53:52', 'SYSTEM', 28, '2010-07-30 00:00:00', 66, 2, 145, 'N', 5, 8, 8, 8, 8, 6, 4, 8, 5),
(584, '2010-07-30 21:59:28', 'SYSTEM', '2011-03-23 05:51:12', 'SYSTEM', 10, '2010-07-30 00:00:00', 89, 2, 146, 'N', 4, 6, 5, 7, 5, 5, 5, 5, 5),
(585, '2010-07-30 22:01:06', 'SYSTEM', '2011-04-23 17:02:23', 'SYSTEM', 7, '2010-07-30 00:00:00', 72, 2, 147, 'N', 4, 9, 4, 6, 8, 6, 3, 5, 4),
(586, '2010-07-30 22:01:06', 'SYSTEM', '2010-07-30 22:07:07', 'SYSTEM', 6, '2010-07-30 00:00:00', 50, 2, 148, 'N', 3, 5, 4, 5, 5, 5, 3, 5, 5),
(587, '2010-07-30 22:01:49', 'SYSTEM', '2012-04-11 07:24:01', 'SYSTEM', 19, '2010-07-30 00:00:00', 80, 2, 147, 'N', 4, 6, 6, 10, 6, 5, 5, 7, 5),
(588, '2010-07-30 22:01:49', 'SYSTEM', '2010-07-30 22:07:07', 'SYSTEM', 8, '2010-07-30 00:00:00', 52, 2, 148, 'N', 5, 5, 7, 5, 6, 8, 4, 6, 5),
(589, '2010-07-30 22:02:30', 'SYSTEM', '2011-04-23 17:02:23', 'SYSTEM', 19, '2010-07-30 00:00:00', 69, 2, 147, 'N', 5, 8, 5, 6, 5, 7, 4, 7, 6),
(590, '2010-07-30 22:02:30', 'SYSTEM', '2010-07-30 22:07:07', 'SYSTEM', 11, '2010-07-30 00:00:00', 47, 2, 148, 'N', 4, 6, 5, 5, 5, 6, 3, 7, 6),
(591, '2010-07-30 22:03:36', 'SYSTEM', '2012-04-11 07:24:01', 'SYSTEM', 22, '2010-07-30 00:00:00', 68, 2, 147, 'N', 5, 7, 7, 7, 6, 5, 4, 8, 7),
(592, '2010-07-30 22:03:36', 'SYSTEM', '2010-07-30 22:07:07', 'SYSTEM', 19, '2010-07-30 00:00:00', 48, 2, 148, 'N', 4, 7, 8, 7, 8, 9, 5, 7, 7),
(593, '2010-07-30 22:05:08', 'SYSTEM', '2012-04-11 07:15:35', 'SYSTEM', 5, '2010-07-30 00:00:00', 78, 2, 149, 'N', 5, 7, 5, 6, 4, 4, 3, 4, 4),
(594, '2010-07-30 22:05:08', 'SYSTEM', '2012-05-15 09:54:33', 'SYSTEM', 5, '2010-07-30 00:00:00', 42, 2, 150, 'N', 4, 5, 6, 5, 4, 6, 2, 5, 4),
(595, '2010-07-30 22:05:49', 'SYSTEM', '2012-04-11 07:15:35', 'SYSTEM', 8, '2010-07-30 00:00:00', 76, 2, 149, 'N', 3, 6, 4, 8, 7, 5, 4, 5, 6),
(596, '2010-07-30 22:05:49', 'SYSTEM', '2011-03-23 05:52:58', 'SYSTEM', 6, '2010-07-30 00:00:00', 45, 2, 150, 'N', 3, 6, 6, 5, 4, 4, 3, 5, 6),
(597, '2010-07-30 22:06:30', 'SYSTEM', '2012-04-11 07:15:35', 'SYSTEM', 10, '2010-07-30 00:00:00', 77, 1, 149, 'N', 5, 3, 9, 7, 2, 7, 5, 5, 5),
(598, '2010-07-30 22:06:30', 'SYSTEM', '2012-05-15 09:54:33', 'SYSTEM', 8, '2010-07-30 00:00:00', 40, 1, 150, 'N', 4, 3, 4, 4, 3, 6, 3, 3, 6),
(599, '2010-07-30 22:07:07', 'SYSTEM', '2012-04-11 07:15:35', 'SYSTEM', 13, '2010-07-30 00:00:00', 79, 1, 149, 'N', 7, 4, 5, 6, 3, 7, 5, 3, 6),
(600, '2010-07-30 22:07:07', 'SYSTEM', '2012-05-15 09:54:33', 'SYSTEM', 16, '2010-07-30 00:00:00', 44, 1, 150, 'N', 5, 5, 5, 4, 5, 8, 6, 4, 5),
(601, '2010-08-08 08:24:20', 'SYSTEM', '2012-05-05 07:40:35', 'SYSTEM', 7, '2010-08-06 00:00:00', 28, 1, 151, 'N', 4, 5, 4, 5, 4, 6, 5, 4, 4),
(602, '2010-08-08 08:24:20', 'SYSTEM', '2012-04-11 07:24:01', 'SYSTEM', 12, '2010-08-06 00:00:00', 73, 1, 152, 'N', 6, 4, 7, 6, 3, 7, 6, 3, 5),
(603, '2010-08-08 08:25:02', 'SYSTEM', '2012-05-05 07:40:35', 'SYSTEM', 7, '2010-08-06 00:00:00', 30, 1, 151, 'N', 5, 4, 5, 6, 5, 6, 5, 4, 6),
(604, '2010-08-08 08:25:02', 'SYSTEM', '2012-05-12 06:59:39', 'SYSTEM', 15, '2010-08-06 00:00:00', 57, 1, 152, 'N', 6, 5, 6, 6, 4, 8, 5, 6, 7),
(605, '2010-08-08 08:25:54', 'SYSTEM', '2012-04-22 09:43:52', 'SYSTEM', 9, '2010-08-06 00:00:00', 27, 1, 151, 'N', 5, 4, 6, 4, 3, 5, 5, 4, 5),
(606, '2010-08-08 08:25:54', 'SYSTEM', '2012-04-11 07:24:01', 'SYSTEM', 17, '2010-08-06 00:00:00', 71, 1, 152, 'N', 7, 4, 6, 6, 4, 8, 7, 4, 8),
(607, '2010-08-08 08:26:54', 'SYSTEM', '2011-06-04 05:55:08', 'SYSTEM', 12, '2010-08-06 00:00:00', 24, 1, 151, 'N', 5, 4, 6, 8, 6, 8, 5, 7, 8),
(608, '2010-08-08 08:26:54', 'SYSTEM', '2012-04-11 07:24:01', 'SYSTEM', 21, '2010-08-06 00:00:00', 68, 1, 152, 'N', 5, 4, 10, 7, 4, 7, 6, 5, 7),
(609, '2010-08-08 08:28:19', 'SYSTEM', '2010-09-09 18:28:50', 'SYSTEM', 11, '2010-08-06 00:00:00', 19, 1, 153, 'N', 7, 4, 4, 5, 5, 6, 5, 4, 6),
(610, '2010-08-08 08:28:19', 'SYSTEM', '2012-04-11 07:15:35', 'SYSTEM', 5, '2010-08-06 00:00:00', 78, 1, 154, 'N', 5, 4, 4, 4, 3, 5, 5, 3, 5),
(611, '2010-08-08 08:29:02', 'SYSTEM', '2010-09-09 18:28:50', 'SYSTEM', 11, '2010-08-06 00:00:00', 20, 1, 153, 'N', 6, 5, 6, 8, 4, 6, 7, 4, 7),
(612, '2010-08-08 08:29:02', 'SYSTEM', '2012-04-11 07:15:35', 'SYSTEM', 9, '2010-08-06 00:00:00', 76, 1, 154, 'N', 5, 4, 6, 6, 5, 5, 5, 3, 5),
(613, '2010-08-08 08:29:55', 'SYSTEM', '2010-09-09 18:28:50', 'SYSTEM', 18, '2010-08-06 00:00:00', 18, 1, 153, 'N', 5, 7, 6, 7, 5, 5, 7, 4, 5),
(614, '2010-08-08 08:29:55', 'SYSTEM', '2012-04-11 07:15:35', 'SYSTEM', 9, '2010-08-06 00:00:00', 77, 1, 154, 'N', 4, 3, 6, 5, 4, 7, 4, 3, 6),
(615, '2010-08-08 08:30:40', 'SYSTEM', '2010-09-09 18:28:50', 'SYSTEM', 21, '2010-08-06 00:00:00', 88, 1, 153, 'N', 6, 4, 7, 6, 5, 7, 6, 3, 7),
(616, '2010-08-08 08:30:40', 'SYSTEM', '2012-04-11 07:15:35', 'SYSTEM', 13, '2010-08-06 00:00:00', 79, 1, 154, 'N', 6, 5, 5, 7, 3, 5, 4, 3, 6),
(617, '2010-08-08 08:32:29', 'SYSTEM', '2011-06-14 10:31:43', 'SYSTEM', 8, '2010-08-06 00:00:00', 1, 2, 155, 'N', 3, 8, 4, 5, 5, 5, 4, 4, 4),
(618, '2010-08-08 08:32:29', 'SYSTEM', '2010-08-08 08:48:59', 'SYSTEM', 4, '2010-08-06 00:00:00', 51, 2, 156, 'N', 4, 5, 7, 5, 4, 4, 3, 4, 4),
(619, '2010-08-08 08:33:32', 'SYSTEM', '2011-06-14 10:31:43', 'SYSTEM', 10, '2010-08-06 00:00:00', 6, 2, 155, 'N', 5, 6, 5, 7, 5, 4, 4, 4, 4),
(620, '2010-08-08 08:33:32', 'SYSTEM', '2010-08-08 08:48:59', 'SYSTEM', 10, '2010-08-06 00:00:00', 47, 2, 156, 'N', 3, 6, 5, 9, 9, 5, 3, 5, 5),
(621, '2010-08-08 08:35:08', 'SYSTEM', '2011-04-11 21:00:05', 'SYSTEM', 10, '2010-08-06 00:00:00', 5, 2, 155, 'N', 4, 5, 4, 6, 5, 5, 3, 5, 4),
(622, '2010-08-08 08:35:08', 'SYSTEM', '2010-08-08 08:48:59', 'SYSTEM', 16, '2010-08-06 00:00:00', 46, 2, 156, 'N', 4, 10, 5, 8, 5, 6, 5, 8, 6),
(623, '2010-08-08 08:36:15', 'SYSTEM', '2011-06-14 10:31:43', 'SYSTEM', 18, '2010-08-06 00:00:00', 4, 2, 155, 'N', 3, 8, 5, 5, 6, 7, 7, 6, 6),
(624, '2010-08-08 08:36:15', 'SYSTEM', '2010-08-08 08:48:59', 'SYSTEM', 20, '2010-08-06 00:00:00', 48, 2, 156, 'N', 5, 8, 7, 7, 4, 4, 8, 6, 6),
(625, '2010-08-08 08:38:07', 'SYSTEM', '2012-05-15 09:54:33', 'SYSTEM', 4, '2010-08-06 00:00:00', 41, 2, 157, 'N', 3, 5, 4, 6, 6, 6, 3, 5, 4),
(626, '2010-08-08 08:38:07', 'SYSTEM', '2012-05-12 06:59:39', 'SYSTEM', 12, '2010-08-06 00:00:00', 55, 2, 158, 'N', 4, 8, 6, 7, 6, 8, 5, 6, 5),
(627, '2010-08-08 08:40:25', 'SYSTEM', '2012-05-15 09:54:33', 'SYSTEM', 5, '2010-08-06 00:00:00', 42, 2, 157, 'N', 3, 5, 4, 7, 4, 4, 3, 5, 5),
(628, '2010-08-08 08:40:25', 'SYSTEM', '2012-05-12 06:59:39', 'SYSTEM', 13, '2010-08-06 00:00:00', 56, 2, 158, 'N', 4, 7, 5, 10, 6, 4, 2, 7, 6),
(629, '2010-08-08 08:41:56', 'SYSTEM', '2012-05-15 09:54:33', 'SYSTEM', 6, '2010-08-06 00:00:00', 40, 2, 157, 'N', 3, 5, 5, 5, 6, 6, 3, 3, 6),
(630, '2010-08-08 08:41:56', 'SYSTEM', '2012-04-11 07:25:08', 'SYSTEM', 14, '2010-08-06 00:00:00', 54, 2, 158, 'N', 2, 7, 7, 7, 7, 4, 5, 7, 5),
(631, '2010-08-08 08:42:59', 'SYSTEM', '2012-05-15 09:54:33', 'SYSTEM', 9, '2010-08-06 00:00:00', 43, 2, 157, 'N', 5, 7, 6, 6, 3, 8, 3, 5, 4),
(632, '2010-08-08 08:42:59', 'SYSTEM', '2012-05-15 09:54:33', 'SYSTEM', 17, '2010-08-06 00:00:00', 53, 2, 158, 'N', 4, 7, 6, 9, 6, 7, 6, 5, 7),
(633, '2010-08-08 08:44:58', 'SYSTEM', '2012-04-11 06:39:17', 'SYSTEM', 7, '2010-08-06 00:00:00', 39, 1, 159, 'N', 4, 3, 7, 4, 3, 5, 4, 3, 6),
(634, '2010-08-08 08:44:58', 'SYSTEM', '2011-03-23 05:53:52', 'SYSTEM', 9, '2010-08-06 00:00:00', 64, 1, 160, 'N', 5, 4, 5, 4, 2, 5, 4, 5, 7),
(635, '2010-08-08 08:45:57', 'SYSTEM', '2011-06-22 18:56:45', 'SYSTEM', 10, '2010-08-06 00:00:00', 35, 1, 159, 'N', 4, 4, 5, 8, 3, 6, 5, 6, 7),
(636, '2010-08-08 08:45:57', 'SYSTEM', '2011-03-23 05:53:52', 'SYSTEM', 12, '2010-08-06 00:00:00', 67, 1, 160, 'N', 6, 6, 6, 5, 4, 8, 4, 5, 8),
(637, '2010-08-08 08:47:02', 'SYSTEM', '2012-04-11 06:39:17', 'SYSTEM', 10, '2010-08-06 00:00:00', 38, 2, 159, 'N', 3, 6, 6, 5, 4, 5, 3, 3, 7),
(638, '2010-08-08 08:47:02', 'SYSTEM', '2011-03-23 05:53:52', 'SYSTEM', 13, '2010-08-06 00:00:00', 62, 2, 160, 'N', 3, 7, 4, 5, 4, 6, 4, 6, 5),
(639, '2010-08-08 08:48:59', 'SYSTEM', '2012-04-11 06:39:17', 'SYSTEM', 18, '2010-08-06 00:00:00', 34, 2, 159, 'N', 5, 7, 5, 7, 5, 5, 5, 4, 7),
(640, '2010-08-08 08:48:59', 'SYSTEM', '2011-03-23 05:53:52', 'SYSTEM', 15, '2010-08-06 00:00:00', 59, 2, 160, 'N', 4, 6, 5, 6, 5, 3, 4, 6, 6),
(641, '2010-08-16 07:48:00', 'SYSTEM', '2011-03-23 05:53:52', 'SYSTEM', 12, '2010-08-13 00:00:00', 62, 1, 161, 'N', 4, 8, 5, 6, 3, 7, 5, 6, 7),
(642, '2010-08-16 07:48:00', 'SYSTEM', '2012-04-11 07:15:35', 'SYSTEM', 5, '2010-08-13 00:00:00', 78, 1, 162, 'N', 6, 4, 5, 4, 4, 5, 4, 3, 7),
(643, '2010-08-16 07:49:02', 'SYSTEM', '2011-03-23 05:53:52', 'SYSTEM', 19, '2010-08-13 00:00:00', 60, 1, 161, 'N', 7, 3, 7, 6, 7, 6, 5, 4, 10),
(644, '2010-08-16 07:49:02', 'SYSTEM', '2012-04-11 07:15:35', 'SYSTEM', 8, '2010-08-13 00:00:00', 77, 1, 162, 'N', 7, 5, 4, 5, 4, 6, 5, 4, 6),
(645, '2010-08-16 07:50:16', 'SYSTEM', '2010-08-16 13:29:42', 'SYSTEM', 23, '2010-08-13 00:00:00', 63, 1, 161, 'N', 7, 3, 8, 7, 4, 7, 6, 4, 7),
(646, '2010-08-16 07:50:16', 'SYSTEM', '2012-04-11 07:15:35', 'SYSTEM', 9, '2010-08-13 00:00:00', 76, 1, 162, 'N', 5, 3, 5, 5, 5, 6, 5, 3, 7),
(647, '2010-08-16 07:51:30', 'SYSTEM', '2011-03-23 05:53:52', 'SYSTEM', 26, '2010-08-13 00:00:00', 66, 1, 161, 'N', 8, 8, 8, 8, 4, 8, 6, 5, 7),
(648, '2010-08-16 07:51:30', 'SYSTEM', '2012-04-11 07:15:35', 'SYSTEM', 11, '2010-08-13 00:00:00', 79, 1, 162, 'N', 5, 5, 5, 4, 3, 7, 6, 4, 6),
(649, '2010-08-16 07:52:44', 'SYSTEM', '2012-05-15 09:54:33', 'SYSTEM', 4, '2010-08-13 00:00:00', 41, 1, 163, 'N', 4, 3, 4, 5, 3, 6, 6, 3, 7),
(650, '2010-08-16 07:52:44', 'SYSTEM', '2010-09-09 18:28:50', 'SYSTEM', 4, '2010-08-13 00:00:00', 16, 1, 164, 'N', 5, 3, 4, 6, 3, 6, 5, 3, 6),
(651, '2010-08-16 07:53:23', 'SYSTEM', '2012-05-15 09:54:33', 'SYSTEM', 4, '2010-08-13 00:00:00', 42, 1, 163, 'N', 4, 4, 5, 4, 3, 6, 5, 4, 6),
(652, '2010-08-16 07:53:23', 'SYSTEM', '2010-09-09 18:28:50', 'SYSTEM', 11, '2010-08-13 00:00:00', 15, 1, 164, 'N', 4, 3, 5, 5, 4, 6, 5, 4, 6),
(653, '2010-08-16 07:54:06', 'SYSTEM', '2011-03-23 05:52:58', 'SYSTEM', 6, '2010-08-13 00:00:00', 45, 1, 163, 'N', 5, 5, 6, 5, 3, 5, 5, 4, 7),
(654, '2010-08-16 07:54:06', 'SYSTEM', '2010-09-09 18:28:50', 'SYSTEM', 12, '2010-08-13 00:00:00', 20, 1, 164, 'N', 4, 5, 5, 5, 3, 7, 5, 3, 6),
(655, '2010-08-16 07:54:54', 'SYSTEM', '2012-05-15 09:54:33', 'SYSTEM', 16, '2010-08-13 00:00:00', 44, 1, 163, 'N', 6, 4, 6, 6, 6, 7, 6, 5, 9),
(656, '2010-08-16 07:54:54', 'SYSTEM', '2012-05-12 06:59:39', 'SYSTEM', 14, '2010-08-13 00:00:00', 56, 1, 164, 'N', 5, 9, 6, 8, 3, 6, 5, 6, 6),
(657, '2010-08-16 07:56:09', 'SYSTEM', '2012-04-11 06:39:17', 'SYSTEM', 6, '2010-08-13 00:00:00', 39, 2, 165, 'N', 3, 6, 4, 6, 4, 6, 3, 4, 4),
(658, '2010-08-16 07:56:09', 'SYSTEM', '2011-03-19 20:05:43', 'SYSTEM', 5, '2010-08-13 00:00:00', 26, 2, 166, 'N', 5, 7, 6, 4, 4, 5, 3, 4, 4),
(659, '2010-08-16 07:57:03', 'SYSTEM', '2012-04-11 06:39:17', 'SYSTEM', 9, '2010-08-13 00:00:00', 33, 2, 165, 'N', 5, 7, 6, 5, 5, 6, 4, 7, 6),
(660, '2010-08-16 07:57:03', 'SYSTEM', '2012-05-05 07:40:35', 'SYSTEM', 5, '2010-08-13 00:00:00', 25, 2, 166, 'N', 2, 6, 5, 4, 5, 5, 4, 6, 4),
(661, '2010-08-16 07:57:46', 'SYSTEM', '2010-08-16 13:29:42', 'SYSTEM', 12, '2010-08-13 00:00:00', 36, 2, 165, 'N', 4, 6, 7, 6, 5, 5, 6, 5, 5),
(662, '2010-08-16 07:57:46', 'SYSTEM', '2012-05-05 07:40:35', 'SYSTEM', 5, '2010-08-13 00:00:00', 31, 2, 166, 'N', 6, 6, 4, 5, 6, 5, 3, 5, 4),
(663, '2010-08-16 07:58:30', 'SYSTEM', '2012-04-11 06:39:17', 'SYSTEM', 13, '2010-08-13 00:00:00', 37, 2, 165, 'N', 2, 7, 6, 6, 6, 6, 3, 6, 4),
(664, '2010-08-16 07:58:30', 'SYSTEM', '2011-06-04 05:55:08', 'SYSTEM', 14, '2010-08-13 00:00:00', 24, 2, 166, 'N', 4, 6, 5, 4, 8, 5, 3, 4, 7),
(665, '2010-08-16 08:06:48', 'SYSTEM', '2010-08-16 13:29:42', 'SYSTEM', 4, '2010-08-13 00:00:00', 51, 2, 167, 'N', 3, 5, 5, 5, 4, 4, 3, 4, 4),
(666, '2010-08-16 08:06:48', 'SYSTEM', '2012-04-11 07:12:14', 'SYSTEM', 12, '2010-08-13 00:00:00', 9, 2, 168, 'N', 3, 6, 7, 6, 4, 7, 3, 5, 4),
(667, '2010-08-16 08:07:37', 'SYSTEM', '2010-08-16 13:29:42', 'SYSTEM', 9, '2010-08-13 00:00:00', 52, 2, 167, 'N', 4, 6, 5, 5, 5, 6, 4, 6, 7),
(668, '2010-08-16 08:07:37', 'SYSTEM', '2012-04-12 06:09:10', 'SYSTEM', 13, '2010-08-13 00:00:00', 7, 2, 168, 'N', 6, 5, 4, 6, 5, 6, 5, 5, 5),
(669, '2010-08-16 08:08:13', 'SYSTEM', '2010-08-16 13:29:42', 'SYSTEM', 11, '2010-08-13 00:00:00', 47, 2, 167, 'N', 4, 5, 6, 5, 6, 6, 4, 6, 5),
(670, '2010-08-16 08:08:13', 'SYSTEM', '2010-08-16 13:29:42', 'SYSTEM', 17, '2010-08-13 00:00:00', 14, 2, 168, 'N', 4, 6, 7, 6, 6, 5, 4, 6, 5),
(671, '2010-08-16 08:09:06', 'SYSTEM', '2010-08-16 13:29:42', 'SYSTEM', 17, '2010-08-13 00:00:00', 46, 2, 167, 'N', 3, 8, 5, 8, 7, 8, 5, 6, 5),
(672, '2010-08-16 08:09:06', 'SYSTEM', '2011-03-29 20:55:53', 'SYSTEM', 21, '2010-08-13 00:00:00', 12, 2, 168, 'N', 3, 10, 7, 8, 8, 7, 5, 6, 7),
(673, '2010-08-16 13:27:38', 'SYSTEM', '2011-04-23 17:02:23', 'SYSTEM', 8, '2010-08-13 00:00:00', 72, 2, 169, 'N', 5, 6, 5, 5, 4, 5, 3, 5, 4),
(674, '2010-08-16 13:27:38', 'SYSTEM', '2011-06-14 10:31:43', 'SYSTEM', 7, '2010-08-13 00:00:00', 1, 2, 170, 'N', 4, 5, 6, 5, 5, 7, 4, 5, 5),
(675, '2010-08-16 13:28:21', 'SYSTEM', '2012-04-11 07:24:01', 'SYSTEM', 17, '2010-08-13 00:00:00', 74, 2, 169, 'N', 7, 7, 6, 6, 5, 5, 5, 6, 8),
(676, '2010-08-16 13:28:21', 'SYSTEM', '2011-06-14 10:31:43', 'SYSTEM', 10, '2010-08-13 00:00:00', 3, 2, 170, 'N', 3, 8, 6, 7, 6, 6, 4, 6, 5),
(677, '2010-08-16 13:29:03', 'SYSTEM', '2011-04-23 17:02:23', 'SYSTEM', 19, '2010-08-13 00:00:00', 69, 1, 169, 'N', 8, 5, 6, 7, 5, 6, 8, 5, 7),
(678, '2010-08-16 13:29:03', 'SYSTEM', '2011-06-14 10:31:43', 'SYSTEM', 10, '2010-08-13 00:00:00', 6, 1, 170, 'N', 6, 6, 5, 6, 5, 6, 5, 4, 6),
(679, '2010-08-16 13:29:42', 'SYSTEM', '2012-04-11 07:24:01', 'SYSTEM', 19, '2010-08-13 00:00:00', 68, 1, 169, 'N', 6, 6, 9, 7, 4, 9, 5, 3, 8),
(680, '2010-08-16 13:29:42', 'SYSTEM', '2011-06-14 10:31:43', 'SYSTEM', 17, '2010-08-13 00:00:00', 4, 1, 170, 'N', 6, 7, 9, 7, 4, 6, 8, 7, 9),
(681, '2010-08-21 07:15:11', 'SYSTEM', '2010-09-09 18:28:50', 'SYSTEM', 10, '2010-08-20 00:00:00', 21, 1, 171, 'N', 4, 5, 5, 4, 4, 6, 6, 3, 8),
(682, '2010-08-21 07:15:11', 'SYSTEM', '2012-04-11 06:39:17', 'SYSTEM', 8, '2010-08-20 00:00:00', 38, 1, 172, 'N', 5, 4, 5, 5, 2, 8, 5, 4, 6),
(683, '2010-08-21 07:15:53', 'SYSTEM', '2010-09-09 18:28:50', 'SYSTEM', 10, '2010-08-20 00:00:00', 15, 1, 171, 'N', 4, 4, 5, 5, 4, 6, 5, 2, 7),
(684, '2010-08-21 07:15:53', 'SYSTEM', '2012-04-11 06:39:17', 'SYSTEM', 10, '2010-08-20 00:00:00', 33, 1, 172, 'N', 4, 3, 5, 6, 4, 5, 8, 3, 5),
(685, '2010-08-21 07:16:39', 'SYSTEM', '2010-09-09 18:28:50', 'SYSTEM', 11, '2010-08-20 00:00:00', 19, 1, 171, 'N', 5, 3, 6, 5, 4, 7, 6, 5, 8),
(686, '2010-08-21 07:16:39', 'SYSTEM', '2011-06-22 18:56:45', 'SYSTEM', 10, '2010-08-20 00:00:00', 35, 1, 172, 'N', 6, 4, 5, 7, 4, 7, 6, 6, 8),
(687, '2010-08-21 07:17:59', 'SYSTEM', '2010-09-09 18:28:50', 'SYSTEM', 18, '2010-08-20 00:00:00', 18, 1, 171, 'N', 7, 3, 6, 5, 6, 5, 6, 5, 5),
(688, '2010-08-21 07:17:59', 'SYSTEM', '2012-04-11 06:39:17', 'SYSTEM', 17, '2010-08-20 00:00:00', 34, 1, 172, 'N', 5, 6, 8, 6, 5, 11, 7, 3, 5),
(689, '2010-08-21 07:21:10', 'SYSTEM', '2012-05-12 06:59:39', 'SYSTEM', 12, '2010-08-20 00:00:00', 58, 1, 173, 'N', 10, 3, 6, 5, 5, 6, 6, 5, 5),
(690, '2010-08-21 07:21:10', 'SYSTEM', '2012-04-11 07:15:35', 'SYSTEM', 5, '2010-08-20 00:00:00', 78, 1, 174, 'N', 4, 3, 4, 6, 4, 5, 4, 2, 5),
(691, '2010-08-21 07:21:51', 'SYSTEM', '2012-05-12 06:59:39', 'SYSTEM', 14, '2010-08-20 00:00:00', 56, 1, 173, 'N', 6, 3, 5, 5, 3, 6, 5, 4, 6),
(692, '2010-08-21 07:21:51', 'SYSTEM', '2012-04-11 07:15:35', 'SYSTEM', 8, '2010-08-20 00:00:00', 77, 1, 174, 'N', 5, 3, 8, 4, 4, 6, 6, 4, 6),
(693, '2010-08-21 07:22:33', 'SYSTEM', '2012-05-12 06:59:39', 'SYSTEM', 14, '2010-08-20 00:00:00', 57, 1, 173, 'N', 5, 4, 6, 5, 6, 7, 7, 5, 7),
(694, '2010-08-21 07:22:33', 'SYSTEM', '2012-04-11 07:15:35', 'SYSTEM', 9, '2010-08-20 00:00:00', 76, 1, 174, 'N', 5, 5, 6, 5, 4, 5, 5, 4, 6),
(695, '2010-08-21 07:23:35', 'SYSTEM', '2012-05-15 09:54:33', 'SYSTEM', 17, '2010-08-20 00:00:00', 53, 1, 173, 'N', 5, 5, 8, 7, 4, 6, 7, 4, 6),
(696, '2010-08-21 07:23:35', 'SYSTEM', '2012-04-11 07:15:35', 'SYSTEM', 10, '2010-08-20 00:00:00', 79, 1, 174, 'N', 7, 3, 7, 5, 4, 5, 7, 4, 9),
(697, '2010-08-21 07:25:14', 'SYSTEM', '2011-04-11 21:00:05', 'SYSTEM', 10, '2010-08-20 00:00:00', 5, 1, 179, 'N', 4, 4, 5, 4, 4, 5, 5, 4, 7),
(698, '2010-08-21 07:25:14', 'SYSTEM', '2012-05-05 07:40:35', 'SYSTEM', 7, '2010-08-20 00:00:00', 30, 1, 180, 'N', 4, 2, 4, 4, 4, 4, 6, 3, 4),
(699, '2010-08-21 07:26:34', 'SYSTEM', '2011-06-14 10:31:43', 'SYSTEM', 10, '2010-08-20 00:00:00', 6, 1, 179, 'N', 4, 3, 7, 5, 5, 7, 5, 4, 7),
(700, '2010-08-21 07:26:34', 'SYSTEM', '2012-05-05 07:40:35', 'SYSTEM', 7, '2010-08-20 00:00:00', 29, 1, 180, 'N', 6, 4, 4, 5, 4, 4, 4, 4, 5),
(701, '2010-08-21 07:27:15', 'SYSTEM', '2011-06-14 10:31:43', 'SYSTEM', 12, '2010-08-20 00:00:00', 2, 1, 179, 'N', 5, 3, 6, 4, 4, 5, 4, 3, 7),
(702, '2010-08-21 07:27:15', 'SYSTEM', '2012-05-05 07:40:35', 'SYSTEM', 7, '2010-08-20 00:00:00', 28, 1, 180, 'N', 4, 4, 4, 6, 4, 5, 4, 3, 4);
INSERT INTO `STJ_WEEKLY_SCORE` (`WEEKLY_SCORE_ID`, `CRTN_DT`, `CRTN_USER_ID`, `LAST_UPTD_DT`, `LAST_UPTD_USER_ID`, `HANDICAP`, `SCORE_DATE`, `PLAYER_ID`, `SIDE_ID`, `TEAM_SCORE_ID`, `GHOST_FLG`, `HOLE_1_SCORE`, `HOLE_2_SCORE`, `HOLE_3_SCORE`, `HOLE_4_SCORE`, `HOLE_5_SCORE`, `HOLE_6_SCORE`, `HOLE_7_SCORE`, `HOLE_8_SCORE`, `HOLE_9_SCORE`) VALUES
(703, '2010-08-21 07:28:40', 'SYSTEM', '2011-06-14 10:31:43', 'SYSTEM', 18, '2010-08-20 00:00:00', 4, 1, 179, 'N', 7, 6, 5, 7, 7, 7, 7, 5, 9),
(704, '2010-08-21 07:28:40', 'SYSTEM', '2012-04-22 09:43:52', 'SYSTEM', 8, '2010-08-20 00:00:00', 27, 1, 180, 'N', 6, 4, 5, 5, 5, 8, 6, 3, 9),
(705, '2010-08-21 07:30:03', 'SYSTEM', '2010-08-21 07:37:24', 'SYSTEM', NULL, '2010-08-20 00:00:00', NULL, 2, 175, 'Y', NULL, NULL, NULL, NULL, NULL, NULL, NULL, NULL, NULL),
(706, '2010-08-21 07:30:03', 'SYSTEM', '2012-05-15 09:54:33', 'SYSTEM', 5, '2010-08-20 00:00:00', 40, 2, 176, 'N', 4, 6, 6, 6, 6, 5, 3, 5, 6),
(707, '2010-08-21 07:31:00', 'SYSTEM', '2012-04-12 06:09:10', 'SYSTEM', 7, '2010-08-20 00:00:00', 8, 2, 175, 'N', 4, 5, 5, 5, 6, 5, 4, 4, 4),
(708, '2010-08-21 07:31:00', 'SYSTEM', '2011-03-23 05:52:58', 'SYSTEM', 7, '2010-08-20 00:00:00', 45, 2, 176, 'N', 4, 5, 4, 5, 7, 4, 3, 4, 4),
(709, '2010-08-21 07:32:05', 'SYSTEM', '2010-08-21 07:37:24', 'SYSTEM', 16, '2010-08-20 00:00:00', 14, 2, 175, 'N', 3, 8, 5, 8, 6, 6, 4, 6, 6),
(710, '2010-08-21 07:32:05', 'SYSTEM', '2012-05-15 09:54:33', 'SYSTEM', 10, '2010-08-20 00:00:00', 43, 2, 176, 'N', 4, 6, 4, 4, 5, 7, 3, 5, 4),
(711, '2010-08-21 07:32:49', 'SYSTEM', '2011-03-29 20:55:53', 'SYSTEM', 22, '2010-08-20 00:00:00', 12, 2, 175, 'N', 6, 8, 7, 8, 7, 6, 3, 7, 5),
(712, '2010-08-21 07:32:49', 'SYSTEM', '2012-05-15 09:54:33', 'SYSTEM', 18, '2010-08-20 00:00:00', 44, 2, 176, 'N', 5, 10, 5, 7, 6, 6, 3, 8, 4),
(713, '2010-08-21 07:34:33', 'SYSTEM', '2011-04-23 17:02:23', 'SYSTEM', 8, '2010-08-20 00:00:00', 72, 2, 177, 'N', 4, 5, 5, 5, 4, 5, 3, 5, 4),
(714, '2010-08-21 07:34:33', 'SYSTEM', '2012-05-12 06:59:39', 'SYSTEM', 12, '2010-08-20 00:00:00', 55, 2, 178, 'N', 3, 8, 5, 7, 6, 7, 4, 7, 6),
(715, '2010-08-21 07:35:52', 'SYSTEM', '2012-04-11 07:24:01', 'SYSTEM', 16, '2010-08-20 00:00:00', 74, 2, 177, 'N', 5, 7, 9, 7, 6, 7, 2, 5, 6),
(716, '2010-08-21 07:35:52', 'SYSTEM', '2011-03-23 05:53:52', 'SYSTEM', 13, '2010-08-20 00:00:00', 67, 2, 178, 'N', 4, 6, 5, 6, 7, 6, 3, 6, 5),
(717, '2010-08-21 07:36:39', 'SYSTEM', '2012-04-11 07:24:01', 'SYSTEM', 18, '2010-08-20 00:00:00', 80, 2, 177, 'N', 4, 6, 10, 6, 6, 4, 4, 5, 4),
(718, '2010-08-21 07:36:39', 'SYSTEM', '2011-03-23 05:53:52', 'SYSTEM', 14, '2010-08-20 00:00:00', 59, 2, 178, 'N', 6, 6, 5, 6, 7, 5, 3, 5, 5),
(719, '2010-08-21 07:37:24', 'SYSTEM', '2012-04-11 07:24:01', 'SYSTEM', 19, '2010-08-20 00:00:00', 68, 2, 177, 'N', 5, 8, 5, 6, 6, 7, 5, 6, 6),
(720, '2010-08-21 07:37:24', 'SYSTEM', '2010-08-21 07:37:24', 'SYSTEM', 21, '2010-08-20 00:00:00', 63, 2, 178, 'N', 5, 6, 8, 9, 7, 6, 4, 6, 7),
(721, '2010-09-03 04:36:30', 'SYSTEM', '2012-04-11 07:15:35', 'SYSTEM', 5, '2010-08-27 00:00:00', 78, 1, 181, 'N', 5, 4, 5, 4, 3, 8, 6, 4, 5),
(722, '2010-09-03 04:36:30', 'SYSTEM', '2012-04-11 07:24:01', 'SYSTEM', 12, '2010-08-27 00:00:00', 73, 1, 182, 'N', 4, 5, 6, 5, 4, 6, 4, 3, 7),
(723, '2010-09-03 04:37:18', 'SYSTEM', '2012-05-05 07:40:35', 'SYSTEM', 5, '2010-08-27 00:00:00', 84, 1, 181, 'N', 5, 4, 5, 5, 4, 6, 4, 3, 5),
(724, '2010-09-03 04:37:18', 'SYSTEM', '2012-04-11 07:24:01', 'SYSTEM', 18, '2010-08-27 00:00:00', 68, 1, 182, 'N', 6, 4, 5, 11, 4, 6, 5, 3, 7),
(725, '2010-09-03 04:38:28', 'SYSTEM', '2012-04-11 07:15:35', 'SYSTEM', 9, '2010-08-27 00:00:00', 77, 1, 181, 'N', 4, 3, 5, 6, 5, 5, 6, 6, 7),
(726, '2010-09-03 04:38:28', 'SYSTEM', '2012-04-11 07:24:01', 'SYSTEM', 19, '2010-08-27 00:00:00', 70, 1, 182, 'N', 7, 6, 7, 8, 3, 8, 9, 5, 9),
(727, '2010-09-03 04:39:17', 'SYSTEM', '2012-04-11 07:15:35', 'SYSTEM', 11, '2010-08-27 00:00:00', 79, 1, 181, 'N', 7, 5, 6, 5, 3, 6, 4, 3, 9),
(728, '2010-09-03 04:39:17', 'SYSTEM', '2011-04-23 17:02:23', 'SYSTEM', 20, '2010-08-27 00:00:00', 69, 1, 182, 'N', 6, 7, 6, 7, 8, 7, 7, 4, 6),
(729, '2010-09-03 04:40:52', 'SYSTEM', '2011-03-19 20:05:43', 'SYSTEM', 5, '2010-08-27 00:00:00', 26, 1, 183, 'N', 6, 4, 4, 3, 4, 5, 4, 3, 6),
(730, '2010-09-03 04:40:52', 'SYSTEM', '2012-05-15 09:54:33', 'SYSTEM', 4, '2010-08-27 00:00:00', 41, 1, 184, 'N', 4, 4, 6, 4, 3, 5, 5, 3, 6),
(731, '2010-09-03 04:41:37', 'SYSTEM', '2012-05-05 07:40:35', 'SYSTEM', 5, '2010-08-27 00:00:00', 25, 1, 183, 'N', 6, 3, 5, 4, 3, 5, 5, 3, 5),
(732, '2010-09-03 04:41:37', 'SYSTEM', '2012-05-15 09:54:33', 'SYSTEM', 5, '2010-08-27 00:00:00', 42, 1, 184, 'N', 5, 4, 5, 4, 3, 5, 5, 5, 7),
(733, '2010-09-03 04:43:46', 'SYSTEM', '2012-05-05 07:40:35', 'SYSTEM', 5, '2010-08-27 00:00:00', 31, 1, 183, 'N', 5, 4, 5, 6, 4, 5, 3, 4, 5),
(734, '2010-09-03 04:43:46', 'SYSTEM', '2012-05-15 09:54:33', 'SYSTEM', 6, '2010-08-27 00:00:00', 40, 1, 184, 'N', 5, 4, 7, 3, 4, 5, 5, 4, 4),
(735, '2010-09-03 04:44:41', 'SYSTEM', '2011-06-04 05:55:08', 'SYSTEM', 14, '2010-08-27 00:00:00', 24, 1, 183, 'N', 6, 4, 6, 5, 3, 6, 5, 4, 7),
(736, '2010-09-03 04:44:41', 'SYSTEM', '2012-05-15 09:54:33', 'SYSTEM', 9, '2010-08-27 00:00:00', 43, 1, 184, 'N', 4, 5, 6, 6, 4, 6, 5, 3, 5),
(737, '2010-09-03 04:50:00', 'SYSTEM', '2010-09-09 18:28:50', 'SYSTEM', 4, '2010-08-27 00:00:00', 16, 2, 185, 'N', 3, 6, 5, 4, 5, 4, 3, 4, 7),
(738, '2010-09-03 04:50:00', 'SYSTEM', '2010-09-03 05:06:56', 'SYSTEM', 3, '2010-08-27 00:00:00', 51, 2, 186, 'N', 3, 5, 4, 5, 3, 5, 3, 6, 4),
(739, '2010-09-03 04:51:19', 'SYSTEM', '2010-09-09 18:28:50', 'SYSTEM', 12, '2010-08-27 00:00:00', 19, 2, 185, 'N', 4, 9, 5, 6, 7, 8, 6, 5, 7),
(740, '2010-09-03 04:51:19', 'SYSTEM', '2010-09-03 05:06:56', 'SYSTEM', 5, '2010-08-27 00:00:00', 50, 2, 186, 'N', 3, 6, 6, 8, 6, 5, 4, 5, 5),
(741, '2010-09-03 04:54:13', 'SYSTEM', '2010-09-09 18:28:50', 'SYSTEM', 16, '2010-08-27 00:00:00', 18, 2, 185, 'N', 3, 8, 7, 7, 5, 7, 6, 7, 6),
(742, '2010-09-03 04:54:13', 'SYSTEM', '2010-09-03 05:06:56', 'SYSTEM', 10, '2010-08-27 00:00:00', 52, 2, 186, 'N', 5, 6, 6, 5, 5, 6, 4, 5, 5),
(743, '2010-09-03 04:55:12', 'SYSTEM', '2010-09-09 18:28:50', 'SYSTEM', 18, '2010-08-27 00:00:00', 88, 2, 185, 'N', 5, 7, 7, 7, 5, 5, 4, 5, 5),
(744, '2010-09-03 04:55:12', 'SYSTEM', '2010-09-03 05:06:56', 'SYSTEM', 11, '2010-08-27 00:00:00', 47, 2, 186, 'N', 4, 5, 4, 5, 6, 5, 6, 5, 4),
(745, '2010-09-03 04:56:35', 'SYSTEM', '2011-06-14 10:31:43', 'SYSTEM', 7, '2010-08-27 00:00:00', 1, 2, 187, 'N', 4, 6, 6, 6, 7, 7, 6, 4, 5),
(746, '2010-09-03 04:56:35', 'SYSTEM', '2012-04-11 06:39:17', 'SYSTEM', 5, '2010-08-27 00:00:00', 39, 2, 188, 'N', 4, 6, 4, 6, 4, 5, 3, 4, 6),
(747, '2010-09-03 04:57:21', 'SYSTEM', '2011-04-11 21:00:05', 'SYSTEM', 9, '2010-08-27 00:00:00', 5, 2, 187, 'N', 3, 6, 4, 5, 5, 5, 4, 5, 5),
(748, '2010-09-03 04:57:21', 'SYSTEM', '2012-04-11 06:39:17', 'SYSTEM', 6, '2010-08-27 00:00:00', 38, 2, 188, 'N', 4, 6, 6, 5, 6, 4, 3, 6, 5),
(749, '2010-09-03 04:58:19', 'SYSTEM', '2011-06-14 10:31:43', 'SYSTEM', 10, '2010-08-27 00:00:00', 3, 2, 187, 'N', 4, 6, 5, 8, 5, 4, 5, 5, 6),
(750, '2010-09-03 04:58:19', 'SYSTEM', '2011-06-22 18:56:45', 'SYSTEM', 14, '2010-08-27 00:00:00', 85, 2, 188, 'N', 3, 7, 10, 9, 6, 5, 4, 5, 6),
(751, '2010-09-03 04:59:21', 'SYSTEM', '2011-06-14 10:31:43', 'SYSTEM', 10, '2010-08-27 00:00:00', 6, 2, 187, 'N', 4, 7, 7, 6, 4, 7, 3, 5, 7),
(752, '2010-09-03 04:59:21', 'SYSTEM', '2012-04-11 06:39:17', 'SYSTEM', 16, '2010-08-27 00:00:00', 34, 2, 188, 'N', 4, 7, 6, 7, 6, 6, 5, 5, 5),
(753, '2010-09-03 05:02:01', 'SYSTEM', '2012-04-11 07:12:14', 'SYSTEM', 11, '2010-08-27 00:00:00', 9, 1, 189, 'N', 6, 5, 6, 5, 4, 6, 7, 4, 8),
(754, '2010-09-03 05:02:01', 'SYSTEM', '2012-05-12 06:59:39', 'SYSTEM', 13, '2010-08-27 00:00:00', 55, 1, 190, 'N', 6, 6, 7, 7, 4, 7, 6, 4, 7),
(755, '2010-09-03 05:02:50', 'SYSTEM', '2011-06-16 05:52:17', 'SYSTEM', 12, '2010-08-27 00:00:00', 11, 1, 189, 'N', 5, 4, 5, 7, 5, 5, 4, 4, 6),
(756, '2010-09-03 05:02:50', 'SYSTEM', '2012-05-12 06:59:39', 'SYSTEM', 13, '2010-08-27 00:00:00', 56, 1, 190, 'N', 5, 6, 5, 5, 3, 6, 5, 4, 5),
(757, '2010-09-03 05:04:19', 'SYSTEM', '2012-04-12 06:09:10', 'SYSTEM', 12, '2010-08-27 00:00:00', 7, 2, 189, 'N', 5, 7, 6, 7, 6, 6, 4, 6, 3),
(758, '2010-09-03 05:04:19', 'SYSTEM', '2012-05-12 06:59:39', 'SYSTEM', 14, '2010-08-27 00:00:00', 57, 2, 190, 'N', 5, 7, 7, 7, 5, 6, 4, 5, 3),
(759, '2010-09-03 05:06:56', 'SYSTEM', '2011-03-29 20:55:53', 'SYSTEM', 22, '2010-08-27 00:00:00', 12, 2, 189, 'N', 6, 7, 7, 10, 7, 6, 6, 6, 7),
(760, '2010-09-03 05:06:56', 'SYSTEM', '2012-04-11 07:25:08', 'SYSTEM', 14, '2010-08-27 00:00:00', 54, 2, 190, 'N', 3, 8, 8, 7, 5, 6, 5, 5, 6),
(761, '2010-09-03 21:20:18', 'SYSTEM', '2012-05-12 06:59:39', 'SYSTEM', 12, '2010-09-03 00:00:00', 56, 1, 191, 'N', 4, 5, 5, 7, 4, 5, 7, 3, 6),
(762, '2010-09-03 21:20:18', 'SYSTEM', '2010-09-03 21:37:47', 'SYSTEM', 3, '2010-09-03 00:00:00', 51, 1, 192, 'N', 5, 3, 4, 5, 3, 4, 4, 4, 7),
(763, '2010-09-03 21:20:55', 'SYSTEM', '2012-05-12 06:59:39', 'SYSTEM', 12, '2010-09-03 00:00:00', 58, 1, 191, 'N', 6, 5, 8, 7, 4, 6, 5, 4, 7),
(764, '2010-09-03 21:20:55', 'SYSTEM', '2010-09-03 21:37:47', 'SYSTEM', 10, '2010-09-03 00:00:00', 47, 1, 192, 'N', 5, 4, 4, 8, 3, 7, 3, 4, 7),
(765, '2010-09-03 21:21:44', 'SYSTEM', '2012-05-12 06:59:39', 'SYSTEM', 15, '2010-09-03 00:00:00', 55, 1, 191, 'N', 5, 5, 5, 4, 5, 5, 5, 3, 6),
(766, '2010-09-03 21:21:44', 'SYSTEM', '2010-09-03 21:37:47', 'SYSTEM', 17, '2010-09-03 00:00:00', 46, 1, 192, 'N', 5, 6, 5, 6, 5, 7, 7, 4, 7),
(767, '2010-09-03 21:22:26', 'SYSTEM', '2012-05-15 09:54:33', 'SYSTEM', 17, '2010-09-03 00:00:00', 53, 1, 191, 'N', 5, 3, 8, 6, 4, 8, 6, 4, 9),
(768, '2010-09-03 21:22:26', 'SYSTEM', '2010-09-03 21:37:47', 'SYSTEM', 19, '2010-09-03 00:00:00', 48, 1, 192, 'N', 5, 5, 8, 6, 5, 7, 8, 7, 9),
(769, '2010-09-03 21:23:47', 'SYSTEM', '2012-04-11 07:24:01', 'SYSTEM', 10, '2010-09-03 00:00:00', 73, 1, 193, 'N', 5, 4, 6, 4, 5, 8, 6, 3, 6),
(770, '2010-09-03 21:23:47', 'SYSTEM', '2012-04-11 06:39:17', 'SYSTEM', 10, '2010-09-03 00:00:00', 33, 1, 194, 'N', 5, 4, 7, 5, 6, 5, 5, 3, 6),
(771, '2010-09-03 21:24:48', 'SYSTEM', '2012-04-11 07:24:01', 'SYSTEM', 16, '2010-09-03 00:00:00', 80, 1, 193, 'N', 6, 5, 7, 6, 3, 7, 6, 5, 5),
(772, '2010-09-03 21:24:49', 'SYSTEM', '2012-04-11 06:39:17', 'SYSTEM', 11, '2010-09-03 00:00:00', 37, 1, 194, 'N', 6, 3, 4, 6, 3, 6, 5, 4, 5),
(773, '2010-09-03 21:25:56', 'SYSTEM', '2012-04-11 07:24:01', 'SYSTEM', 16, '2010-09-03 00:00:00', 74, 1, 193, 'N', 6, 5, 8, 5, 3, 9, 5, 5, 7),
(774, '2010-09-03 21:25:56', 'SYSTEM', '2011-06-22 18:56:45', 'SYSTEM', 12, '2010-09-03 00:00:00', 35, 1, 194, 'N', 6, 3, 5, 5, 5, 6, 4, 4, 9),
(775, '2010-09-03 21:26:51', 'SYSTEM', '2012-04-11 07:24:01', 'SYSTEM', 19, '2010-09-03 00:00:00', 70, 1, 193, 'N', 7, 7, 7, 6, 6, 10, 5, 5, 7),
(776, '2010-09-03 21:26:51', 'SYSTEM', '2010-09-03 21:37:47', 'SYSTEM', 12, '2010-09-03 00:00:00', 36, 1, 194, 'N', 5, 6, 5, 4, 3, 6, 6, 3, 7),
(777, '2010-09-03 21:28:01', 'SYSTEM', '2012-04-12 06:09:10', 'SYSTEM', 6, '2010-09-03 00:00:00', 8, 2, 195, 'N', 4, 6, 7, 7, 4, 4, 5, 4, 5),
(778, '2010-09-03 21:28:01', 'SYSTEM', '2011-06-14 10:31:43', 'SYSTEM', 8, '2010-09-03 00:00:00', 1, 2, 196, 'N', 4, 5, 5, 6, 4, 6, 4, 4, 4),
(779, '2010-09-03 21:28:42', 'SYSTEM', '2012-04-12 06:09:10', 'SYSTEM', 12, '2010-09-03 00:00:00', 7, 2, 195, 'N', 5, 8, 5, 6, 5, 5, 5, 6, 6),
(780, '2010-09-03 21:28:42', 'SYSTEM', '2011-04-11 21:00:05', 'SYSTEM', 8, '2010-09-03 00:00:00', 5, 2, 196, 'N', 3, 6, 4, 5, 5, 5, 4, 5, 4),
(781, '2010-09-03 21:29:38', 'SYSTEM', '2012-04-11 07:12:14', 'SYSTEM', 12, '2010-09-03 00:00:00', 9, 2, 195, 'N', 3, 6, 6, 6, 7, 8, 6, 8, 5),
(782, '2010-09-03 21:29:38', 'SYSTEM', '2011-06-14 10:31:43', 'SYSTEM', 9, '2010-09-03 00:00:00', 2, 2, 196, 'N', 3, 6, 3, 6, 4, 7, 4, 5, 7),
(783, '2010-09-03 21:30:23', 'SYSTEM', '2010-09-03 21:37:47', 'SYSTEM', 15, '2010-09-03 00:00:00', 14, 2, 195, 'N', 5, 8, 6, 7, 7, 7, 5, 7, 7),
(784, '2010-09-03 21:30:23', 'SYSTEM', '2011-06-14 10:31:43', 'SYSTEM', 10, '2010-09-03 00:00:00', 6, 2, 196, 'N', 4, 8, 4, 5, 5, 5, 3, 5, 6),
(785, '2010-09-03 21:31:43', 'SYSTEM', '2012-04-11 07:15:35', 'SYSTEM', 5, '2010-09-03 00:00:00', 78, 2, 197, 'N', 3, 5, 7, 4, 6, 3, 3, 5, 4),
(786, '2010-09-03 21:31:43', 'SYSTEM', '2012-05-05 07:40:35', 'SYSTEM', 5, '2010-09-03 00:00:00', 31, 2, 198, 'N', 4, 7, 5, 5, 4, 5, 5, 6, 6),
(787, '2010-09-03 21:32:23', 'SYSTEM', '2012-04-11 07:15:35', 'SYSTEM', 9, '2010-09-03 00:00:00', 76, 2, 197, 'N', 4, 5, 6, 5, 6, 4, 4, 6, 4),
(788, '2010-09-03 21:32:23', 'SYSTEM', '2012-05-05 07:40:35', 'SYSTEM', 6, '2010-09-03 00:00:00', 30, 2, 198, 'N', 6, 7, 6, 5, 4, 4, 4, 5, 5),
(789, '2010-09-03 21:33:10', 'SYSTEM', '2012-04-11 07:15:35', 'SYSTEM', 10, '2010-09-03 00:00:00', 77, 2, 197, 'N', 4, 6, 7, 6, 6, 5, 3, 5, 5),
(790, '2010-09-03 21:33:10', 'SYSTEM', '2012-05-05 07:40:35', 'SYSTEM', 6, '2010-09-03 00:00:00', 28, 2, 198, 'N', 4, 5, 5, 5, 5, 5, 4, 5, 4),
(791, '2010-09-03 21:33:53', 'SYSTEM', '2011-03-23 05:53:52', 'SYSTEM', 13, '2010-09-03 00:00:00', 62, 2, 197, 'N', 4, 6, 5, 7, 6, 5, 5, 6, 5),
(792, '2010-09-03 21:33:53', 'SYSTEM', '2012-04-22 09:43:52', 'SYSTEM', 10, '2010-09-03 00:00:00', 27, 2, 198, 'N', 3, 6, 7, 6, 6, 7, 3, 5, 5),
(793, '2010-09-03 21:35:14', 'SYSTEM', '2011-03-23 05:53:52', 'SYSTEM', 12, '2010-09-03 00:00:00', 59, 2, 199, 'N', 4, 7, 5, 7, 5, 6, 3, 7, 5),
(794, '2010-09-03 21:35:14', 'SYSTEM', '2012-05-15 09:54:33', 'SYSTEM', 4, '2010-09-03 00:00:00', 41, 2, 200, 'N', 4, 6, 5, 5, 4, 5, 3, 5, 5),
(795, '2010-09-03 21:36:03', 'SYSTEM', '2011-03-23 05:53:52', 'SYSTEM', 19, '2010-09-03 00:00:00', 60, 2, 199, 'N', 7, 7, 6, 7, 6, 6, 4, 6, 6),
(796, '2010-09-03 21:36:03', 'SYSTEM', '2011-03-23 05:52:58', 'SYSTEM', 7, '2010-09-03 00:00:00', 45, 2, 200, 'N', 5, 6, 4, 4, 4, 6, 4, 7, 6),
(797, '2010-09-03 21:37:04', 'SYSTEM', '2010-09-09 16:08:00', 'SYSTEM', 20, '2010-09-03 00:00:00', 63, 1, 199, 'N', 7, 4, 8, 7, 3, 6, 5, 6, 8),
(798, '2010-09-03 21:37:04', 'SYSTEM', '2012-05-15 09:54:33', 'SYSTEM', 8, '2010-09-03 00:00:00', 43, 1, 200, 'N', 4, 3, 4, 5, 3, 5, 6, 4, 7),
(799, '2010-09-03 21:37:47', 'SYSTEM', '2011-03-23 05:53:52', 'SYSTEM', 25, '2010-09-03 00:00:00', 66, 1, 199, 'N', 6, 5, 8, 9, 4, 9, 6, 7, 8),
(800, '2010-09-03 21:37:47', 'SYSTEM', '2012-05-15 09:54:33', 'SYSTEM', 18, '2010-09-03 00:00:00', 44, 1, 200, 'N', 7, 5, 7, 6, 4, 6, 5, 4, 7),
(801, '2010-09-10 20:18:33', 'SYSTEM', '2010-09-10 20:40:12', 'SYSTEM', 2, '2010-09-10 00:00:00', 51, 3, 201, 'N', 4, 2, 4, 6, 3, 5, 5, 5, 5),
(802, '2010-09-10 20:18:33', 'SYSTEM', '2012-05-05 07:40:35', 'SYSTEM', 5, '2010-09-10 00:00:00', 25, 3, 202, 'N', 4, 5, 5, 5, 3, 6, 5, 5, 5),
(803, '2010-09-10 20:19:10', 'SYSTEM', '2010-09-10 20:40:12', 'SYSTEM', 7, '2010-09-10 00:00:00', 50, 3, 201, 'N', 5, 5, 6, 6, 3, 4, 5, 6, 5),
(804, '2010-09-10 20:19:10', 'SYSTEM', '2012-05-05 07:40:35', 'SYSTEM', 5, '2010-09-10 00:00:00', 28, 3, 202, 'N', 4, 4, 5, 7, 5, 5, 4, 5, 4),
(805, '2010-09-10 20:19:51', 'SYSTEM', '2010-09-10 20:40:12', 'SYSTEM', 10, '2010-09-10 00:00:00', 52, 3, 201, 'N', 6, 3, 5, 6, 4, 5, 4, 7, 5),
(806, '2010-09-10 20:19:51', 'SYSTEM', '2012-05-05 07:40:35', 'SYSTEM', 7, '2010-09-10 00:00:00', 29, 3, 202, 'N', 5, 3, 5, 7, 3, 5, 5, 6, 5),
(807, '2010-09-10 20:21:19', 'SYSTEM', '2010-09-10 20:40:12', 'SYSTEM', 17, '2010-09-10 00:00:00', 46, 3, 201, 'N', 7, 6, 7, 9, 7, 7, 7, 5, 7),
(808, '2010-09-10 20:21:19', 'SYSTEM', '2011-06-04 05:55:08', 'SYSTEM', 13, '2010-09-10 00:00:00', 24, 3, 202, 'N', 6, 4, 6, 9, 5, 8, 6, 7, 6),
(809, '2010-09-10 20:23:35', 'SYSTEM', '2011-03-23 05:53:52', 'SYSTEM', 8, '2010-09-10 00:00:00', 64, 3, 203, 'N', 6, 4, 7, 6, 3, 7, 4, 4, 6),
(810, '2010-09-10 20:23:36', 'SYSTEM', '2012-04-12 06:09:10', 'SYSTEM', 6, '2010-09-10 00:00:00', 10, 3, 204, 'N', 6, 3, 5, 6, 5, 6, 5, 5, 5),
(811, '2010-09-10 20:24:14', 'SYSTEM', '2011-03-23 05:53:52', 'SYSTEM', 11, '2010-09-10 00:00:00', 59, 3, 203, 'N', 8, 5, 7, 7, 6, 7, 6, 6, 5),
(812, '2010-09-10 20:24:14', 'SYSTEM', '2012-04-12 06:09:10', 'SYSTEM', 7, '2010-09-10 00:00:00', 8, 3, 204, 'N', 4, 4, 7, 5, 4, 6, 5, 5, 4),
(813, '2010-09-10 20:24:59', 'SYSTEM', '2011-03-23 05:53:52', 'SYSTEM', 12, '2010-09-10 00:00:00', 62, 3, 203, 'N', 6, 3, 5, 8, 3, 6, 7, 6, 7),
(814, '2010-09-10 20:24:59', 'SYSTEM', '2012-04-12 06:09:10', 'SYSTEM', 13, '2010-09-10 00:00:00', 7, 3, 204, 'N', 7, 4, 7, 8, 4, 7, 6, 6, 4),
(815, '2010-09-10 20:25:36', 'SYSTEM', '2011-03-23 05:53:52', 'SYSTEM', 14, '2010-09-10 00:00:00', 61, 3, 203, 'N', 6, 4, 6, 7, 4, 6, 7, 6, 5),
(816, '2010-09-10 20:25:36', 'SYSTEM', '2011-03-29 20:55:53', 'SYSTEM', 23, '2010-09-10 00:00:00', 12, 3, 204, 'N', 6, 5, 7, 10, 8, 7, 8, 8, 9),
(817, '2010-09-10 20:27:16', 'SYSTEM', '2012-05-15 09:54:33', 'SYSTEM', 5, '2010-09-10 00:00:00', 41, 4, 205, 'N', 5, 5, 2, 5, 4, 3, 5, 4, 7),
(818, '2010-09-10 20:27:16', 'SYSTEM', '2012-04-11 06:39:17', 'SYSTEM', 5, '2010-09-10 00:00:00', 39, 4, 206, 'N', 5, 7, 4, 6, 5, 5, 5, 4, 6),
(819, '2010-09-10 20:28:05', 'SYSTEM', '2012-05-15 09:54:33', 'SYSTEM', 5, '2010-09-10 00:00:00', 40, 4, 205, 'N', 4, 5, 5, 3, 5, 5, 7, 5, 5),
(820, '2010-09-10 20:28:05', 'SYSTEM', '2012-04-11 06:39:17', 'SYSTEM', 10, '2010-09-10 00:00:00', 33, 4, 206, 'N', 8, 5, 4, 6, 6, 5, 6, 5, 5),
(821, '2010-09-10 20:29:09', 'SYSTEM', '2011-03-23 05:52:58', 'SYSTEM', 7, '2010-09-10 00:00:00', 45, 4, 205, 'N', 5, 5, 3, 5, 5, 5, 6, 4, 6),
(822, '2010-09-10 20:29:09', 'SYSTEM', '2011-06-22 18:56:45', 'SYSTEM', 12, '2010-09-10 00:00:00', 35, 4, 206, 'N', 5, 6, 5, 5, 5, 5, 7, 5, 5),
(823, '2010-09-10 20:29:51', 'SYSTEM', '2012-05-15 09:54:33', 'SYSTEM', 16, '2010-09-10 00:00:00', 44, 4, 205, 'N', 5, 8, 4, 6, 7, 4, 7, 3, 6),
(824, '2010-09-10 20:29:51', 'SYSTEM', '2011-06-22 18:56:45', 'SYSTEM', 15, '2010-09-10 00:00:00', 85, 4, 206, 'N', 6, 6, 3, 8, 8, 6, 7, 3, 8),
(825, '2010-09-10 20:31:22', 'SYSTEM', '2011-03-23 05:53:52', 'SYSTEM', 12, '2010-09-10 00:00:00', 65, 4, 207, 'N', 6, 6, 5, 4, 6, 5, 7, 6, 6),
(826, '2010-09-10 20:31:22', 'SYSTEM', '2012-04-11 07:15:35', 'SYSTEM', 5, '2010-09-10 00:00:00', 78, 4, 208, 'N', 4, 5, 4, 5, 6, 4, 5, 3, 5),
(827, '2010-09-10 20:32:50', 'SYSTEM', '2012-04-11 07:12:14', 'SYSTEM', 12, '2010-09-10 00:00:00', 9, 4, 207, 'N', 6, 5, 5, 6, 6, 6, 9, 4, 4),
(828, '2010-09-10 20:32:50', 'SYSTEM', '2012-04-11 07:15:35', 'SYSTEM', 9, '2010-09-10 00:00:00', 77, 4, 208, 'N', 8, 7, 7, 6, 7, 8, 7, 3, 6),
(829, '2010-09-10 20:35:20', 'SYSTEM', '2011-06-14 10:31:43', 'SYSTEM', 20, '2010-09-10 00:00:00', 90, 4, 207, 'N', 6, 7, 4, 5, 9, 6, 8, 7, 6),
(830, '2010-09-10 20:35:20', 'SYSTEM', '2012-04-22 09:43:52', 'SYSTEM', 10, '2010-09-10 00:00:00', 27, 4, 208, 'N', 5, 5, 4, 5, 5, 5, 6, 5, 7),
(831, '2010-09-10 20:35:55', 'SYSTEM', '2011-06-14 10:31:43', 'SYSTEM', 18, '2010-09-10 00:00:00', 91, 4, 207, 'N', 5, 8, 5, 10, 6, 5, 6, 5, 6),
(832, '2010-09-10 20:35:55', 'SYSTEM', '2012-04-11 07:15:35', 'SYSTEM', 11, '2010-09-10 00:00:00', 79, 4, 208, 'N', 6, 7, 3, 5, 4, 6, 5, 4, 5),
(833, '2010-09-10 20:38:13', 'SYSTEM', '2012-05-12 06:59:39', 'SYSTEM', 11, '2010-09-10 00:00:00', 56, 3, 209, 'N', 6, 3, 5, 5, 6, 5, 5, 6, 6),
(834, '2010-09-10 20:38:13', 'SYSTEM', '2010-09-10 20:40:12', 'SYSTEM', 8, '2010-09-10 00:00:00', 23, 3, 210, 'N', 5, 4, 7, 7, 3, 9, 6, 7, 7),
(835, '2010-09-10 20:38:54', 'SYSTEM', '2012-05-12 06:59:39', 'SYSTEM', 14, '2010-09-10 00:00:00', 57, 3, 209, 'N', 7, 6, 8, 8, 4, 6, 6, 5, 6),
(836, '2010-09-10 20:38:54', 'SYSTEM', '2010-09-10 20:40:12', 'SYSTEM', 9, '2010-09-10 00:00:00', 15, 3, 210, 'N', 5, 3, 5, 6, 2, 8, 5, 5, 4),
(837, '2010-09-10 20:39:32', 'SYSTEM', '2012-05-12 06:59:39', 'SYSTEM', 14, '2010-09-10 00:00:00', 55, 4, 209, 'N', 6, 7, 5, 5, 8, 6, 7, 6, 6),
(838, '2010-09-10 20:39:32', 'SYSTEM', '2010-09-10 20:40:12', 'SYSTEM', 10, '2010-09-10 00:00:00', 21, 4, 210, 'N', 5, 5, 5, 6, 5, 4, 7, 3, 5),
(839, '2010-09-10 20:40:12', 'SYSTEM', '2012-05-15 09:54:33', 'SYSTEM', 16, '2010-09-10 00:00:00', 53, 4, 209, 'N', 7, 7, 5, 6, 7, 9, 9, 6, 7),
(840, '2010-09-10 20:40:12', 'SYSTEM', '2010-09-10 20:40:12', 'SYSTEM', 16, '2010-09-10 00:00:00', 88, 4, 210, 'N', 4, 6, 5, 7, 4, 6, 5, 6, 6),
(841, '2010-09-17 20:57:18', 'SYSTEM', '2010-09-17 21:17:25', 'SYSTEM', 3, '2010-09-17 00:00:00', 51, 1, 211, 'N', 4, 4, 5, 4, 4, 4, 5, 3, 5),
(842, '2010-09-17 20:57:18', 'SYSTEM', '2012-05-15 09:54:33', 'SYSTEM', 5, '2010-09-17 00:00:00', 42, 1, 212, 'N', 3, 3, 4, 4, 3, 4, 5, 3, 5),
(843, '2010-09-17 20:57:58', 'SYSTEM', '2010-09-17 21:17:25', 'SYSTEM', 10, '2010-09-17 00:00:00', 47, 1, 211, 'N', 5, 3, 5, 4, 4, 5, 6, 3, 8),
(844, '2010-09-17 20:57:58', 'SYSTEM', '2012-05-15 09:54:33', 'SYSTEM', 6, '2010-09-17 00:00:00', 40, 1, 212, 'N', 5, 4, 4, 6, 3, 5, 5, 3, 6),
(845, '2010-09-17 20:58:42', 'SYSTEM', '2010-09-17 21:17:25', 'SYSTEM', 18, '2010-09-17 00:00:00', 46, 1, 211, 'N', 7, 7, 5, 7, 5, 7, 5, 6, 8),
(846, '2010-09-17 20:58:42', 'SYSTEM', '2011-03-23 05:52:58', 'SYSTEM', 7, '2010-09-17 00:00:00', 45, 1, 212, 'N', 3, 4, 6, 4, 4, 6, 4, 3, 5),
(847, '2010-09-17 20:59:51', 'SYSTEM', '2010-09-17 21:17:25', 'SYSTEM', 19, '2010-09-17 00:00:00', 48, 1, 211, 'N', 5, 7, 8, 9, 6, 5, 6, 3, 10),
(848, '2010-09-17 20:59:51', 'SYSTEM', '2012-05-15 09:54:33', 'SYSTEM', 7, '2010-09-17 00:00:00', 43, 1, 212, 'N', 5, 4, 6, 5, 3, 6, 5, 3, 5),
(849, '2010-09-17 21:00:59', 'SYSTEM', '2012-05-12 06:59:39', 'SYSTEM', 10, '2010-09-17 00:00:00', 56, 1, 213, 'N', 5, 5, 6, 5, 4, 7, 4, 5, 6),
(850, '2010-09-17 21:00:59', 'SYSTEM', '2012-04-11 06:39:17', 'SYSTEM', 7, '2010-09-17 00:00:00', 38, 1, 214, 'N', 6, 3, 5, 5, 5, 6, 6, 2, 5),
(851, '2010-09-17 21:01:54', 'SYSTEM', '2012-05-12 06:59:39', 'SYSTEM', 13, '2010-09-17 00:00:00', 58, 1, 213, 'N', 5, 8, 7, 7, 6, 7, 6, 5, 6),
(852, '2010-09-17 21:01:54', 'SYSTEM', '2012-04-11 06:39:17', 'SYSTEM', 10, '2010-09-17 00:00:00', 37, 1, 214, 'N', 5, 4, 7, 5, 2, 6, 5, 4, 6),
(853, '2010-09-17 21:02:36', 'SYSTEM', '2012-05-12 06:59:39', 'SYSTEM', 15, '2010-09-17 00:00:00', 55, 1, 213, 'N', 4, 5, 6, 5, 5, 5, 6, 4, 5),
(854, '2010-09-17 21:02:36', 'SYSTEM', '2011-06-22 18:56:45', 'SYSTEM', 12, '2010-09-17 00:00:00', 35, 1, 214, 'N', 6, 4, 6, 5, 4, 6, 6, 3, 5),
(855, '2010-09-17 21:03:23', 'SYSTEM', '2012-05-15 09:54:33', 'SYSTEM', 19, '2010-09-17 00:00:00', 53, 1, 213, 'N', 6, 4, 5, 5, 6, 6, 6, 3, 7),
(856, '2010-09-17 21:03:23', 'SYSTEM', '2011-06-22 18:56:45', 'SYSTEM', 15, '2010-09-17 00:00:00', 85, 1, 214, 'N', 4, 3, 5, 6, 3, 6, 8, 6, 7),
(857, '2010-09-17 21:04:53', 'SYSTEM', '2011-03-23 05:53:52', 'SYSTEM', 12, '2010-09-17 00:00:00', 62, 2, 215, 'N', 6, 6, 5, 7, 4, 5, 5, 6, 6),
(858, '2010-09-17 21:04:53', 'SYSTEM', '2012-05-05 07:40:35', 'SYSTEM', 6, '2010-09-17 00:00:00', 28, 2, 216, 'N', 5, 5, 4, 6, 5, 4, 3, 7, 3),
(859, '2010-09-17 21:05:58', 'SYSTEM', '2011-03-23 05:53:52', 'SYSTEM', 12, '2010-09-17 00:00:00', 59, 2, 215, 'N', 5, 6, 5, 7, 5, 5, 3, 5, 7),
(860, '2010-09-17 21:05:58', 'SYSTEM', '2012-05-05 07:40:35', 'SYSTEM', 6, '2010-09-17 00:00:00', 30, 2, 216, 'N', 4, 6, 5, 4, 5, 5, 3, 5, 3),
(861, '2010-09-17 21:06:56', 'SYSTEM', '2011-03-23 05:53:52', 'SYSTEM', 13, '2010-09-17 00:00:00', 61, 2, 215, 'N', 4, 7, 6, 9, 6, 5, 4, 6, 7),
(862, '2010-09-17 21:06:56', 'SYSTEM', '2012-05-05 07:40:35', 'SYSTEM', 6, '2010-09-17 00:00:00', 29, 2, 216, 'N', 3, 5, 6, 6, 4, 5, 4, 5, 5),
(863, '2010-09-17 21:08:21', 'SYSTEM', '2011-03-23 05:53:52', 'SYSTEM', 17, '2010-09-17 00:00:00', 60, 2, 215, 'N', 7, 7, 6, 5, 9, 5, 3, 5, 4),
(864, '2010-09-17 21:08:21', 'SYSTEM', '2012-04-22 09:43:52', 'SYSTEM', 10, '2010-09-17 00:00:00', 27, 2, 216, 'N', 4, 6, 4, 5, 6, 5, 4, 4, 5),
(865, '2010-09-17 21:09:18', 'SYSTEM', '2012-04-11 07:15:35', 'SYSTEM', 5, '2010-09-17 00:00:00', 78, 1, 219, 'N', 4, 5, 5, 4, 4, 5, 6, 4, 5),
(866, '2010-09-17 21:09:18', 'SYSTEM', '2012-04-12 06:09:10', 'SYSTEM', 7, '2010-09-17 00:00:00', 8, 1, 220, 'N', 5, 4, 4, 4, 4, 5, 5, 3, 5),
(867, '2010-09-17 21:09:49', 'SYSTEM', '2012-04-11 07:15:35', 'SYSTEM', 9, '2010-09-17 00:00:00', 76, 1, 219, 'N', 5, 4, 4, 6, 4, 6, 7, 3, 5),
(868, '2010-09-17 21:09:49', 'SYSTEM', '2012-04-12 06:09:10', 'SYSTEM', 7, '2010-09-17 00:00:00', 10, 1, 220, 'N', 3, 2, 6, 5, 3, 3, 5, 5, 5),
(869, '2010-09-17 21:10:38', 'SYSTEM', '2012-04-11 07:15:35', 'SYSTEM', 12, '2010-09-17 00:00:00', 77, 2, 219, 'N', 4, 8, 7, 6, 4, 5, 3, 7, 5),
(870, '2010-09-17 21:10:38', 'SYSTEM', '2012-04-11 07:12:28', 'SYSTEM', 12, '2010-09-17 00:00:00', 13, 2, 220, 'N', 5, 9, 5, 8, 5, 4, 5, 6, 7),
(871, '2010-09-17 21:11:30', 'SYSTEM', '2012-04-11 07:15:35', 'SYSTEM', 10, '2010-09-17 00:00:00', 79, 2, 219, 'N', 4, 7, 4, 6, 6, 6, 5, 7, 5),
(872, '2010-09-17 21:11:30', 'SYSTEM', '2011-06-16 05:52:17', 'SYSTEM', 12, '2010-09-17 00:00:00', 11, 2, 220, 'N', 3, 7, 4, 6, 6, 7, 5, 6, 6),
(873, '2010-09-17 21:13:23', 'SYSTEM', '2012-04-11 07:24:01', 'SYSTEM', 10, '2010-09-17 00:00:00', 73, 2, 217, 'N', 4, 6, 6, 5, 5, 6, 4, 5, 4),
(874, '2010-09-17 21:13:23', 'SYSTEM', '2010-09-17 21:17:25', 'SYSTEM', 5, '2010-09-17 00:00:00', 16, 2, 218, 'N', 3, 6, 7, 5, 7, 4, 4, 6, 6),
(875, '2010-09-17 21:14:16', 'SYSTEM', '2012-04-11 07:24:01', 'SYSTEM', 15, '2010-09-17 00:00:00', 74, 2, 217, 'N', 3, 7, 7, 6, 6, 8, 3, 5, 5),
(876, '2010-09-17 21:14:16', 'SYSTEM', '2010-09-17 21:17:25', 'SYSTEM', 13, '2010-09-17 00:00:00', 19, 2, 218, 'N', 3, 7, 5, 6, 4, 9, 3, 5, 5),
(877, '2010-09-17 21:15:13', 'SYSTEM', '2012-04-11 07:24:01', 'SYSTEM', 17, '2010-09-17 00:00:00', 71, 2, 217, 'N', 5, 6, 6, 8, 6, 7, 6, 6, 7),
(878, '2010-09-17 21:15:13', 'SYSTEM', '2010-09-17 21:17:25', 'SYSTEM', 15, '2010-09-17 00:00:00', 88, 2, 218, 'N', 4, 8, 6, 8, 5, 6, 5, 6, 5),
(879, '2010-09-17 21:15:58', 'SYSTEM', '2011-04-23 17:02:23', 'SYSTEM', 21, '2010-09-17 00:00:00', 69, 2, 217, 'N', 7, 7, 5, 6, 7, 8, 5, 6, 6),
(880, '2010-09-17 21:15:58', 'SYSTEM', '2010-09-17 21:17:25', 'SYSTEM', 17, '2010-09-17 00:00:00', 18, 2, 218, 'N', 4, 6, 5, 9, 6, 7, 3, 5, 4),
(881, '2011-04-23 15:32:22', 'SYSTEM', '2011-04-23 16:07:29', 'SYSTEM', 6, '2011-04-22 00:00:00', 16, 1, 233, 'N', 5, 4, 5, 4, 3, 5, 5, 4, 6),
(882, '2011-04-23 15:32:22', 'SYSTEM', '2012-04-12 06:22:16', 'SYSTEM', 8, '2011-04-22 00:00:00', 97, 1, 234, 'N', 4, 4, 5, 7, 4, 5, 5, 5, 5),
(883, '2011-04-23 15:33:17', 'SYSTEM', '2011-04-23 16:07:29', 'SYSTEM', 7, '2011-04-22 00:00:00', 17, 1, 233, 'N', 5, 4, 6, 5, 3, 6, 5, 5, 5),
(884, '2011-04-23 15:33:17', 'SYSTEM', '2012-04-12 06:22:16', 'SYSTEM', 8, '2011-04-22 00:00:00', 96, 1, 234, 'N', 5, 4, 5, 5, 4, 5, 5, 3, 8),
(885, '2011-04-23 15:34:35', 'SYSTEM', '2011-04-23 16:07:29', 'SYSTEM', 10, '2011-04-22 00:00:00', 21, 1, 233, 'N', 5, 4, 4, 5, 3, 6, 6, 3, 7),
(886, '2011-04-23 15:34:35', 'SYSTEM', '2012-05-15 09:54:33', 'SYSTEM', 17, '2011-04-22 00:00:00', 53, 1, 234, 'N', 7, 5, 5, 11, 5, 6, 6, 3, 7),
(887, '2011-04-23 15:35:50', 'SYSTEM', '2011-04-23 16:07:29', 'SYSTEM', 12, '2011-04-22 00:00:00', 20, 1, 233, 'N', 5, 6, 7, 5, 4, 5, 5, 5, 6),
(888, '2011-04-23 15:35:50', 'SYSTEM', '2012-04-12 06:22:16', 'SYSTEM', 19, '2011-04-22 00:00:00', 101, 1, 234, 'N', 7, 6, 7, 5, 4, 8, 6, 6, 7),
(889, '2011-04-23 15:38:09', 'SYSTEM', '2012-04-11 06:39:17', 'SYSTEM', 7, '2011-04-22 00:00:00', 38, 1, 235, 'N', 6, 4, 7, 6, 4, 6, 5, 3, 5),
(890, '2011-04-23 15:38:09', 'SYSTEM', '2012-05-05 07:40:35', 'SYSTEM', 5, '2011-04-22 00:00:00', 84, 1, 236, 'N', 3, 4, 7, 5, 3, 7, 5, 4, 4),
(891, '2011-04-23 15:39:00', 'SYSTEM', '2012-04-11 06:39:17', 'SYSTEM', 9, '2011-04-22 00:00:00', 37, 1, 235, 'N', 5, 5, 6, 5, 5, 7, 5, 3, 7),
(892, '2011-04-23 15:39:00', 'SYSTEM', '2012-05-05 07:40:35', 'SYSTEM', 5, '2011-04-22 00:00:00', 28, 1, 236, 'N', 6, 4, 4, 7, 4, 6, 4, 5, 5),
(893, '2011-04-23 15:40:04', 'SYSTEM', '2012-05-12 06:59:39', 'SYSTEM', 13, '2011-04-22 00:00:00', 55, 1, 235, 'N', 5, 5, 7, 5, 4, 6, 7, 3, 5),
(894, '2011-04-23 15:40:04', 'SYSTEM', '2012-05-05 07:40:35', 'SYSTEM', 6, '2011-04-22 00:00:00', 31, 1, 236, 'N', 6, 6, 6, 4, 4, 6, 6, 4, 6),
(895, '2011-04-23 15:40:49', 'SYSTEM', '2011-06-22 18:56:45', 'SYSTEM', 14, '2011-04-22 00:00:00', 85, 1, 235, 'N', 6, 6, 5, 6, 4, 9, 7, 4, 9),
(896, '2011-04-23 15:40:49', 'SYSTEM', '2012-04-22 09:43:52', 'SYSTEM', 9, '2011-04-22 00:00:00', 27, 1, 236, 'N', 5, 5, 4, 5, 4, 6, 7, 5, 7),
(897, '2011-04-23 15:42:22', 'SYSTEM', '2012-05-12 06:59:39', 'SYSTEM', 9, '2011-04-22 00:00:00', 56, 1, 241, 'N', 6, 5, 6, 6, 4, 7, 6, 5, 7),
(898, '2011-04-23 15:42:22', 'SYSTEM', '2012-04-11 07:24:01', 'SYSTEM', 15, '2011-04-22 00:00:00', 80, 1, 242, 'N', 6, 5, 6, 6, 4, 7, 6, 5, 7),
(899, '2011-04-23 15:43:45', 'SYSTEM', '2012-05-12 06:59:39', 'SYSTEM', 14, '2011-04-22 00:00:00', 57, 1, 241, 'N', 6, 5, 6, 6, 5, 7, 6, 5, 7),
(900, '2011-04-23 15:43:45', 'SYSTEM', '2012-04-11 07:24:01', 'SYSTEM', 17, '2011-04-22 00:00:00', 68, 1, 242, 'N', 6, 5, 6, 7, 5, 7, 7, 6, 7),
(901, '2011-04-23 15:45:03', 'SYSTEM', '2012-05-12 06:59:39', 'SYSTEM', 5, '2011-04-22 00:00:00', 107, 1, 241, 'N', 6, 3, 4, 5, 6, 5, 4, 3, 4),
(902, '2011-04-23 15:45:03', 'SYSTEM', '2012-04-11 07:24:01', 'SYSTEM', 18, '2011-04-22 00:00:00', 71, 1, 242, 'N', 6, 4, 7, 5, 6, 7, 6, 4, 8),
(903, '2011-04-23 15:45:52', 'SYSTEM', '2011-07-23 22:20:04', 'SYSTEM', 19, '2011-04-22 00:00:00', 108, 1, 241, 'N', 6, 4, 9, 4, 5, 8, 6, 6, 8),
(904, '2011-04-23 15:45:52', 'SYSTEM', '2011-04-23 17:02:23', 'SYSTEM', 19, '2011-04-22 00:00:00', 69, 1, 242, 'N', 7, 5, 6, 7, 4, 8, 6, 4, 6),
(905, '2011-04-23 15:52:48', 'SYSTEM', '2011-06-16 05:52:17', 'SYSTEM', 12, '2011-04-22 00:00:00', 11, 2, 237, 'N', 4, 8, 6, 5, 4, 6, 4, 7, 4),
(906, '2011-04-23 15:52:48', 'SYSTEM', '2012-05-15 09:54:33', 'SYSTEM', 5, '2011-04-22 00:00:00', 41, 2, 238, 'N', 5, 7, 4, 5, 4, 6, 4, 5, 5),
(907, '2011-04-23 15:53:59', 'SYSTEM', '2012-04-12 06:09:10', 'SYSTEM', 14, '2011-04-22 00:00:00', 7, 2, 237, 'N', 6, 6, 5, 7, 6, 6, 5, 7, 8),
(908, '2011-04-23 15:53:59', 'SYSTEM', '2012-05-15 09:54:33', 'SYSTEM', 7, '2011-04-22 00:00:00', 40, 2, 238, 'N', 3, 5, 4, 5, 5, 6, 4, 5, 8),
(909, '2011-04-23 15:54:59', 'SYSTEM', '2012-04-12 06:09:10', 'SYSTEM', 34, '2011-04-22 00:00:00', 106, 2, 237, 'N', 5, 9, 10, 9, 8, 9, 4, 10, 10),
(910, '2011-04-23 15:54:59', 'SYSTEM', '2012-05-15 09:54:33', 'SYSTEM', 7, '2011-04-22 00:00:00', 43, 2, 238, 'N', 4, 6, 6, 5, 5, 6, 6, 6, 4),
(911, '2011-04-23 15:56:41', 'SYSTEM', '2012-04-12 06:09:10', 'SYSTEM', 15, '2011-04-22 00:00:00', 104, 2, 237, 'N', 6, 8, 5, 7, 6, 7, 4, 5, 5),
(912, '2011-04-23 15:56:41', 'SYSTEM', '2012-03-21 22:39:23', 'SYSTEM', 20, '2011-04-22 00:00:00', 92, 2, 238, 'N', 6, 7, 7, 9, 7, 6, 5, 7, 4),
(913, '2011-04-23 15:58:17', 'SYSTEM', '2012-04-11 07:15:35', 'SYSTEM', 11, '2011-04-22 00:00:00', 79, 2, 239, 'N', 5, 8, 6, 5, 4, 5, 6, 7, 4),
(914, '2011-04-23 15:58:17', 'SYSTEM', '2011-04-23 16:07:29', 'SYSTEM', 8, '2011-04-22 00:00:00', 64, 2, 240, 'N', 5, 7, 8, 5, 5, 7, 3, 5, 4),
(915, '2011-04-23 15:59:21', 'SYSTEM', '2012-04-11 07:15:35', 'SYSTEM', 13, '2011-04-22 00:00:00', 77, 2, 239, 'N', 7, 7, 6, 7, 8, 4, 5, 6, 6),
(916, '2011-04-23 15:59:21', 'SYSTEM', '2011-04-23 16:07:29', 'SYSTEM', 12, '2011-04-22 00:00:00', 59, 2, 240, 'N', 6, 7, 4, 6, 7, 7, 6, 7, 5),
(917, '2011-04-23 16:00:13', 'SYSTEM', '2011-04-23 16:07:29', 'SYSTEM', 15, '2011-04-22 00:00:00', 94, 2, 239, 'N', 3, 8, 8, 6, 6, 5, 5, 6, 6),
(918, '2011-04-23 16:00:14', 'SYSTEM', '2011-04-23 16:07:29', 'SYSTEM', 12, '2011-04-22 00:00:00', 67, 2, 240, 'N', 5, 8, 5, 6, 5, 6, 3, 6, 6),
(919, '2011-04-23 16:02:53', 'SYSTEM', '2011-04-23 16:07:29', 'SYSTEM', 17, '2011-04-22 00:00:00', 103, 2, 239, 'N', 6, 8, 6, 5, 6, 4, 4, 9, 7),
(920, '2011-04-23 16:02:53', 'SYSTEM', '2011-04-23 16:07:29', 'SYSTEM', 12, '2011-04-22 00:00:00', 62, 2, 240, 'N', 8, 6, 6, 5, 5, 5, 6, 5, 5),
(921, '2011-04-23 16:04:24', 'SYSTEM', '2011-04-23 16:07:29', 'SYSTEM', 9, '2011-04-22 00:00:00', 47, 2, 243, 'N', 5, 6, 5, 5, 5, 7, 4, 5, 6),
(922, '2011-04-23 16:04:24', 'SYSTEM', '2011-06-14 10:31:43', 'SYSTEM', 10, '2011-04-22 00:00:00', 6, 2, 244, 'N', 6, 6, 5, 7, 5, 5, 3, 6, 4),
(923, '2011-04-23 16:05:13', 'SYSTEM', '2011-04-23 16:07:29', 'SYSTEM', 10, '2011-04-22 00:00:00', 52, 2, 243, 'N', 4, 6, 5, 6, 5, 6, 4, 4, 4),
(924, '2011-04-23 16:05:13', 'SYSTEM', '2011-06-14 10:31:43', 'SYSTEM', 20, '2011-04-22 00:00:00', 90, 2, 244, 'N', 6, 7, 8, 6, 6, 6, 4, 4, 6),
(925, '2011-04-23 16:06:46', 'SYSTEM', '2011-04-23 16:07:29', 'SYSTEM', 19, '2011-04-22 00:00:00', 46, 2, 243, 'N', 5, 10, 8, 8, 6, 5, 5, 5, 7),
(926, '2011-04-23 16:06:46', 'SYSTEM', '2011-06-14 10:31:43', 'SYSTEM', 18, '2011-04-22 00:00:00', 91, 2, 244, 'N', 5, 8, 6, 6, 8, 4, 4, 7, 7),
(927, '2011-04-23 16:07:29', 'SYSTEM', '2011-04-23 16:07:29', 'SYSTEM', 21, '2011-04-22 00:00:00', 48, 2, 243, 'N', 8, 5, 6, 9, 10, 8, 5, 8, 7),
(928, '2011-04-23 16:07:29', 'SYSTEM', '2011-04-23 16:07:29', 'SYSTEM', NULL, '2011-04-22 00:00:00', NULL, 2, 244, 'Y', NULL, NULL, NULL, NULL, NULL, NULL, NULL, NULL, NULL),
(929, '2011-04-30 10:23:49', 'SYSTEM', '2012-05-05 07:40:35', 'SYSTEM', 6, '2011-04-29 00:00:00', 30, 1, 245, 'N', 4, 5, 9, 5, 5, 6, 6, 5, 4),
(930, '2011-04-30 10:23:49', 'SYSTEM', '2012-04-11 07:15:35', 'SYSTEM', 14, '2011-04-29 00:00:00', 77, 1, 246, 'N', 6, 4, 6, 6, 4, 8, 7, 4, 7),
(931, '2011-04-30 10:24:53', 'SYSTEM', '2012-05-05 07:40:35', 'SYSTEM', 6, '2011-04-29 00:00:00', 28, 1, 245, 'N', 5, 4, 6, 4, 5, 6, 6, 4, 6),
(932, '2011-04-30 10:24:53', 'SYSTEM', '2011-04-30 11:00:34', 'SYSTEM', 15, '2011-04-29 00:00:00', 94, 1, 246, 'N', 6, 6, 6, 6, 6, 6, 7, 3, 10),
(933, '2011-04-30 10:25:57', 'SYSTEM', '2012-05-05 07:40:35', 'SYSTEM', 7, '2011-04-29 00:00:00', 29, 1, 245, 'N', 5, 6, 8, 5, 5, 4, 4, 4, 4),
(934, '2011-04-30 10:25:57', 'SYSTEM', '2011-04-30 11:00:34', 'SYSTEM', 17, '2011-04-29 00:00:00', 103, 1, 246, 'N', 6, 5, 7, 5, 4, 7, 5, 4, 8),
(935, '2011-04-30 10:29:34', 'SYSTEM', '2012-04-22 09:43:52', 'SYSTEM', 11, '2011-04-29 00:00:00', 27, 1, 245, 'N', 7, 5, 5, 5, 4, 5, 6, 3, 7),
(936, '2011-04-30 10:29:34', 'SYSTEM', '2012-04-11 07:15:35', 'SYSTEM', 19, '2011-04-29 00:00:00', 95, 1, 246, 'N', 6, 7, 7, 7, 5, 6, 6, 4, 8),
(937, '2011-04-30 10:32:16', 'SYSTEM', '2011-04-30 11:00:34', 'SYSTEM', 6, '2011-04-29 00:00:00', 17, 1, 247, 'N', 5, 5, 5, 6, 5, 6, 8, 4, 7),
(938, '2011-04-30 10:32:16', 'SYSTEM', '2011-04-30 11:00:34', 'SYSTEM', 12, '2011-04-29 00:00:00', 65, 1, 248, 'N', 6, 4, 6, 7, 4, 5, 6, 4, 7),
(939, '2011-04-30 10:33:08', 'SYSTEM', '2011-04-30 11:00:34', 'SYSTEM', 12, '2011-04-29 00:00:00', 19, 1, 247, 'N', 5, 5, 6, 8, 5, 6, 9, 3, 6),
(940, '2011-04-30 10:33:08', 'SYSTEM', '2011-04-30 11:00:34', 'SYSTEM', 13, '2011-04-29 00:00:00', 67, 1, 248, 'N', 6, 5, 7, 9, 3, 5, 5, 4, 6),
(941, '2011-04-30 10:37:01', 'SYSTEM', '2011-04-30 11:00:34', 'SYSTEM', 15, '2011-04-29 00:00:00', 88, 1, 247, 'N', 6, 6, 5, 4, 3, 6, 6, 5, 8),
(942, '2011-04-30 10:37:01', 'SYSTEM', '2011-04-30 11:00:34', 'SYSTEM', 13, '2011-04-29 00:00:00', 62, 1, 248, 'N', 7, 4, 8, 8, 5, 7, 5, 5, 8),
(943, '2011-04-30 10:37:43', 'SYSTEM', '2011-04-30 11:00:34', 'SYSTEM', 16, '2011-04-29 00:00:00', 18, 1, 247, 'N', 6, 6, 8, 5, 4, 8, 6, 6, 7),
(944, '2011-04-30 10:37:43', 'SYSTEM', '2011-04-30 11:00:34', 'SYSTEM', 16, '2011-04-29 00:00:00', 60, 1, 248, 'N', 5, 3, 8, 6, 5, 7, 8, 3, 8),
(945, '2011-04-30 10:38:57', 'SYSTEM', '2011-04-30 11:00:34', 'SYSTEM', 2, '2011-04-29 00:00:00', 51, 1, 253, 'N', 5, 4, 4, 4, 3, 5, 4, 3, 4),
(946, '2011-04-30 10:38:57', 'SYSTEM', '2012-05-15 09:54:33', 'SYSTEM', 7, '2011-04-29 00:00:00', 43, 1, 254, 'N', 5, 3, 4, 5, 3, 5, 6, 3, 5),
(947, '2011-04-30 10:41:30', 'SYSTEM', '2011-04-30 11:00:34', 'SYSTEM', 7, '2011-04-29 00:00:00', 50, 1, 253, 'N', 7, 3, 5, 5, 6, 7, 6, 3, 5),
(948, '2011-04-30 10:41:30', 'SYSTEM', '2012-05-12 06:59:39', 'SYSTEM', 11, '2011-04-29 00:00:00', 56, 1, 254, 'N', 6, 7, 4, 6, 5, 5, 7, 5, 6),
(949, '2011-04-30 10:42:49', 'SYSTEM', '2011-04-30 11:00:34', 'SYSTEM', 19, '2011-04-29 00:00:00', 46, 1, 253, 'N', 7, 5, 5, 5, 5, 10, 7, 3, 7),
(950, '2011-04-30 10:42:49', 'SYSTEM', '2012-05-15 09:54:33', 'SYSTEM', 17, '2011-04-29 00:00:00', 53, 1, 254, 'N', 6, 4, 5, 7, 5, 7, 5, 5, 7),
(951, '2011-04-30 10:44:07', 'SYSTEM', '2011-04-30 11:00:34', 'SYSTEM', 22, '2011-04-29 00:00:00', 48, 1, 253, 'N', 8, 7, 7, 8, 7, 8, 8, 4, 12),
(952, '2011-04-30 10:44:07', 'SYSTEM', '2012-03-21 22:39:23', 'SYSTEM', 20, '2011-04-29 00:00:00', 92, 1, 254, 'N', 6, 4, 5, 3, 5, 6, 6, 8, 7),
(953, '2011-04-30 10:46:07', 'SYSTEM', '2011-04-30 11:00:34', 'SYSTEM', 6, '2011-04-29 00:00:00', 72, 2, 249, 'N', 4, 6, 7, 6, 4, 7, 3, 5, 6),
(954, '2011-04-30 10:46:07', 'SYSTEM', '2011-06-14 10:31:43', 'SYSTEM', 8, '2011-04-29 00:00:00', 1, 2, 250, 'N', 3, 5, 5, 5, 4, 5, 3, 6, 5),
(955, '2011-04-30 10:46:55', 'SYSTEM', '2012-04-11 07:24:01', 'SYSTEM', 15, '2011-04-29 00:00:00', 74, 2, 249, 'N', 6, 7, 7, 10, 5, 8, 5, 5, 6),
(956, '2011-04-30 10:46:55', 'SYSTEM', '2011-06-14 10:31:43', 'SYSTEM', 9, '2011-04-29 00:00:00', 2, 2, 250, 'N', 5, 9, 3, 6, 5, 5, 5, 5, 6),
(957, '2011-04-30 10:47:47', 'SYSTEM', '2012-04-11 07:24:01', 'SYSTEM', 17, '2011-04-29 00:00:00', 68, 1, 249, 'N', 3, 8, 5, 8, 6, 8, 6, 6, 6),
(958, '2011-04-30 10:47:47', 'SYSTEM', '2011-06-14 10:31:43', 'SYSTEM', 10, '2011-04-29 00:00:00', 3, 1, 250, 'N', 4, 6, 5, 8, 6, 6, 5, 4, 7),
(959, '2011-04-30 10:48:38', 'SYSTEM', '2012-04-11 07:24:01', 'SYSTEM', 19, '2011-04-29 00:00:00', 70, 2, 249, 'N', 4, 7, 7, 8, 6, 5, 5, 6, 6),
(960, '2011-04-30 10:48:38', 'SYSTEM', '2011-06-14 10:31:43', 'SYSTEM', 11, '2011-04-29 00:00:00', 6, 2, 250, 'N', 4, 7, 6, 7, 6, 4, 6, 6, 7),
(961, '2011-04-30 10:50:51', 'SYSTEM', '2012-04-12 06:22:16', 'SYSTEM', 14, '2011-04-29 00:00:00', 110, 2, 251, 'N', 4, 7, 7, 7, 5, 7, 4, 6, 5),
(962, '2011-04-30 10:50:51', 'SYSTEM', '2012-04-11 06:39:17', 'SYSTEM', 8, '2011-04-29 00:00:00', 38, 2, 252, 'N', 3, 6, 5, 7, 4, 6, 4, 5, 5),
(963, '2011-04-30 10:51:32', 'SYSTEM', '2012-04-12 06:22:16', 'SYSTEM', 9, '2011-04-29 00:00:00', 98, 2, 251, 'N', 6, 6, 6, 6, 4, 4, 4, 5, 5),
(964, '2011-04-30 10:51:32', 'SYSTEM', '2012-04-11 06:39:17', 'SYSTEM', 9, '2011-04-29 00:00:00', 37, 2, 252, 'N', 4, 7, 6, 7, 5, 7, 6, 6, 6),
(965, '2011-04-30 10:52:25', 'SYSTEM', '2012-04-12 06:22:16', 'SYSTEM', 18, '2011-04-29 00:00:00', 99, 2, 251, 'N', 5, 6, 7, 8, 8, 6, 5, 6, 5),
(966, '2011-04-30 10:52:25', 'SYSTEM', '2011-06-22 18:56:45', 'SYSTEM', 12, '2011-04-29 00:00:00', 35, 2, 252, 'N', 5, 6, 7, 8, 7, 5, 5, 5, 7),
(967, '2011-04-30 10:53:10', 'SYSTEM', '2012-04-12 06:22:16', 'SYSTEM', 10, '2011-04-29 00:00:00', 109, 2, 251, 'N', 4, 8, 4, 5, 6, 5, 4, 5, 6),
(968, '2011-04-30 10:53:10', 'SYSTEM', '2012-04-11 06:39:17', 'SYSTEM', 16, '2011-04-29 00:00:00', 34, 2, 252, 'N', 5, 7, 6, 9, 5, 9, 5, 6, 6),
(969, '2011-04-30 10:56:23', 'SYSTEM', '2012-04-12 06:09:10', 'SYSTEM', 6, '2011-04-29 00:00:00', 10, 2, 255, 'N', 3, 6, 5, 4, 6, 6, 5, 3, 5),
(970, '2011-04-30 10:56:23', 'SYSTEM', '2012-04-11 07:15:35', 'SYSTEM', 5, '2011-04-29 00:00:00', 78, 2, 256, 'N', 4, 6, 5, 5, 4, 6, 4, 6, 5),
(971, '2011-04-30 10:57:12', 'SYSTEM', '2012-04-12 06:09:10', 'SYSTEM', 6, '2011-04-29 00:00:00', 8, 2, 255, 'N', 4, 6, 7, 7, 5, 7, 4, 4, 6),
(972, '2011-04-30 10:57:12', 'SYSTEM', '2012-04-11 07:15:35', 'SYSTEM', 8, '2011-04-29 00:00:00', 76, 2, 256, 'N', 5, 8, 5, 6, 5, 4, 3, 5, 5),
(973, '2011-04-30 10:59:32', 'SYSTEM', '2012-04-12 06:09:10', 'SYSTEM', 15, '2011-04-29 00:00:00', 104, 2, 255, 'N', 3, 11, 5, 8, 7, 4, 4, 6, 5),
(974, '2011-04-30 10:59:32', 'SYSTEM', '2012-05-12 06:59:39', 'SYSTEM', 15, '2011-04-29 00:00:00', 58, 2, 256, 'N', 4, 6, 6, 7, 7, 9, 5, 5, 5),
(975, '2011-04-30 11:00:34', 'SYSTEM', '2012-04-12 06:09:10', 'SYSTEM', 34, '2011-04-29 00:00:00', 106, 2, 255, 'N', 5, 11, 8, 12, 8, 9, 6, 9, 7),
(976, '2011-04-30 11:00:34', 'SYSTEM', '2012-05-12 06:59:39', 'SYSTEM', 15, '2011-04-29 00:00:00', 57, 2, 256, 'N', 5, 7, 6, 7, 8, 6, 4, 7, 6),
(977, '2011-05-07 22:31:33', 'SYSTEM', '2012-04-12 06:09:10', 'SYSTEM', 14, '2011-05-06 00:00:00', 7, 1, 257, 'N', 6, 5, 6, 6, 3, 5, 5, 5, 5),
(978, '2011-05-07 22:31:33', 'SYSTEM', '2011-05-07 23:01:55', 'SYSTEM', 8, '2011-05-06 00:00:00', 64, 1, 258, 'N', 6, 4, 7, 5, 3, 6, 4, 4, 4),
(979, '2011-05-07 22:32:33', 'SYSTEM', '2012-04-12 06:09:10', 'SYSTEM', 15, '2011-05-06 00:00:00', 104, 1, 257, 'N', 5, 5, 6, 6, 4, 7, 6, 4, 5),
(980, '2011-05-07 22:32:33', 'SYSTEM', '2011-05-07 23:01:55', 'SYSTEM', 14, '2011-05-06 00:00:00', 61, 1, 258, 'N', 6, 7, 7, 6, 4, 5, 7, 5, 7),
(981, '2011-05-07 22:33:23', 'SYSTEM', '2012-04-11 07:24:45', 'SYSTEM', 12, '2011-05-06 00:00:00', 105, 1, 257, 'N', 5, 5, 5, 5, 4, 7, 6, 5, 6),
(982, '2011-05-07 22:33:23', 'SYSTEM', '2011-05-07 23:01:55', 'SYSTEM', 14, '2011-05-06 00:00:00', 59, 1, 258, 'N', 7, 6, 6, 5, 5, 5, 6, 6, 8),
(983, '2011-05-07 22:33:53', 'SYSTEM', '2011-05-07 23:01:55', 'SYSTEM', NULL, '2011-05-06 00:00:00', NULL, 1, 257, 'Y', NULL, NULL, NULL, NULL, NULL, NULL, NULL, NULL, NULL),
(984, '2011-05-07 22:33:53', 'SYSTEM', '2011-05-07 23:01:55', 'SYSTEM', 24, '2011-05-06 00:00:00', 66, 1, 258, 'N', 8, 7, 6, 6, 5, 7, 7, 5, 12),
(985, '2011-05-07 22:35:53', 'SYSTEM', '2012-04-12 06:22:16', 'SYSTEM', 8, '2011-05-06 00:00:00', 97, 1, 259, 'N', 4, 3, 5, 4, 4, 5, 4, 3, 4),
(986, '2011-05-07 22:35:53', 'SYSTEM', '2011-05-07 23:01:55', 'SYSTEM', 2, '2011-05-06 00:00:00', 51, 1, 260, 'N', 5, 4, 7, 4, 4, 4, 5, 3, 4),
(987, '2011-05-07 22:38:03', 'SYSTEM', '2012-04-12 06:22:16', 'SYSTEM', 10, '2011-05-06 00:00:00', 109, 1, 259, 'N', 7, 5, 5, 6, 3, 6, 5, 3, 4),
(988, '2011-05-07 22:38:03', 'SYSTEM', '2011-05-07 23:01:55', 'SYSTEM', 8, '2011-05-06 00:00:00', 50, 1, 260, 'N', 4, 3, 5, 5, 3, 5, 5, 4, 6),
(989, '2011-05-07 22:39:02', 'SYSTEM', '2012-04-12 06:22:16', 'SYSTEM', 14, '2011-05-06 00:00:00', 110, 1, 259, 'N', 6, 4, 6, 4, 5, 7, 5, 4, 5),
(990, '2011-05-07 22:39:02', 'SYSTEM', '2011-05-07 23:01:55', 'SYSTEM', 9, '2011-05-06 00:00:00', 47, 1, 260, 'N', 6, 5, 6, 6, 3, 10, 6, 3, 8),
(991, '2011-05-07 22:39:57', 'SYSTEM', '2012-04-12 06:22:16', 'SYSTEM', 10, '2011-05-06 00:00:00', 100, 1, 259, 'N', 6, 5, 4, 5, 3, 8, 5, 3, 7),
(992, '2011-05-07 22:39:57', 'SYSTEM', '2011-05-07 23:01:55', 'SYSTEM', NULL, '2011-05-06 00:00:00', NULL, 1, 260, 'Y', NULL, NULL, NULL, NULL, NULL, NULL, NULL, NULL, NULL),
(993, '2011-05-07 22:41:28', 'SYSTEM', '2011-05-07 23:01:55', 'SYSTEM', 6, '2011-05-06 00:00:00', 16, 1, 265, 'N', 6, 4, 6, 4, 5, 6, 7, 3, 4),
(994, '2011-05-07 22:41:28', 'SYSTEM', '2011-06-14 10:31:43', 'SYSTEM', 11, '2011-05-06 00:00:00', 6, 1, 266, 'N', 6, 4, 6, 6, 4, 5, 5, 3, 5),
(995, '2011-05-07 22:42:05', 'SYSTEM', '2011-05-07 23:01:55', 'SYSTEM', 8, '2011-05-06 00:00:00', 15, 1, 265, 'N', 6, 3, 7, 5, 3, 6, 6, 4, 6),
(996, '2011-05-07 22:42:05', 'SYSTEM', '2011-06-14 10:31:43', 'SYSTEM', 18, '2011-05-06 00:00:00', 90, 1, 266, 'N', 5, 5, 6, 7, 3, 8, 6, 5, 5),
(997, '2011-05-07 22:43:21', 'SYSTEM', '2011-05-07 23:01:55', 'SYSTEM', 8, '2011-05-06 00:00:00', 17, 1, 265, 'N', 5, 4, 6, 5, 4, 5, 7, 4, 7),
(998, '2011-05-07 22:43:21', 'SYSTEM', '2011-06-14 10:31:43', 'SYSTEM', 18, '2011-05-06 00:00:00', 91, 1, 266, 'N', 5, 5, 7, 5, 5, 7, 5, 3, 11),
(999, '2011-05-07 22:43:59', 'SYSTEM', '2011-05-07 23:01:55', 'SYSTEM', 14, '2011-05-06 00:00:00', 19, 1, 265, 'N', 5, 4, 6, 8, 4, 6, 6, 5, 5),
(1000, '2011-05-07 22:43:59', 'SYSTEM', '2011-05-07 23:01:55', 'SYSTEM', NULL, '2011-05-06 00:00:00', NULL, 1, 266, 'Y', NULL, NULL, NULL, NULL, NULL, NULL, NULL, NULL, NULL),
(1001, '2011-05-07 22:45:07', 'SYSTEM', '2012-05-12 06:59:39', 'SYSTEM', 5, '2011-05-06 00:00:00', 107, 2, 261, 'N', 5, 5, 5, 6, 4, 3, 5, 6, 8),
(1002, '2011-05-07 22:45:07', 'SYSTEM', '2012-04-11 06:39:17', 'SYSTEM', 5, '2011-05-06 00:00:00', 39, 2, 262, 'N', 4, 4, 4, 5, 5, 6, 4, 5, 5),
(1003, '2011-05-07 22:45:49', 'SYSTEM', '2012-04-11 07:15:35', 'SYSTEM', 8, '2011-05-06 00:00:00', 76, 2, 261, 'N', 4, 7, 5, 7, 5, 6, 6, 6, 6),
(1004, '2011-05-07 22:45:49', 'SYSTEM', '2012-04-11 06:39:17', 'SYSTEM', 10, '2011-05-06 00:00:00', 33, 2, 262, 'N', 4, 5, 6, 5, 5, 6, 4, 6, 5),
(1005, '2011-05-07 22:47:20', 'SYSTEM', '2012-05-12 06:59:39', 'SYSTEM', 12, '2011-05-06 00:00:00', 55, 2, 261, 'N', 5, 8, 8, 10, 7, 7, 7, 8, 8),
(1006, '2011-05-07 22:47:20', 'SYSTEM', '2011-06-22 18:56:45', 'SYSTEM', 13, '2011-05-06 00:00:00', 35, 2, 262, 'N', 3, 7, 6, 7, 5, 4, 3, 6, 4),
(1007, '2011-05-07 22:49:35', 'SYSTEM', '2012-05-12 06:59:39', 'SYSTEM', 16, '2011-05-06 00:00:00', 57, 2, 261, 'N', 5, 9, 5, 8, 8, 6, 4, 5, 5),
(1008, '2011-05-07 22:49:35', 'SYSTEM', '2011-06-22 18:56:45', 'SYSTEM', 14, '2011-05-06 00:00:00', 85, 2, 262, 'N', 5, 9, 8, 13, 4, 5, 3, 5, 7),
(1009, '2011-05-07 22:51:01', 'SYSTEM', '2012-05-05 07:40:35', 'SYSTEM', 7, '2011-05-06 00:00:00', 28, 2, 263, 'N', 4, 8, 5, 6, 4, 4, 5, 4, 6),
(1010, '2011-05-07 22:51:01', 'SYSTEM', '2012-04-11 07:24:01', 'SYSTEM', 10, '2011-05-06 00:00:00', 73, 2, 264, 'N', 7, 7, 6, 6, 6, 7, 3, 5, 4),
(1011, '2011-05-07 22:53:31', 'SYSTEM', '2012-05-05 07:40:35', 'SYSTEM', 7, '2011-05-06 00:00:00', 30, 2, 263, 'N', 3, 5, 5, 5, 5, 6, 6, 6, 3),
(1012, '2011-05-07 22:53:31', 'SYSTEM', '2012-04-11 07:24:01', 'SYSTEM', 15, '2011-05-06 00:00:00', 80, 2, 264, 'N', 5, 8, 5, 8, 5, 4, 3, 5, 6),
(1013, '2011-05-07 22:54:34', 'SYSTEM', '2012-05-05 07:40:35', 'SYSTEM', 8, '2011-05-06 00:00:00', 31, 2, 263, 'N', 4, 5, 6, 6, 6, 5, 4, 5, 5),
(1014, '2011-05-07 22:54:34', 'SYSTEM', '2012-04-11 07:24:01', 'SYSTEM', 17, '2011-05-06 00:00:00', 74, 2, 264, 'N', 6, 7, 6, 6, 8, 5, 5, 6, 5),
(1015, '2011-05-07 22:56:23', 'SYSTEM', '2011-05-07 23:01:55', 'SYSTEM', 13, '2011-05-06 00:00:00', 111, 2, 263, 'N', 6, 6, 5, 7, 7, 4, 6, 5, 4),
(1016, '2011-05-07 22:56:23', 'SYSTEM', '2012-04-11 07:24:01', 'SYSTEM', 19, '2011-05-06 00:00:00', 70, 2, 264, 'N', 4, 6, 7, 6, 7, 4, 5, 7, 6),
(1017, '2011-05-07 22:57:41', 'SYSTEM', '2012-05-15 09:54:33', 'SYSTEM', 4, '2011-05-06 00:00:00', 42, 2, 267, 'N', 4, 5, 5, 7, 4, 4, 4, 5, 5),
(1018, '2011-05-07 22:57:41', 'SYSTEM', '2012-04-11 07:15:35', 'SYSTEM', 12, '2011-05-06 00:00:00', 79, 2, 268, 'N', 6, 7, 5, 5, 5, 4, 5, 4, 4),
(1019, '2011-05-07 22:58:30', 'SYSTEM', '2012-05-15 09:54:33', 'SYSTEM', 5, '2011-05-06 00:00:00', 41, 2, 267, 'N', 4, 5, 4, 6, 6, 5, 4, 4, 4),
(1020, '2011-05-07 22:58:30', 'SYSTEM', '2012-04-11 07:15:35', 'SYSTEM', 15, '2011-05-06 00:00:00', 77, 2, 268, 'N', 5, 6, 4, 7, 6, 8, 4, 7, 5),
(1021, '2011-05-07 23:00:54', 'SYSTEM', '2012-05-15 09:54:33', 'SYSTEM', 7, '2011-05-06 00:00:00', 40, 2, 267, 'N', 4, 7, 4, 6, 5, 5, 4, 4, 5),
(1022, '2011-05-07 23:00:54', 'SYSTEM', '2011-05-07 23:01:55', 'SYSTEM', 16, '2011-05-06 00:00:00', 103, 2, 268, 'N', 3, 7, 7, 5, 5, 7, 4, 7, 6),
(1023, '2011-05-07 23:01:55', 'SYSTEM', '2012-05-15 09:54:33', 'SYSTEM', 17, '2011-05-06 00:00:00', 53, 2, 267, 'N', 6, 9, 14, 12, 5, 5, 4, 7, 5),
(1024, '2011-05-07 23:01:55', 'SYSTEM', '2011-05-07 23:01:55', 'SYSTEM', 17, '2011-05-06 00:00:00', 94, 2, 268, 'N', 5, 8, 6, 8, 5, 6, 5, 5, 4),
(1025, '2011-05-14 06:52:05', 'SYSTEM', '2012-04-11 06:39:17', 'SYSTEM', 10, '2011-05-13 00:00:00', 33, 1, 269, 'N', 5, 5, 7, 6, 3, 5, 5, 3, 5),
(1026, '2011-05-14 06:52:05', 'SYSTEM', '2011-06-14 10:31:43', 'SYSTEM', 8, '2011-05-13 00:00:00', 1, 1, 270, 'N', 5, 3, 4, 5, 4, 6, 6, 4, 5),
(1027, '2011-05-14 06:52:43', 'SYSTEM', '2012-04-11 06:39:17', 'SYSTEM', 10, '2011-05-13 00:00:00', 37, 1, 269, 'N', 6, 4, 7, 6, 5, 6, 5, 3, 6),
(1028, '2011-05-14 06:52:43', 'SYSTEM', '2011-06-14 10:31:43', 'SYSTEM', 11, '2011-05-13 00:00:00', 2, 1, 270, 'N', 6, 4, 5, 5, 4, 6, 5, 5, 6),
(1029, '2011-05-14 06:53:31', 'SYSTEM', '2011-06-22 18:56:45', 'SYSTEM', 11, '2011-05-13 00:00:00', 35, 1, 269, 'N', 5, 4, 5, 8, 4, 8, 7, 3, 6),
(1030, '2011-05-14 06:53:31', 'SYSTEM', '2011-06-14 10:31:43', 'SYSTEM', 11, '2011-05-13 00:00:00', 6, 1, 270, 'N', 6, 7, 6, 6, 3, 7, 7, 4, 6),
(1031, '2011-05-14 06:54:16', 'SYSTEM', '2012-04-11 06:39:17', 'SYSTEM', 17, '2011-05-13 00:00:00', 34, 1, 269, 'N', 7, 5, 7, 5, 6, 7, 7, 3, 8),
(1032, '2011-05-14 06:54:16', 'SYSTEM', '2011-06-14 10:31:43', 'SYSTEM', 16, '2011-05-13 00:00:00', 90, 1, 270, 'N', 11, 5, 7, 8, 6, 7, 6, 6, 7),
(1033, '2011-05-14 06:58:37', 'SYSTEM', '2012-04-11 07:15:35', 'SYSTEM', 6, '2011-05-13 00:00:00', 78, 1, 271, 'N', 4, 6, 3, 5, 3, 6, 5, 3, 4),
(1034, '2011-05-14 06:58:37', 'SYSTEM', '2012-04-11 07:15:35', 'SYSTEM', 11, '2011-05-13 00:00:00', 79, 1, 272, 'N', 8, 4, 7, 7, 5, 4, 7, 4, 6),
(1035, '2011-05-14 06:59:28', 'SYSTEM', '2012-05-12 06:59:39', 'SYSTEM', 12, '2011-05-13 00:00:00', 56, 1, 271, 'N', 6, 4, 6, 8, 5, 4, 5, 4, 6),
(1036, '2011-05-14 06:59:29', 'SYSTEM', '2012-04-11 07:15:35', 'SYSTEM', 16, '2011-05-13 00:00:00', 77, 1, 272, 'N', 6, 4, 5, 6, 4, 4, 5, 4, 6),
(1037, '2011-05-14 07:01:00', 'SYSTEM', '2012-05-12 06:59:39', 'SYSTEM', 15, '2011-05-13 00:00:00', 58, 1, 271, 'N', 6, 4, 5, 6, 4, 6, 8, 4, 5),
(1038, '2011-05-14 07:01:00', 'SYSTEM', '2011-05-14 07:23:39', 'SYSTEM', 15, '2011-05-13 00:00:00', 103, 1, 272, 'N', 5, 4, 7, 5, 7, 7, 7, 3, 5),
(1039, '2011-05-14 07:01:44', 'SYSTEM', '2012-05-12 06:59:39', 'SYSTEM', 15, '2011-05-13 00:00:00', 55, 1, 271, 'N', 7, 4, 6, 6, 3, 5, 7, 4, 5),
(1040, '2011-05-14 07:01:44', 'SYSTEM', '2011-05-14 07:23:39', 'SYSTEM', 16, '2011-05-13 00:00:00', 94, 1, 272, 'N', 7, 4, 5, 7, 5, 6, 6, 4, 7),
(1041, '2011-05-14 07:02:45', 'SYSTEM', '2012-05-05 07:40:35', 'SYSTEM', 6, '2011-05-13 00:00:00', 30, 1, 277, 'N', 6, 4, 7, 7, 4, 6, 4, 4, 6),
(1042, '2011-05-14 07:02:45', 'SYSTEM', '2012-04-12 06:09:10', 'SYSTEM', 8, '2011-05-13 00:00:00', 8, 1, 278, 'N', 5, 5, 4, 5, 4, 7, 5, 4, 6),
(1043, '2011-05-14 07:03:54', 'SYSTEM', '2012-05-05 07:40:35', 'SYSTEM', 6, '2011-05-13 00:00:00', 29, 1, 277, 'N', 5, 3, 5, 5, 4, 6, 5, 4, 5),
(1044, '2011-05-14 07:03:54', 'SYSTEM', '2012-04-11 07:24:45', 'SYSTEM', 12, '2011-05-13 00:00:00', 105, 1, 278, 'N', 6, 5, 6, 5, 4, 7, 6, 4, 9),
(1045, '2011-05-14 07:04:39', 'SYSTEM', '2012-05-05 07:40:35', 'SYSTEM', 8, '2011-05-13 00:00:00', 28, 1, 277, 'N', 4, 3, 6, 6, 3, 5, 5, 4, 5),
(1046, '2011-05-14 07:04:39', 'SYSTEM', '2012-04-12 06:09:10', 'SYSTEM', 14, '2011-05-13 00:00:00', 7, 1, 278, 'N', 5, 4, 6, 7, 4, 7, 6, 4, 8),
(1047, '2011-05-14 07:05:34', 'SYSTEM', '2012-04-22 09:43:52', 'SYSTEM', 10, '2011-05-13 00:00:00', 27, 1, 277, 'N', 5, 4, 4, 5, 3, 6, 5, 4, 6),
(1048, '2011-05-14 07:05:34', 'SYSTEM', '2012-04-12 06:09:10', 'SYSTEM', 14, '2011-05-13 00:00:00', 104, 1, 278, 'N', 6, 6, 5, 6, 4, 7, 8, 3, 8),
(1049, '2011-05-14 07:06:35', 'SYSTEM', '2011-05-14 07:23:39', 'SYSTEM', 8, '2011-05-13 00:00:00', 50, 2, 273, 'N', 3, 6, 5, 5, 5, 7, 4, 6, 5),
(1050, '2011-05-14 07:06:35', 'SYSTEM', '2011-05-14 07:23:39', 'SYSTEM', 8, '2011-05-13 00:00:00', 64, 2, 274, 'N', 4, 7, 6, 6, 6, 6, 6, 7, 4);
INSERT INTO `STJ_WEEKLY_SCORE` (`WEEKLY_SCORE_ID`, `CRTN_DT`, `CRTN_USER_ID`, `LAST_UPTD_DT`, `LAST_UPTD_USER_ID`, `HANDICAP`, `SCORE_DATE`, `PLAYER_ID`, `SIDE_ID`, `TEAM_SCORE_ID`, `GHOST_FLG`, `HOLE_1_SCORE`, `HOLE_2_SCORE`, `HOLE_3_SCORE`, `HOLE_4_SCORE`, `HOLE_5_SCORE`, `HOLE_6_SCORE`, `HOLE_7_SCORE`, `HOLE_8_SCORE`, `HOLE_9_SCORE`) VALUES
(1051, '2011-05-14 07:07:19', 'SYSTEM', '2011-05-14 07:23:39', 'SYSTEM', 10, '2011-05-13 00:00:00', 47, 2, 273, 'N', 4, 7, 6, 7, 6, 7, 3, 4, 4),
(1052, '2011-05-14 07:07:19', 'SYSTEM', '2011-05-14 07:23:39', 'SYSTEM', 12, '2011-05-13 00:00:00', 65, 2, 274, 'N', 6, 6, 5, 5, 5, 6, 4, 6, 4),
(1053, '2011-05-14 07:07:58', 'SYSTEM', '2011-05-14 07:23:39', 'SYSTEM', 19, '2011-05-13 00:00:00', 46, 2, 273, 'N', 5, 7, 5, 6, 6, 7, 4, 6, 5),
(1054, '2011-05-14 07:07:58', 'SYSTEM', '2011-05-14 07:23:39', 'SYSTEM', 14, '2011-05-13 00:00:00', 61, 2, 274, 'N', 6, 6, 7, 7, 5, 5, 6, 5, 5),
(1055, '2011-05-14 07:09:21', 'SYSTEM', '2011-05-14 07:23:39', 'SYSTEM', 24, '2011-05-13 00:00:00', 48, 2, 273, 'N', 4, 8, 10, 6, 4, 7, 5, 5, 7),
(1056, '2011-05-14 07:09:21', 'SYSTEM', '2011-05-14 07:23:39', 'SYSTEM', 14, '2011-05-13 00:00:00', 62, 2, 274, 'N', 4, 7, 7, 7, 5, 5, 5, 6, 6),
(1057, '2011-05-14 07:12:06', 'SYSTEM', '2011-05-14 07:23:39', 'SYSTEM', 7, '2011-05-13 00:00:00', 16, 2, 275, 'N', 3, 8, 5, 6, 9, 4, 2, 5, 5),
(1058, '2011-05-14 07:12:06', 'SYSTEM', '2012-05-15 09:54:33', 'SYSTEM', 4, '2011-05-13 00:00:00', 42, 2, 276, 'N', 4, 8, 4, 5, 6, 5, 3, 4, 4),
(1059, '2011-05-14 07:14:29', 'SYSTEM', '2011-05-14 07:23:39', 'SYSTEM', 9, '2011-05-13 00:00:00', 21, 2, 275, 'N', 4, 7, 4, 7, 6, 4, 3, 7, 7),
(1060, '2011-05-14 07:14:29', 'SYSTEM', '2012-05-15 09:54:33', 'SYSTEM', 5, '2011-05-13 00:00:00', 41, 2, 276, 'N', 4, 8, 5, 6, 5, 5, 3, 6, 3),
(1061, '2011-05-14 07:15:26', 'SYSTEM', '2011-05-14 07:23:39', 'SYSTEM', 12, '2011-05-13 00:00:00', 20, 2, 275, 'N', 7, 7, 6, 6, 5, 6, 4, 5, 5),
(1062, '2011-05-14 07:15:26', 'SYSTEM', '2012-03-21 22:39:23', 'SYSTEM', 17, '2011-05-13 00:00:00', 92, 2, 276, 'N', 4, 7, 8, 6, 8, 6, 3, 8, 5),
(1063, '2011-05-14 07:16:18', 'SYSTEM', '2011-05-14 07:23:39', 'SYSTEM', 13, '2011-05-13 00:00:00', 88, 2, 275, 'N', 6, 11, 7, 7, 8, 7, 4, 5, 5),
(1064, '2011-05-14 07:16:18', 'SYSTEM', '2012-05-15 09:54:33', 'SYSTEM', 19, '2011-05-13 00:00:00', 53, 2, 276, 'N', 5, 8, 5, 10, 9, 10, 5, 6, 6),
(1065, '2011-05-14 07:18:34', 'SYSTEM', '2012-04-12 06:22:16', 'SYSTEM', 5, '2011-05-13 00:00:00', 97, 2, 279, 'N', 3, 6, 6, 6, 5, 7, 3, 4, 5),
(1066, '2011-05-14 07:18:34', 'SYSTEM', '2012-04-11 07:24:01', 'SYSTEM', 10, '2011-05-13 00:00:00', 73, 2, 280, 'N', 5, 6, 4, 6, 6, 5, 4, 6, 4),
(1067, '2011-05-14 07:19:34', 'SYSTEM', '2012-04-12 06:22:16', 'SYSTEM', 8, '2011-05-13 00:00:00', 96, 2, 279, 'N', 7, 8, 4, 8, 5, 5, 3, 6, 6),
(1068, '2011-05-14 07:19:34', 'SYSTEM', '2012-04-11 07:24:01', 'SYSTEM', 16, '2011-05-13 00:00:00', 74, 2, 280, 'N', 5, 7, 9, 9, 8, 6, 6, 6, 7),
(1069, '2011-05-14 07:21:25', 'SYSTEM', '2012-04-12 06:22:16', 'SYSTEM', 9, '2011-05-13 00:00:00', 98, 2, 279, 'N', 4, 5, 6, 5, 5, 5, 3, 6, 8),
(1070, '2011-05-14 07:21:25', 'SYSTEM', '2012-04-11 07:24:01', 'SYSTEM', 18, '2011-05-13 00:00:00', 71, 2, 280, 'N', 4, 7, 5, 8, 8, 7, 5, 5, 6),
(1071, '2011-05-14 07:23:39', 'SYSTEM', '2012-04-12 06:22:16', 'SYSTEM', 18, '2011-05-13 00:00:00', 99, 2, 279, 'N', 6, 6, 5, 6, 7, 6, 4, 5, 6),
(1072, '2011-05-14 07:23:39', 'SYSTEM', '2012-04-11 07:24:01', 'SYSTEM', 18, '2011-05-13 00:00:00', 68, 2, 280, 'N', 8, 7, 5, 10, 5, 6, 6, 7, 6),
(1073, '2011-06-02 14:42:24', 'SYSTEM', '2012-04-11 07:24:01', 'SYSTEM', 14, '2011-05-27 00:00:00', 80, 1, 293, 'N', 5, 4, 6, 8, 7, 8, 7, 5, 7),
(1074, '2011-06-02 14:42:24', 'SYSTEM', '2012-04-12 06:09:10', 'SYSTEM', 6, '2011-05-27 00:00:00', 10, 1, 294, 'N', 6, 5, 6, 8, 3, 5, 4, 4, 8),
(1075, '2011-06-02 14:43:52', 'SYSTEM', '2012-04-11 07:24:01', 'SYSTEM', 17, '2011-05-27 00:00:00', 71, 1, 293, 'N', 8, 6, 6, 7, 4, 6, 6, 6, 6),
(1076, '2011-06-02 14:43:52', 'SYSTEM', '2012-04-12 06:09:10', 'SYSTEM', 8, '2011-05-27 00:00:00', 8, 1, 294, 'N', 4, 4, 7, 5, 4, 5, 5, 3, 7),
(1077, '2011-06-02 14:44:56', 'SYSTEM', '2012-04-11 07:24:01', 'SYSTEM', 18, '2011-05-27 00:00:00', 74, 1, 293, 'N', 6, 3, 6, 8, 4, 6, 6, 3, 9),
(1078, '2011-06-02 14:44:56', 'SYSTEM', '2012-04-11 07:24:45', 'SYSTEM', 14, '2011-05-27 00:00:00', 105, 1, 294, 'N', 5, 4, 6, 6, 5, 5, 6, 6, 5),
(1079, '2011-06-02 14:46:36', 'SYSTEM', '2012-04-11 07:24:01', 'SYSTEM', 18, '2011-05-27 00:00:00', 70, 1, 293, 'N', 9, 7, 7, 6, 5, 8, 6, 5, 10),
(1080, '2011-06-02 14:46:36', 'SYSTEM', '2012-04-12 06:09:10', 'SYSTEM', 15, '2011-05-27 00:00:00', 104, 1, 294, 'N', 6, 2, 4, 8, 7, 7, 5, 3, 6),
(1081, '2011-06-02 14:48:01', 'SYSTEM', '2012-04-11 06:39:17', 'SYSTEM', 8, '2011-05-27 00:00:00', 38, 1, 295, 'N', 5, 6, 6, 5, 4, 7, 4, 5, 5),
(1082, '2011-06-02 14:48:01', 'SYSTEM', '2011-06-02 15:13:09', 'SYSTEM', 3, '2011-05-27 00:00:00', 51, 1, 296, 'N', 5, 4, 4, 6, 3, 5, 4, 3, 5),
(1083, '2011-06-02 14:48:40', 'SYSTEM', '2012-04-11 06:39:17', 'SYSTEM', 11, '2011-05-27 00:00:00', 37, 1, 295, 'N', 5, 4, 6, 6, 5, 6, 5, 4, 6),
(1084, '2011-06-02 14:48:40', 'SYSTEM', '2011-06-02 15:13:09', 'SYSTEM', 9, '2011-05-27 00:00:00', 50, 1, 296, 'N', 4, 4, 5, 4, 3, 6, 4, 3, 5),
(1085, '2011-06-02 14:49:28', 'SYSTEM', '2011-06-22 18:56:45', 'SYSTEM', 12, '2011-05-27 00:00:00', 35, 1, 295, 'N', 6, 4, 6, 6, 5, 6, 6, 3, 5),
(1086, '2011-06-02 14:49:28', 'SYSTEM', '2011-06-02 15:13:09', 'SYSTEM', 10, '2011-05-27 00:00:00', 52, 1, 296, 'N', 6, 4, 7, 5, 4, 6, 5, 4, 6),
(1087, '2011-06-02 14:50:15', 'SYSTEM', '2011-06-22 18:56:45', 'SYSTEM', 17, '2011-05-27 00:00:00', 85, 1, 295, 'N', 6, 4, 6, 5, 4, 6, 5, 5, 8),
(1088, '2011-06-02 14:50:15', 'SYSTEM', '2011-06-02 15:13:09', 'SYSTEM', 11, '2011-05-27 00:00:00', 47, 1, 296, 'N', 6, 4, 10, 5, 5, 6, 5, 5, 6),
(1089, '2011-06-02 14:51:37', 'SYSTEM', '2011-06-02 15:13:09', 'SYSTEM', 8, '2011-05-27 00:00:00', 15, 1, 301, 'N', 5, 5, 5, 5, 3, 5, 5, 3, 5),
(1090, '2011-06-02 14:51:37', 'SYSTEM', '2012-04-11 07:15:35', 'SYSTEM', 11, '2011-05-27 00:00:00', 79, 1, 302, 'N', 5, 5, 4, 5, 5, 6, 5, 4, 7),
(1091, '2011-06-02 14:52:37', 'SYSTEM', '2011-06-02 15:13:09', 'SYSTEM', 8, '2011-05-27 00:00:00', 16, 1, 301, 'N', 4, 5, 7, 5, 2, 5, 6, 3, 4),
(1092, '2011-06-02 14:52:37', 'SYSTEM', '2012-04-11 07:15:35', 'SYSTEM', 14, '2011-05-27 00:00:00', 77, 1, 302, 'N', 4, 4, 6, 6, 4, 7, 5, 4, 7),
(1093, '2011-06-02 14:53:40', 'SYSTEM', '2011-06-02 15:13:09', 'SYSTEM', 14, '2011-05-27 00:00:00', 19, 1, 301, 'N', 4, 6, 4, 6, 5, 5, 5, 4, 6),
(1094, '2011-06-02 14:53:40', 'SYSTEM', '2011-06-02 15:13:09', 'SYSTEM', 15, '2011-05-27 00:00:00', 103, 1, 302, 'N', 6, 4, 6, 6, 4, 7, 9, 5, 10),
(1095, '2011-06-02 14:54:21', 'SYSTEM', '2011-06-02 15:13:09', 'SYSTEM', 15, '2011-05-27 00:00:00', 18, 1, 301, 'N', 5, 5, 8, 6, 4, 8, 7, 4, 10),
(1096, '2011-06-02 14:54:21', 'SYSTEM', '2011-06-02 15:13:09', 'SYSTEM', 16, '2011-05-27 00:00:00', 94, 1, 302, 'N', 4, 4, 7, 6, 4, 6, 6, 4, 5),
(1097, '2011-06-02 14:56:56', 'SYSTEM', '2012-05-05 07:40:35', 'SYSTEM', 7, '2011-05-27 00:00:00', 29, 2, 297, 'N', 4, 5, 4, 5, 5, 3, 5, 5, 4),
(1098, '2011-06-02 14:56:56', 'SYSTEM', '2012-04-12 06:22:16', 'SYSTEM', 6, '2011-05-27 00:00:00', 97, 2, 298, 'N', 4, 6, 5, 4, 5, 6, 4, 6, 4),
(1099, '2011-06-02 14:57:39', 'SYSTEM', '2012-05-05 07:40:35', 'SYSTEM', 8, '2011-05-27 00:00:00', 28, 2, 297, 'N', 4, 5, 4, 5, 4, 4, 3, 5, 5),
(1100, '2011-06-02 14:57:39', 'SYSTEM', '2012-04-12 06:22:16', 'SYSTEM', 10, '2011-05-27 00:00:00', 100, 2, 298, 'N', 4, 6, 5, 5, 5, 6, 3, 6, 4),
(1101, '2011-06-02 14:58:33', 'SYSTEM', '2012-05-05 07:40:35', 'SYSTEM', 9, '2011-05-27 00:00:00', 30, 2, 297, 'N', 4, 6, 5, 6, 6, 5, 6, 6, 4),
(1102, '2011-06-02 14:58:33', 'SYSTEM', '2012-04-12 06:22:16', 'SYSTEM', 16, '2011-05-27 00:00:00', 99, 2, 298, 'N', 4, 6, 8, 6, 6, 4, 5, 5, 7),
(1103, '2011-06-02 14:59:26', 'SYSTEM', '2012-04-22 09:43:52', 'SYSTEM', 9, '2011-05-27 00:00:00', 27, 2, 297, 'N', 5, 8, 6, 6, 6, 4, 4, 5, 4),
(1104, '2011-06-02 14:59:26', 'SYSTEM', '2012-04-12 06:22:16', 'SYSTEM', 19, '2011-05-27 00:00:00', 101, 2, 298, 'N', 5, 7, 7, 7, 7, 6, 6, 9, 6),
(1105, '2011-06-02 15:00:52', 'SYSTEM', '2011-06-14 10:31:43', 'SYSTEM', 9, '2011-05-27 00:00:00', 2, 2, 299, 'N', 4, 7, 6, 6, 5, 6, 5, 5, 7),
(1106, '2011-06-02 15:00:52', 'SYSTEM', '2011-06-02 15:13:09', 'SYSTEM', 10, '2011-05-27 00:00:00', 64, 2, 300, 'N', 3, 9, 5, 5, 6, 5, 6, 5, 5),
(1107, '2011-06-02 15:01:39', 'SYSTEM', '2011-06-14 10:31:43', 'SYSTEM', 11, '2011-05-27 00:00:00', 3, 2, 299, 'N', 4, 5, 5, 5, 5, 5, 5, 4, 5),
(1108, '2011-06-02 15:01:39', 'SYSTEM', '2011-06-02 15:13:09', 'SYSTEM', 13, '2011-05-27 00:00:00', 67, 2, 300, 'N', 3, 8, 5, 6, 6, 6, 4, 6, 4),
(1109, '2011-06-02 15:03:11', 'SYSTEM', '2011-06-14 10:31:43', 'SYSTEM', 11, '2011-05-27 00:00:00', 6, 2, 299, 'N', 3, 9, 6, 9, 6, 4, 4, 6, 5),
(1110, '2011-06-02 15:03:11', 'SYSTEM', '2011-06-02 15:13:09', 'SYSTEM', 15, '2011-05-27 00:00:00', 62, 2, 300, 'N', 4, 7, 5, 6, 6, 8, 5, 5, 8),
(1111, '2011-06-02 15:05:41', 'SYSTEM', '2011-06-14 10:31:43', 'SYSTEM', 18, '2011-05-27 00:00:00', 90, 2, 299, 'N', 5, 8, 5, 5, 6, 5, 9, 6, 4),
(1112, '2011-06-02 15:05:41', 'SYSTEM', '2011-06-02 15:13:09', 'SYSTEM', 16, '2011-05-27 00:00:00', 60, 2, 300, 'N', 7, 8, 7, 7, 5, 5, 6, 5, 8),
(1113, '2011-06-02 15:09:25', 'SYSTEM', '2012-05-15 09:54:33', 'SYSTEM', 5, '2011-05-27 00:00:00', 42, 2, 303, 'N', 3, 5, 6, 7, 4, 3, 4, 3, 5),
(1114, '2011-06-02 15:09:25', 'SYSTEM', '2012-04-11 07:15:35', 'SYSTEM', 10, '2011-05-27 00:00:00', 76, 2, 304, 'N', 3, 7, 6, 5, 5, 5, 4, 5, 5),
(1115, '2011-06-02 15:11:09', 'SYSTEM', '2012-05-15 09:54:33', 'SYSTEM', 6, '2011-05-27 00:00:00', 41, 2, 303, 'N', 3, 6, 5, 5, 4, 4, 4, 4, 5),
(1116, '2011-06-02 15:11:09', 'SYSTEM', '2012-05-12 06:59:39', 'SYSTEM', 12, '2011-05-27 00:00:00', 56, 2, 304, 'N', 5, 7, 5, 7, 6, 4, 4, 5, 5),
(1117, '2011-06-02 15:11:54', 'SYSTEM', '2012-05-15 09:54:33', 'SYSTEM', 7, '2011-05-27 00:00:00', 40, 2, 303, 'N', 4, 5, 7, 5, 7, 4, 3, 5, 6),
(1118, '2011-06-02 15:11:54', 'SYSTEM', '2012-05-12 06:59:39', 'SYSTEM', 15, '2011-05-27 00:00:00', 55, 2, 304, 'N', 3, 8, 7, 8, 6, 6, 4, 6, 6),
(1119, '2011-06-02 15:13:09', 'SYSTEM', '2012-03-21 22:39:23', 'SYSTEM', 17, '2011-05-27 00:00:00', 92, 2, 303, 'N', 4, 6, 8, 7, 8, 5, 5, 8, 5),
(1120, '2011-06-02 15:13:09', 'SYSTEM', '2012-05-12 06:59:39', 'SYSTEM', 15, '2011-05-27 00:00:00', 58, 2, 304, 'N', 3, 8, 7, 6, 6, 6, 3, 7, 5),
(1121, '2011-06-04 05:21:46', 'SYSTEM', '2011-06-04 06:04:23', 'SYSTEM', 7, '2011-06-03 00:00:00', 50, 1, 305, 'N', 4, 5, 5, 6, 3, 5, 6, 3, 4),
(1122, '2011-06-04 05:21:46', 'SYSTEM', '2012-04-11 07:15:35', 'SYSTEM', 12, '2011-06-03 00:00:00', 79, 1, 306, 'N', 6, 4, 7, 7, 4, 5, 5, 5, 6),
(1123, '2011-06-04 05:24:39', 'SYSTEM', '2011-06-04 06:04:23', 'SYSTEM', 12, '2011-06-03 00:00:00', 47, 1, 305, 'N', 5, 3, 8, 5, 4, 7, 5, 4, 7),
(1124, '2011-06-04 05:24:39', 'SYSTEM', '2012-04-11 07:15:35', 'SYSTEM', 13, '2011-06-03 00:00:00', 77, 1, 306, 'N', 6, 5, 5, 5, 3, 7, 6, 3, 7),
(1125, '2011-06-04 05:25:28', 'SYSTEM', '2011-06-04 06:04:23', 'SYSTEM', 19, '2011-06-03 00:00:00', 46, 1, 305, 'N', 5, 5, 5, 6, 5, 7, 6, 5, 5),
(1126, '2011-06-04 05:25:28', 'SYSTEM', '2011-06-04 06:04:23', 'SYSTEM', 15, '2011-06-03 00:00:00', 94, 1, 306, 'N', 6, 4, 6, 8, 4, 7, 5, 3, 6),
(1127, '2011-06-04 05:26:17', 'SYSTEM', '2011-06-04 06:04:23', 'SYSTEM', 24, '2011-06-03 00:00:00', 48, 1, 305, 'N', 7, 5, 10, 6, 6, 7, 8, 6, 7),
(1128, '2011-06-04 05:26:17', 'SYSTEM', '2011-06-04 06:04:23', 'SYSTEM', 16, '2011-06-03 00:00:00', 103, 1, 306, 'N', 7, 5, 6, 5, 5, 7, 4, 3, 8),
(1129, '2011-06-04 05:28:51', 'SYSTEM', '2011-06-04 06:04:23', 'SYSTEM', 15, '2011-06-03 00:00:00', 61, 1, 307, 'N', 6, 4, 7, 5, 5, 7, 5, 3, 6),
(1130, '2011-06-04 05:28:51', 'SYSTEM', '2012-04-12 06:22:16', 'SYSTEM', 9, '2011-06-03 00:00:00', 100, 1, 308, 'N', 6, 4, 4, 6, 4, 6, 6, 4, 6),
(1131, '2011-06-04 05:29:34', 'SYSTEM', '2011-06-04 06:04:23', 'SYSTEM', 15, '2011-06-03 00:00:00', 62, 1, 307, 'N', 6, 6, 7, 5, 4, 8, 7, 4, 6),
(1132, '2011-06-04 05:29:34', 'SYSTEM', '2012-04-12 06:22:16', 'SYSTEM', 9, '2011-06-03 00:00:00', 109, 1, 308, 'N', 6, 3, 5, 4, 3, 6, 5, 4, 5),
(1133, '2011-06-04 05:31:09', 'SYSTEM', '2011-06-04 06:04:23', 'SYSTEM', 15, '2011-06-03 00:00:00', 59, 1, 307, 'N', 7, 6, 7, 6, 4, 7, 7, 4, 5),
(1134, '2011-06-04 05:31:09', 'SYSTEM', '2011-06-04 06:04:23', 'SYSTEM', 11, '2011-06-03 00:00:00', 64, 1, 308, 'N', 5, 5, 4, 6, 3, 8, 6, 5, 5),
(1135, '2011-06-04 05:32:18', 'SYSTEM', '2011-06-04 06:04:23', 'SYSTEM', 25, '2011-06-03 00:00:00', 66, 1, 307, 'N', 7, 5, 10, 6, 4, 10, 7, 5, 8),
(1136, '2011-06-04 05:32:18', 'SYSTEM', '2012-04-12 06:22:16', 'SYSTEM', 12, '2011-06-03 00:00:00', 110, 1, 308, 'N', 5, 4, 6, 5, 5, 6, 5, 4, 5),
(1137, '2011-06-04 05:34:20', 'SYSTEM', '2011-06-14 10:31:43', 'SYSTEM', 8, '2011-06-03 00:00:00', 1, 1, 313, 'N', 5, 3, 5, 4, 4, 6, 4, 4, 6),
(1138, '2011-06-04 05:34:20', 'SYSTEM', '2012-04-11 07:15:35', 'SYSTEM', 5, '2011-06-03 00:00:00', 78, 1, 314, 'N', 4, 4, 5, 5, 2, 6, 4, 4, 5),
(1139, '2011-06-04 05:35:01', 'SYSTEM', '2011-06-14 10:31:43', 'SYSTEM', 13, '2011-06-03 00:00:00', 6, 1, 313, 'N', 5, 4, 5, 7, 6, 6, 6, 4, 6),
(1140, '2011-06-04 05:35:01', 'SYSTEM', '2012-05-12 06:59:39', 'SYSTEM', 7, '2011-06-03 00:00:00', 107, 1, 314, 'N', 6, 3, 6, 4, 4, 5, 5, 3, 5),
(1141, '2011-06-04 05:35:46', 'SYSTEM', '2012-05-12 06:59:39', 'SYSTEM', 15, '2011-06-03 00:00:00', 55, 1, 313, 'N', 6, 5, 6, 4, 5, 7, 5, 5, 7),
(1142, '2011-06-04 05:35:46', 'SYSTEM', '2012-05-12 06:59:39', 'SYSTEM', 13, '2011-06-03 00:00:00', 56, 1, 314, 'N', 6, 4, 8, 7, 3, 6, 6, 4, 8),
(1143, '2011-06-04 05:36:54', 'SYSTEM', '2011-06-14 10:31:43', 'SYSTEM', 18, '2011-06-03 00:00:00', 90, 1, 313, 'N', 5, 4, 5, 6, 3, 8, 5, 4, 7),
(1144, '2011-06-04 05:36:54', 'SYSTEM', '2012-05-12 06:59:39', 'SYSTEM', 16, '2011-06-03 00:00:00', 57, 1, 314, 'N', 5, 6, 5, 7, 2, 6, 5, 3, 5),
(1145, '2011-06-04 05:38:56', 'SYSTEM', '2012-04-11 06:39:17', 'SYSTEM', 6, '2011-06-03 00:00:00', 39, 2, 309, 'N', 4, 6, 7, 5, 5, 4, 4, 5, 5),
(1146, '2011-06-04 05:38:56', 'SYSTEM', '2011-06-04 06:04:23', 'SYSTEM', 9, '2011-06-03 00:00:00', 83, 2, 310, 'N', 4, 7, 6, 6, 5, 4, 4, 4, 6),
(1147, '2011-06-04 05:44:03', 'SYSTEM', '2011-06-22 18:56:45', 'SYSTEM', 12, '2011-06-03 00:00:00', 35, 2, 309, 'N', 3, 7, 5, 6, 6, 4, 4, 6, 7),
(1148, '2011-06-04 05:44:03', 'SYSTEM', '2012-04-11 07:24:01', 'SYSTEM', 17, '2011-06-03 00:00:00', 71, 2, 310, 'N', 4, 7, 6, 6, 7, 4, 3, 5, 7),
(1149, '2011-06-04 05:45:59', 'SYSTEM', '2012-04-11 06:39:17', 'SYSTEM', 17, '2011-06-03 00:00:00', 34, 2, 309, 'N', 3, 8, 8, 7, 9, 8, 5, 5, 6),
(1150, '2011-06-04 05:45:59', 'SYSTEM', '2012-04-11 07:24:01', 'SYSTEM', 21, '2011-06-03 00:00:00', 70, 2, 310, 'N', 7, 7, 8, 6, 7, 8, 4, 6, 5),
(1151, '2011-06-04 05:46:51', 'SYSTEM', '2012-04-11 06:39:17', 'SYSTEM', 9, '2011-06-03 00:00:00', 33, 2, 309, 'N', 3, 7, 4, 6, 6, 5, 3, 6, 4),
(1152, '2011-06-04 05:46:51', 'SYSTEM', '2012-04-11 07:24:01', 'SYSTEM', 14, '2011-06-03 00:00:00', 80, 2, 310, 'N', 6, 9, 8, 7, 8, 4, 4, 7, 7),
(1153, '2011-06-04 05:50:22', 'SYSTEM', '2012-05-05 07:40:35', 'SYSTEM', 6, '2011-06-03 00:00:00', 25, 2, 311, 'N', 4, 6, 4, 6, 6, 5, 3, 6, 6),
(1154, '2011-06-04 05:50:22', 'SYSTEM', '2012-05-15 09:54:33', 'SYSTEM', 6, '2011-06-03 00:00:00', 41, 2, 312, 'N', 3, 6, 5, 6, 5, 5, 4, 5, 7),
(1155, '2011-06-04 05:52:10', 'SYSTEM', '2012-05-05 07:40:35', 'SYSTEM', 7, '2011-06-03 00:00:00', 28, 2, 311, 'N', 4, 6, 5, 5, 5, 7, 7, 6, 6),
(1156, '2011-06-04 05:52:10', 'SYSTEM', '2012-05-15 09:54:33', 'SYSTEM', 7, '2011-06-03 00:00:00', 43, 2, 312, 'N', 4, 5, 5, 7, 5, 10, 4, 6, 6),
(1157, '2011-06-04 05:53:19', 'SYSTEM', '2012-05-05 07:40:35', 'SYSTEM', 9, '2011-06-03 00:00:00', 31, 2, 311, 'N', 3, 7, 5, 6, 5, 4, 3, 4, 5),
(1158, '2011-06-04 05:53:19', 'SYSTEM', '2012-03-21 22:39:23', 'SYSTEM', 17, '2011-06-03 00:00:00', 92, 2, 312, 'N', 3, 8, 10, 7, 8, 8, 6, 5, 6),
(1159, '2011-06-04 05:57:20', 'SYSTEM', '2012-05-05 07:40:35', 'SYSTEM', 16, '2011-06-03 00:00:00', 112, 2, 311, 'N', 3, 7, 7, 7, 5, 7, 6, 5, 7),
(1160, '2011-06-04 05:57:20', 'SYSTEM', '2012-05-15 09:54:33', 'SYSTEM', 19, '2011-06-03 00:00:00', 53, 2, 312, 'N', 6, 10, 9, 7, 6, 8, 3, 8, 10),
(1161, '2011-06-04 05:59:56', 'SYSTEM', '2012-04-12 06:09:10', 'SYSTEM', 7, '2011-06-03 00:00:00', 10, 2, 315, 'N', 5, 6, 4, 7, 5, 5, 4, 5, 5),
(1162, '2011-06-04 05:59:56', 'SYSTEM', '2011-06-04 06:04:23', 'SYSTEM', 7, '2011-06-03 00:00:00', 15, 2, 316, 'N', 4, 6, 5, 5, 6, 5, 3, 5, 4),
(1163, '2011-06-04 06:01:01', 'SYSTEM', '2012-04-12 06:09:10', 'SYSTEM', 14, '2011-06-03 00:00:00', 7, 2, 315, 'N', 5, 7, 6, 8, 5, 7, 4, 7, 7),
(1164, '2011-06-04 06:01:01', 'SYSTEM', '2011-06-04 06:04:23', 'SYSTEM', 8, '2011-06-03 00:00:00', 21, 2, 316, 'N', 4, 6, 6, 6, 6, 7, 4, 4, 5),
(1165, '2011-06-04 06:02:38', 'SYSTEM', '2011-06-04 06:04:23', 'SYSTEM', 15, '2011-06-03 00:00:00', 14, 2, 315, 'N', 4, 9, 7, 6, 5, 6, 5, 6, 8),
(1166, '2011-06-04 06:02:38', 'SYSTEM', '2011-06-04 06:04:23', 'SYSTEM', 15, '2011-06-03 00:00:00', 88, 2, 316, 'N', 5, 6, 6, 6, 6, 8, 4, 7, 7),
(1167, '2011-06-04 06:04:23', 'SYSTEM', '2012-04-12 06:09:10', 'SYSTEM', 35, '2011-06-03 00:00:00', 106, 2, 315, 'N', 4, 8, 10, 8, 8, 8, 6, 7, 8),
(1168, '2011-06-04 06:04:23', 'SYSTEM', '2011-06-04 06:04:23', 'SYSTEM', 16, '2011-06-03 00:00:00', 18, 2, 316, 'N', 5, 8, 8, 5, 6, 5, 6, 5, 6),
(1169, '2011-06-14 10:25:08', 'SYSTEM', '2012-04-11 07:15:35', 'SYSTEM', 9, '2011-06-10 00:00:00', 76, 1, 317, 'N', 4, 6, 5, 7, 3, 5, 4, 6, 8),
(1170, '2011-06-14 10:25:08', 'SYSTEM', '2012-04-12 06:22:16', 'SYSTEM', 8, '2011-06-10 00:00:00', 109, 1, 318, 'N', 4, 4, 7, 7, 3, 6, 5, 2, 6),
(1171, '2011-06-14 10:26:07', 'SYSTEM', '2012-05-12 06:59:39', 'SYSTEM', 15, '2011-06-10 00:00:00', 57, 1, 317, 'N', 7, 4, 8, 5, 4, 5, 6, 6, 7),
(1172, '2011-06-14 10:26:07', 'SYSTEM', '2012-04-12 06:22:16', 'SYSTEM', 9, '2011-06-10 00:00:00', 100, 1, 318, 'N', 4, 4, 5, 6, 3, 6, 7, 4, 4),
(1173, '2011-06-14 10:26:59', 'SYSTEM', '2012-05-12 06:59:39', 'SYSTEM', 15, '2011-06-10 00:00:00', 58, 1, 317, 'N', 4, 4, 6, 6, 5, 6, 5, 5, 6),
(1174, '2011-06-14 10:26:59', 'SYSTEM', '2012-04-12 06:22:16', 'SYSTEM', 9, '2011-06-10 00:00:00', 98, 1, 318, 'N', 5, 3, 5, 5, 4, 5, 5, 4, 7),
(1175, '2011-06-14 10:27:47', 'SYSTEM', '2012-05-12 06:59:39', 'SYSTEM', 16, '2011-06-10 00:00:00', 55, 1, 317, 'N', 5, 6, 8, 6, 4, 7, 6, 4, 4),
(1176, '2011-06-14 10:27:47', 'SYSTEM', '2012-04-12 06:22:16', 'SYSTEM', 15, '2011-06-10 00:00:00', 99, 1, 318, 'N', 6, 4, 5, 6, 4, 6, 5, 3, 6),
(1177, '2011-06-14 10:28:55', 'SYSTEM', '2011-06-14 10:51:21', 'SYSTEM', 10, '2011-06-10 00:00:00', 2, 1, 319, 'N', 6, 3, 6, 5, 6, 6, 6, 4, 5),
(1178, '2011-06-14 10:28:55', 'SYSTEM', '2012-05-15 09:54:33', 'SYSTEM', 5, '2011-06-10 00:00:00', 42, 1, 320, 'N', 5, 6, 5, 4, 3, 6, 5, 4, 6),
(1179, '2011-06-14 10:29:44', 'SYSTEM', '2011-06-14 10:51:21', 'SYSTEM', 10, '2011-06-10 00:00:00', 3, 1, 319, 'N', 4, 4, 6, 5, 4, 9, 4, 2, 5),
(1180, '2011-06-14 10:29:44', 'SYSTEM', '2012-05-15 09:54:33', 'SYSTEM', 7, '2011-06-10 00:00:00', 40, 1, 320, 'N', 5, 3, 5, 4, 3, 5, 4, 4, 6),
(1181, '2011-06-14 10:30:44', 'SYSTEM', '2012-05-12 06:59:39', 'SYSTEM', 14, '2011-06-10 00:00:00', 56, 1, 319, 'N', 4, 5, 5, 6, 5, 7, 6, 3, 4),
(1182, '2011-06-14 10:30:44', 'SYSTEM', '2012-05-15 09:54:33', 'SYSTEM', 7, '2011-06-10 00:00:00', 41, 1, 320, 'N', 4, 4, 5, 5, 2, 5, 5, 3, 5),
(1183, '2011-06-14 10:32:42', 'SYSTEM', '2011-06-14 10:51:21', 'SYSTEM', 9, '2011-06-10 00:00:00', 113, 1, 319, 'N', 5, 4, 4, 9, 3, 8, 4, 3, 5),
(1184, '2011-06-14 10:32:42', 'SYSTEM', '2012-05-15 09:54:33', 'SYSTEM', 8, '2011-06-10 00:00:00', 43, 1, 320, 'N', 5, 5, 5, 5, 3, 7, 6, 4, 6),
(1185, '2011-06-14 10:34:18', 'SYSTEM', '2011-06-14 10:51:21', 'SYSTEM', 3, '2011-06-10 00:00:00', 51, 1, 325, 'N', 4, 3, 5, 5, 3, 4, 4, 3, 5),
(1186, '2011-06-14 10:34:18', 'SYSTEM', '2011-06-14 10:51:21', 'SYSTEM', 7, '2011-06-10 00:00:00', 72, 1, 326, 'N', 4, 4, 7, 6, 5, 7, 6, 3, 6),
(1187, '2011-06-14 10:34:59', 'SYSTEM', '2011-06-14 10:51:21', 'SYSTEM', 9, '2011-06-10 00:00:00', 52, 1, 325, 'N', 5, 4, 8, 4, 3, 6, 5, 4, 7),
(1188, '2011-06-14 10:34:59', 'SYSTEM', '2011-06-14 10:51:21', 'SYSTEM', 9, '2011-06-10 00:00:00', 83, 1, 326, 'N', 4, 4, 4, 5, 4, 4, 5, 3, 6),
(1189, '2011-06-14 10:35:41', 'SYSTEM', '2011-06-14 10:51:21', 'SYSTEM', 17, '2011-06-10 00:00:00', 46, 1, 325, 'N', 6, 5, 6, 5, 4, 6, 6, 6, 7),
(1190, '2011-06-14 10:35:41', 'SYSTEM', '2012-04-11 07:24:01', 'SYSTEM', 10, '2011-06-10 00:00:00', 73, 1, 326, 'N', 3, 3, 5, 6, 3, 7, 4, 3, 4),
(1191, '2011-06-14 10:36:35', 'SYSTEM', '2011-06-14 10:51:21', 'SYSTEM', 24, '2011-06-10 00:00:00', 48, 1, 325, 'N', 7, 3, 9, 7, 5, 5, 4, 5, 7),
(1192, '2011-06-14 10:36:35', 'SYSTEM', '2012-04-11 07:24:01', 'SYSTEM', 16, '2011-06-10 00:00:00', 80, 1, 326, 'N', 5, 4, 6, 5, 3, 8, 3, 3, 6),
(1193, '2011-06-14 10:38:24', 'SYSTEM', '2012-04-12 06:22:16', 'SYSTEM', 6, '2011-06-10 00:00:00', 97, 2, 321, 'N', 3, 5, 5, 6, 5, 6, 4, 4, 4),
(1194, '2011-06-14 10:38:24', 'SYSTEM', '2012-04-11 07:15:35', 'SYSTEM', 12, '2011-06-10 00:00:00', 77, 2, 322, 'N', 5, 6, 7, 6, 7, 5, 4, 6, 6),
(1195, '2011-06-14 10:39:02', 'SYSTEM', '2012-04-12 06:09:10', 'SYSTEM', 14, '2011-06-10 00:00:00', 104, 2, 321, 'N', 5, 6, 6, 8, 6, 5, 6, 6, 4),
(1196, '2011-06-14 10:39:02', 'SYSTEM', '2012-04-11 07:15:35', 'SYSTEM', 12, '2011-06-10 00:00:00', 79, 2, 322, 'N', 4, 4, 4, 8, 6, 5, 3, 5, 5),
(1197, '2011-06-14 10:39:51', 'SYSTEM', '2012-04-12 06:09:10', 'SYSTEM', 15, '2011-06-10 00:00:00', 7, 2, 321, 'N', 4, 6, 7, 5, 6, 7, 3, 7, 7),
(1198, '2011-06-14 10:39:51', 'SYSTEM', '2011-06-14 10:51:21', 'SYSTEM', 14, '2011-06-10 00:00:00', 94, 2, 322, 'N', 4, 7, 8, 7, 5, 5, 5, 6, 6),
(1199, '2011-06-14 10:42:08', 'SYSTEM', '2011-06-14 10:51:21', 'SYSTEM', 15, '2011-06-10 00:00:00', 114, 2, 321, 'N', 7, 6, 7, 7, 7, 4, 3, 6, 6),
(1200, '2011-06-14 10:42:08', 'SYSTEM', '2011-06-14 10:51:21', 'SYSTEM', 15, '2011-06-10 00:00:00', 103, 2, 322, 'N', 5, 8, 7, 8, 7, 6, 4, 5, 6),
(1201, '2011-06-14 10:43:55', 'SYSTEM', '2011-06-14 10:51:21', 'SYSTEM', 7, '2011-06-10 00:00:00', 15, 2, 323, 'N', 5, 9, 5, 6, 4, 5, 3, 6, 5),
(1202, '2011-06-14 10:43:55', 'SYSTEM', '2012-04-11 06:39:17', 'SYSTEM', 9, '2011-06-10 00:00:00', 33, 2, 324, 'N', 6, 6, 5, 5, 6, 7, 3, 9, 4),
(1203, '2011-06-14 10:46:26', 'SYSTEM', '2011-06-14 10:51:21', 'SYSTEM', 9, '2011-06-10 00:00:00', 17, 2, 323, 'N', 4, 6, 6, 6, 6, 5, 5, 5, 5),
(1204, '2011-06-14 10:46:26', 'SYSTEM', '2012-04-11 06:39:17', 'SYSTEM', 9, '2011-06-10 00:00:00', 38, 2, 324, 'N', 4, 7, 5, 6, 5, 5, 3, 5, 5),
(1205, '2011-06-14 10:47:19', 'SYSTEM', '2011-06-14 10:51:21', 'SYSTEM', 10, '2011-06-10 00:00:00', 23, 2, 323, 'N', 5, 7, 6, 10, 5, 5, 3, 7, 6),
(1206, '2011-06-14 10:47:19', 'SYSTEM', '2012-04-11 06:39:17', 'SYSTEM', 12, '2011-06-10 00:00:00', 37, 2, 324, 'N', 5, 7, 6, 6, 6, 4, 3, 5, 4),
(1207, '2011-06-14 10:48:02', 'SYSTEM', '2011-06-14 10:51:21', 'SYSTEM', 13, '2011-06-10 00:00:00', 19, 2, 323, 'N', 4, 7, 8, 7, 5, 5, 4, 5, 5),
(1208, '2011-06-14 10:48:02', 'SYSTEM', '2012-04-11 06:39:17', 'SYSTEM', 18, '2011-06-10 00:00:00', 34, 2, 324, 'N', 7, 7, 6, 7, 7, 5, 6, 5, 4),
(1209, '2011-06-14 10:49:06', 'SYSTEM', '2012-05-05 07:40:35', 'SYSTEM', 5, '2011-06-10 00:00:00', 84, 2, 327, 'N', 3, 5, 4, 7, 5, 5, 3, 5, 5),
(1210, '2011-06-14 10:49:06', 'SYSTEM', '2011-06-14 10:51:21', 'SYSTEM', 12, '2011-06-10 00:00:00', 65, 2, 328, 'N', 4, 7, 5, 5, 5, 6, 4, 5, 4),
(1211, '2011-06-14 10:49:46', 'SYSTEM', '2012-05-05 07:40:35', 'SYSTEM', 6, '2011-06-10 00:00:00', 29, 2, 327, 'N', 3, 7, 5, 5, 6, 5, 3, 5, 6),
(1212, '2011-06-14 10:49:46', 'SYSTEM', '2011-06-14 10:51:21', 'SYSTEM', 13, '2011-06-10 00:00:00', 67, 2, 328, 'N', 5, 6, 4, 9, 7, 6, 4, 5, 5),
(1213, '2011-06-14 10:50:40', 'SYSTEM', '2012-05-05 07:40:35', 'SYSTEM', 9, '2011-06-10 00:00:00', 30, 2, 327, 'N', 3, 6, 6, 5, 6, 6, 4, 5, 5),
(1214, '2011-06-14 10:50:40', 'SYSTEM', '2011-06-14 10:51:21', 'SYSTEM', 16, '2011-06-10 00:00:00', 59, 2, 328, 'N', 6, 5, 5, 7, 4, 5, 4, 4, 5),
(1215, '2011-06-14 10:51:21', 'SYSTEM', '2012-04-22 09:43:52', 'SYSTEM', 9, '2011-06-10 00:00:00', 27, 2, 327, 'N', 5, 8, 6, 6, 6, 4, 4, 6, 5),
(1216, '2011-06-14 10:51:21', 'SYSTEM', '2011-06-14 10:51:21', 'SYSTEM', 17, '2011-06-10 00:00:00', 60, 2, 328, 'N', 6, 6, 7, 6, 4, 7, 4, 6, 4),
(1217, '2011-06-22 17:58:36', 'SYSTEM', '2011-06-22 18:59:08', 'SYSTEM', 7, '2011-06-17 00:00:00', 1, 1, 329, 'N', 5, 6, 4, 8, 5, 6, 5, 5, 4),
(1218, '2011-06-22 17:58:36', 'SYSTEM', '2012-05-05 07:40:35', 'SYSTEM', 5, '2011-06-17 00:00:00', 84, 1, 330, 'N', 4, 4, 4, 5, 4, 6, 5, 3, 6),
(1219, '2011-06-22 17:59:58', 'SYSTEM', '2011-06-22 18:59:08', 'SYSTEM', 13, '2011-06-17 00:00:00', 6, 1, 329, 'N', 5, 4, 4, 5, 4, 7, 4, 4, 7),
(1220, '2011-06-22 17:59:58', 'SYSTEM', '2012-05-05 07:40:35', 'SYSTEM', 7, '2011-06-17 00:00:00', 29, 1, 330, 'N', 5, 3, 4, 6, 4, 5, 6, 4, 7),
(1221, '2011-06-22 18:01:33', 'SYSTEM', '2011-06-22 18:59:08', 'SYSTEM', 17, '2011-06-17 00:00:00', 91, 1, 329, 'N', 7, 10, 6, 7, 5, 7, 5, 4, 7),
(1222, '2011-06-22 18:01:33', 'SYSTEM', '2012-05-05 07:40:35', 'SYSTEM', 8, '2011-06-17 00:00:00', 31, 1, 330, 'N', 6, 4, 6, 4, 4, 8, 6, 5, 5),
(1223, '2011-06-22 18:02:36', 'SYSTEM', '2011-06-22 18:59:08', 'SYSTEM', NULL, '2011-06-17 00:00:00', NULL, 1, 329, 'Y', NULL, NULL, NULL, NULL, NULL, NULL, NULL, NULL, NULL),
(1224, '2011-06-22 18:02:36', 'SYSTEM', '2012-05-05 07:40:35', 'SYSTEM', 16, '2011-06-17 00:00:00', 112, 1, 330, 'N', 6, 4, 8, 7, 3, 6, 6, 3, 5),
(1225, '2011-06-22 18:05:31', 'SYSTEM', '2011-06-22 18:59:08', 'SYSTEM', 8, '2011-06-17 00:00:00', 15, 1, 331, 'N', 3, 4, 5, 4, 6, 7, 5, 3, 6),
(1226, '2011-06-22 18:05:31', 'SYSTEM', '2011-06-22 18:59:08', 'SYSTEM', 9, '2011-06-17 00:00:00', 72, 1, 332, 'N', 7, 4, 7, 5, 5, 7, 5, 3, 5),
(1227, '2011-06-22 18:06:41', 'SYSTEM', '2011-06-22 18:59:08', 'SYSTEM', 10, '2011-06-17 00:00:00', 17, 1, 331, 'N', 6, 5, 4, 5, 4, 7, 6, 3, 7),
(1228, '2011-06-22 18:06:41', 'SYSTEM', '2012-04-11 07:24:01', 'SYSTEM', 15, '2011-06-17 00:00:00', 80, 1, 332, 'N', 6, 5, 7, 3, 4, 7, 5, 4, 9),
(1229, '2011-06-22 18:07:27', 'SYSTEM', '2011-06-22 18:59:08', 'SYSTEM', 12, '2011-06-17 00:00:00', 20, 1, 331, 'N', 6, 5, 7, 5, 3, 6, 6, 3, 8),
(1230, '2011-06-22 18:07:27', 'SYSTEM', '2012-04-11 07:24:01', 'SYSTEM', 18, '2011-06-17 00:00:00', 68, 1, 332, 'N', 7, 4, 10, 7, 6, 8, 4, 4, 9),
(1231, '2011-06-22 18:08:03', 'SYSTEM', '2011-06-22 18:59:08', 'SYSTEM', 17, '2011-06-17 00:00:00', 18, 1, 331, 'N', 5, 5, 6, 5, 6, 5, 6, 5, 8),
(1232, '2011-06-22 18:08:03', 'SYSTEM', '2012-04-11 07:24:01', 'SYSTEM', 20, '2011-06-17 00:00:00', 70, 1, 332, 'N', 5, 7, 6, 4, 4, 7, 5, 4, 6),
(1233, '2011-06-22 18:09:07', 'SYSTEM', '2012-05-15 09:54:33', 'SYSTEM', 7, '2011-06-17 00:00:00', 40, 1, 337, 'N', 4, 5, 4, 9, 6, 5, 4, 4, 4),
(1234, '2011-06-22 18:09:07', 'SYSTEM', '2012-04-12 06:22:16', 'SYSTEM', 6, '2011-06-17 00:00:00', 97, 1, 338, 'N', 4, 4, 4, 4, 3, 5, 3, 4, 4),
(1235, '2011-06-22 18:10:55', 'SYSTEM', '2012-05-15 09:54:33', 'SYSTEM', 9, '2011-06-17 00:00:00', 43, 1, 337, 'N', 7, 4, 5, 5, 6, 7, 5, 3, 5),
(1236, '2011-06-22 18:10:55', 'SYSTEM', '2012-04-12 06:22:16', 'SYSTEM', 8, '2011-06-17 00:00:00', 109, 1, 338, 'N', 5, 4, 5, 5, 3, 5, 4, 3, 5),
(1237, '2011-06-22 18:11:46', 'SYSTEM', '2012-03-21 22:39:23', 'SYSTEM', 18, '2011-06-17 00:00:00', 92, 1, 337, 'N', 5, 4, 4, 6, 4, 6, 7, 4, 7),
(1238, '2011-06-22 18:11:46', 'SYSTEM', '2012-04-12 06:22:16', 'SYSTEM', 9, '2011-06-17 00:00:00', 98, 1, 338, 'N', 5, 4, 7, 4, 2, 5, 5, 3, 4),
(1239, '2011-06-22 18:12:48', 'SYSTEM', '2012-05-15 09:54:33', 'SYSTEM', 23, '2011-06-17 00:00:00', 53, 1, 337, 'N', 6, 8, 7, 6, 5, 7, 5, 4, 8),
(1240, '2011-06-22 18:12:48', 'SYSTEM', '2012-04-12 06:22:16', 'SYSTEM', 11, '2011-06-17 00:00:00', 110, 1, 338, 'N', 6, 6, 5, 5, 4, 8, 5, 4, 5),
(1241, '2011-06-22 18:14:30', 'SYSTEM', '2012-05-12 06:59:39', 'SYSTEM', 12, '2011-06-17 00:00:00', 56, 2, 333, 'N', 4, 6, 6, 5, 5, 5, 4, 8, 5),
(1242, '2011-06-22 18:14:30', 'SYSTEM', '2011-06-22 18:59:08', 'SYSTEM', 11, '2011-06-17 00:00:00', 64, 2, 334, 'N', 5, 6, 7, 6, 4, 5, 3, 5, 4),
(1243, '2011-06-22 18:16:08', 'SYSTEM', '2012-05-12 06:59:39', 'SYSTEM', 14, '2011-06-17 00:00:00', 58, 2, 333, 'N', 3, 6, 6, 8, 5, 4, 6, 7, 6),
(1244, '2011-06-22 18:16:08', 'SYSTEM', '2011-06-22 18:59:08', 'SYSTEM', 15, '2011-06-17 00:00:00', 61, 2, 334, 'N', 5, 7, 6, 5, 6, 5, 3, 5, 8),
(1245, '2011-06-22 18:25:14', 'SYSTEM', '2012-05-12 06:59:39', 'SYSTEM', 15, '2011-06-17 00:00:00', 57, 2, 333, 'N', 7, 5, 5, 5, 5, 7, 5, 5, 5),
(1246, '2011-06-22 18:25:14', 'SYSTEM', '2011-06-22 18:59:08', 'SYSTEM', 16, '2011-06-17 00:00:00', 60, 2, 334, 'N', 4, 5, 7, 7, 7, 8, 6, 5, 5),
(1247, '2011-06-22 18:26:36', 'SYSTEM', '2012-05-12 06:59:39', 'SYSTEM', 17, '2011-06-17 00:00:00', 55, 2, 333, 'N', 5, 6, 6, 7, 5, 5, 6, 6, 5),
(1248, '2011-06-22 18:26:36', 'SYSTEM', '2011-06-22 18:59:08', 'SYSTEM', 24, '2011-06-17 00:00:00', 66, 2, 334, 'N', 5, 9, 4, 10, 6, 7, 5, 5, 6),
(1249, '2011-06-22 18:29:55', 'SYSTEM', '2012-04-12 06:09:10', 'SYSTEM', 8, '2011-06-17 00:00:00', 10, 2, 335, 'N', 3, 6, 6, 6, 5, 6, 3, 5, 5),
(1250, '2011-06-22 18:29:55', 'SYSTEM', '2011-06-22 18:59:08', 'SYSTEM', 3, '2011-06-17 00:00:00', 51, 2, 336, 'N', 3, 6, 5, 7, 4, 4, 3, 4, 3),
(1251, '2011-06-22 18:32:06', 'SYSTEM', '2012-04-12 06:09:10', 'SYSTEM', 8, '2011-06-17 00:00:00', 8, 2, 335, 'N', 5, 9, 4, 5, 5, 5, 4, 5, 5),
(1252, '2011-06-22 18:32:06', 'SYSTEM', '2011-06-22 18:59:08', 'SYSTEM', 6, '2011-06-17 00:00:00', 50, 2, 336, 'N', 4, 6, 6, 6, 6, 4, 4, 4, 5),
(1253, '2011-06-22 18:33:51', 'SYSTEM', '2011-06-22 18:59:08', 'SYSTEM', 11, '2011-06-17 00:00:00', 11, 2, 335, 'N', 2, 8, 6, 6, 5, 6, 4, 5, 6),
(1254, '2011-06-22 18:33:51', 'SYSTEM', '2011-06-22 18:59:08', 'SYSTEM', 9, '2011-06-17 00:00:00', 52, 2, 336, 'N', 7, 5, 4, 5, 4, 5, 4, 6, 5),
(1255, '2011-06-22 18:34:44', 'SYSTEM', '2012-04-12 06:09:10', 'SYSTEM', 32, '2011-06-17 00:00:00', 106, 2, 335, 'N', 5, 8, 9, 6, 6, 7, 5, 9, 6),
(1256, '2011-06-22 18:34:44', 'SYSTEM', '2011-06-22 18:59:08', 'SYSTEM', 13, '2011-06-17 00:00:00', 47, 2, 336, 'N', 5, 6, 7, 7, 5, 6, 4, 4, 6),
(1257, '2011-06-22 18:53:43', 'SYSTEM', '2012-04-11 06:39:17', 'SYSTEM', 9, '2011-06-17 00:00:00', 38, 1, 339, 'N', 6, 5, 6, 5, 4, 6, 4, 3, 5),
(1258, '2011-06-22 18:53:43', 'SYSTEM', '2012-04-11 07:15:35', 'SYSTEM', 11, '2011-06-17 00:00:00', 79, 1, 340, 'N', 5, 5, 7, 5, 4, 6, 7, 5, 6),
(1259, '2011-06-22 18:54:17', 'SYSTEM', '2012-04-11 06:39:17', 'SYSTEM', 10, '2011-06-17 00:00:00', 33, 1, 339, 'N', 5, 5, 5, 5, 3, 6, 4, 4, 6),
(1260, '2011-06-22 18:54:17', 'SYSTEM', '2012-04-11 07:15:35', 'SYSTEM', 12, '2011-06-17 00:00:00', 77, 1, 340, 'N', 6, 5, 6, 6, 3, 5, 5, 4, 6),
(1261, '2011-06-22 18:55:47', 'SYSTEM', '2011-06-22 18:59:08', 'SYSTEM', 11, '2011-06-17 00:00:00', 36, 1, 339, 'N', 4, 4, 4, 7, 4, 7, 5, 4, 6),
(1262, '2011-06-22 18:55:47', 'SYSTEM', '2011-06-22 18:59:08', 'SYSTEM', 13, '2011-06-17 00:00:00', 94, 1, 340, 'N', 5, 6, 5, 6, 3, 6, 5, 3, 6),
(1263, '2011-06-22 18:58:34', 'SYSTEM', '2011-06-22 18:59:08', 'SYSTEM', 11, '2011-06-17 00:00:00', 115, 1, 339, 'N', 5, 3, 6, 5, 4, 8, 5, 4, 7),
(1264, '2011-06-22 18:58:34', 'SYSTEM', '2011-06-22 18:59:08', 'SYSTEM', 16, '2011-06-17 00:00:00', 103, 1, 340, 'N', 5, 3, 5, 5, 4, 9, 4, 3, 6),
(1265, '2011-06-26 09:42:35', 'SYSTEM', '2012-05-15 09:54:33', 'SYSTEM', 5, '2011-06-24 00:00:00', 42, 1, 341, 'N', 5, 4, 4, 3, 4, 5, 4, 4, 4),
(1266, '2011-06-26 09:42:35', 'SYSTEM', '2011-06-26 10:17:03', 'SYSTEM', 11, '2011-06-24 00:00:00', 65, 1, 342, 'N', 6, 5, 4, 6, 3, 5, 7, 4, 6),
(1267, '2011-06-26 09:43:20', 'SYSTEM', '2012-05-15 09:54:33', 'SYSTEM', 6, '2011-06-24 00:00:00', 41, 1, 341, 'N', 5, 4, 5, 4, 4, 5, 4, 3, 5),
(1268, '2011-06-26 09:43:20', 'SYSTEM', '2011-06-26 10:17:03', 'SYSTEM', 12, '2011-06-24 00:00:00', 67, 1, 342, 'N', 5, 4, 4, 5, 3, 6, 5, 4, 6),
(1269, '2011-06-26 09:44:04', 'SYSTEM', '2012-05-15 09:54:33', 'SYSTEM', 10, '2011-06-24 00:00:00', 43, 1, 341, 'N', 5, 6, 5, 6, 4, 5, 6, 4, 6),
(1270, '2011-06-26 09:44:04', 'SYSTEM', '2011-06-26 10:17:03', 'SYSTEM', 14, '2011-06-24 00:00:00', 59, 1, 342, 'N', 5, 5, 6, 5, 4, 7, 6, 6, 6),
(1271, '2011-06-26 09:45:40', 'SYSTEM', '2012-05-15 09:54:33', 'SYSTEM', 23, '2011-06-24 00:00:00', 53, 1, 341, 'N', 7, 4, 5, 6, 4, 6, 8, 5, 9),
(1272, '2011-06-26 09:45:40', 'SYSTEM', '2011-06-26 10:17:03', 'SYSTEM', 16, '2011-06-24 00:00:00', 62, 1, 342, 'N', 8, 4, 6, 7, 3, 8, 5, 3, 5),
(1273, '2011-06-26 09:48:31', 'SYSTEM', '2012-05-05 07:40:35', 'SYSTEM', 6, '2011-06-24 00:00:00', 25, 1, 343, 'N', 6, 4, 4, 5, 4, 5, 3, 3, 4),
(1274, '2011-06-26 09:48:31', 'SYSTEM', '2012-04-11 07:15:35', 'SYSTEM', 5, '2011-06-24 00:00:00', 78, 1, 344, 'N', 4, 3, 5, 5, 3, 9, 4, 3, 5),
(1275, '2011-06-26 09:50:35', 'SYSTEM', '2012-05-05 07:40:35', 'SYSTEM', 8, '2011-06-24 00:00:00', 28, 1, 343, 'N', 4, 4, 4, 5, 3, 7, 6, 3, 5),
(1276, '2011-06-26 09:50:35', 'SYSTEM', '2012-05-12 06:59:39', 'SYSTEM', 7, '2011-06-24 00:00:00', 107, 1, 344, 'N', 4, 4, 6, 6, 6, 4, 4, 4, 5),
(1277, '2011-06-26 09:51:34', 'SYSTEM', '2012-05-05 07:40:35', 'SYSTEM', 10, '2011-06-24 00:00:00', 30, 1, 343, 'N', 5, 4, 4, 6, 3, 7, 6, 3, 5),
(1278, '2011-06-26 09:51:34', 'SYSTEM', '2012-05-12 06:59:39', 'SYSTEM', 12, '2011-06-24 00:00:00', 56, 1, 344, 'N', 6, 4, 5, 5, 4, 6, 6, 3, 7),
(1279, '2011-06-26 09:52:52', 'SYSTEM', '2012-04-22 09:43:52', 'SYSTEM', 10, '2011-06-24 00:00:00', 27, 1, 343, 'N', 4, 3, 6, 5, 5, 5, 6, 5, 7),
(1280, '2011-06-26 09:52:52', 'SYSTEM', '2012-05-12 06:59:39', 'SYSTEM', 14, '2011-06-24 00:00:00', 57, 1, 344, 'N', 7, 4, 5, 6, 7, 6, 4, 5, 7),
(1281, '2011-06-26 09:54:55', 'SYSTEM', '2011-06-26 10:17:03', 'SYSTEM', 11, '2011-06-24 00:00:00', 17, 1, 349, 'N', 5, 4, 5, 5, 3, 5, 4, 5, 7),
(1282, '2011-06-26 09:54:55', 'SYSTEM', '2012-04-11 06:39:17', 'SYSTEM', 6, '2011-06-24 00:00:00', 39, 1, 350, 'N', 4, 3, 5, 6, 3, 5, 4, 3, 5),
(1283, '2011-06-26 09:55:44', 'SYSTEM', '2012-04-12 06:09:10', 'SYSTEM', 14, '2011-06-24 00:00:00', 104, 1, 349, 'N', 5, 4, 6, 4, 4, 7, 4, 4, 6),
(1284, '2011-06-26 09:55:44', 'SYSTEM', '2012-04-11 06:39:17', 'SYSTEM', 9, '2011-06-24 00:00:00', 38, 1, 350, 'N', 4, 4, 5, 8, 5, 6, 5, 5, 7),
(1285, '2011-06-26 09:57:06', 'SYSTEM', '2012-04-12 06:09:10', 'SYSTEM', 15, '2011-06-24 00:00:00', 7, 1, 349, 'N', 5, 5, 6, 4, 4, 6, 6, 4, 5),
(1286, '2011-06-26 09:57:06', 'SYSTEM', '2012-04-11 06:39:17', 'SYSTEM', 12, '2011-06-24 00:00:00', 37, 1, 350, 'N', 7, 4, 5, 5, 4, 7, 5, 4, 5),
(1287, '2011-06-26 10:00:24', 'SYSTEM', '2011-06-26 10:17:03', 'SYSTEM', 16, '2011-06-24 00:00:00', 14, 1, 349, 'N', 5, 4, 7, 5, 4, 6, 6, 3, 7),
(1288, '2011-06-26 10:00:24', 'SYSTEM', '2011-06-26 10:17:03', 'SYSTEM', 16, '2011-06-24 00:00:00', 85, 1, 350, 'N', 5, 6, 6, 5, 7, 5, 7, 3, 6),
(1289, '2011-06-26 10:02:00', 'SYSTEM', '2011-06-26 10:17:03', 'SYSTEM', 3, '2011-06-24 00:00:00', 51, 2, 345, 'N', 4, 5, 4, 6, 4, 5, 4, 3, 4),
(1290, '2011-06-26 10:02:00', 'SYSTEM', '2011-06-26 10:17:03', 'SYSTEM', 8, '2011-06-24 00:00:00', 16, 2, 346, 'N', 3, 5, 5, 5, 6, 5, 3, 3, 5),
(1291, '2011-06-26 10:03:52', 'SYSTEM', '2011-06-26 10:17:03', 'SYSTEM', 6, '2011-06-24 00:00:00', 50, 2, 345, 'N', 4, 5, 6, 6, 4, 4, 4, 6, 5),
(1292, '2011-06-26 10:03:52', 'SYSTEM', '2011-06-26 10:17:03', 'SYSTEM', 12, '2011-06-24 00:00:00', 20, 2, 346, 'N', 6, 7, 6, 6, 5, 7, 5, 6, 5),
(1293, '2011-06-26 10:04:40', 'SYSTEM', '2011-06-26 10:17:03', 'SYSTEM', 16, '2011-06-24 00:00:00', 46, 2, 345, 'N', 4, 7, 9, 7, 7, 5, 4, 6, 6),
(1294, '2011-06-26 10:04:40', 'SYSTEM', '2011-06-26 10:17:03', 'SYSTEM', 16, '2011-06-24 00:00:00', 88, 2, 346, 'N', 5, 6, 6, 6, 5, 4, 4, 6, 5),
(1295, '2011-06-26 10:05:46', 'SYSTEM', '2011-06-26 10:17:03', 'SYSTEM', 23, '2011-06-24 00:00:00', 48, 2, 345, 'N', 6, 8, 7, 4, 8, 9, 7, 7, 5),
(1296, '2011-06-26 10:05:46', 'SYSTEM', '2011-06-26 10:17:03', 'SYSTEM', 16, '2011-06-24 00:00:00', 18, 2, 346, 'N', 5, 6, 5, 6, 4, 4, 3, 6, 7),
(1297, '2011-06-26 10:08:20', 'SYSTEM', '2012-04-11 07:24:01', 'SYSTEM', 9, '2011-06-24 00:00:00', 73, 2, 347, 'N', 5, 7, 5, 7, 7, 4, 4, 6, 6),
(1298, '2011-06-26 10:08:20', 'SYSTEM', '2012-04-11 07:15:35', 'SYSTEM', 11, '2011-06-24 00:00:00', 77, 2, 348, 'N', 5, 6, 6, 8, 6, 5, 4, 7, 5),
(1299, '2011-06-26 10:09:14', 'SYSTEM', '2012-04-11 07:24:01', 'SYSTEM', 16, '2011-06-24 00:00:00', 71, 2, 347, 'N', 6, 7, 5, 5, 6, 5, 6, 5, 4),
(1300, '2011-06-26 10:09:14', 'SYSTEM', '2012-04-11 07:15:35', 'SYSTEM', 12, '2011-06-24 00:00:00', 79, 2, 348, 'N', 6, 7, 6, 6, 6, 5, 6, 5, 7),
(1301, '2011-06-26 10:10:29', 'SYSTEM', '2012-04-11 07:24:01', 'SYSTEM', 17, '2011-06-24 00:00:00', 70, 2, 347, 'N', 9, 7, 6, 7, 5, 8, 3, 7, 6),
(1302, '2011-06-26 10:10:29', 'SYSTEM', '2011-06-26 10:17:03', 'SYSTEM', 12, '2011-06-24 00:00:00', 94, 2, 348, 'N', 4, 6, 6, 7, 4, 6, 5, 5, 6),
(1303, '2011-06-26 10:11:26', 'SYSTEM', '2012-04-11 07:24:01', 'SYSTEM', 18, '2011-06-24 00:00:00', 74, 2, 347, 'N', 4, 8, 8, 5, 7, 7, 4, 5, 5),
(1304, '2011-06-26 10:11:26', 'SYSTEM', '2011-06-26 10:17:03', 'SYSTEM', 15, '2011-06-24 00:00:00', 103, 2, 348, 'N', 5, 8, 7, 9, 6, 5, 5, 6, 5),
(1305, '2011-06-26 10:13:52', 'SYSTEM', '2011-06-26 10:17:03', 'SYSTEM', 7, '2011-06-24 00:00:00', 1, 2, 351, 'N', 3, 7, 5, 4, 5, 5, 4, 4, 4),
(1306, '2011-06-26 10:13:52', 'SYSTEM', '2012-04-12 06:22:16', 'SYSTEM', 4, '2011-06-24 00:00:00', 97, 2, 352, 'N', 4, 6, 7, 6, 4, 5, 4, 5, 3),
(1307, '2011-06-26 10:14:58', 'SYSTEM', '2011-06-26 10:17:03', 'SYSTEM', 9, '2011-06-24 00:00:00', 113, 2, 351, 'N', 4, 8, 6, 7, 6, 7, 6, 6, 6),
(1308, '2011-06-26 10:14:58', 'SYSTEM', '2012-04-12 06:22:16', 'SYSTEM', 11, '2011-06-24 00:00:00', 110, 2, 352, 'N', 4, 7, 5, 9, 6, 4, 5, 6, 4),
(1309, '2011-06-26 10:16:04', 'SYSTEM', '2011-06-26 10:17:03', 'SYSTEM', 11, '2011-06-24 00:00:00', 2, 2, 351, 'N', 4, 7, 5, 10, 5, 4, 4, 7, 4),
(1310, '2011-06-26 10:16:04', 'SYSTEM', '2012-04-12 06:22:16', 'SYSTEM', 11, '2011-06-24 00:00:00', 96, 2, 352, 'N', 3, 7, 4, 7, 4, 4, 3, 6, 5),
(1311, '2011-06-26 10:17:03', 'SYSTEM', '2011-06-26 10:17:03', 'SYSTEM', 12, '2011-06-24 00:00:00', 6, 2, 351, 'N', 4, 6, 6, 6, 5, 4, 5, 5, 5),
(1312, '2011-06-26 10:17:03', 'SYSTEM', '2012-04-12 06:22:16', 'SYSTEM', 14, '2011-06-24 00:00:00', 99, 2, 352, 'N', 4, 7, 6, 7, 5, 4, 3, 7, 7),
(1313, '2011-07-08 11:36:25', 'SYSTEM', '2012-04-11 07:15:35', 'SYSTEM', 5, '2011-07-01 00:00:00', 78, 1, 353, 'N', 5, 4, 5, 4, 4, 5, 4, 4, 7),
(1314, '2011-07-08 11:36:25', 'SYSTEM', '2012-04-12 06:22:16', 'SYSTEM', 12, '2011-07-01 00:00:00', 110, 1, 354, 'N', 6, 5, 6, 7, 4, 6, 5, 3, 5),
(1315, '2011-07-08 11:36:56', 'SYSTEM', '2012-04-11 07:15:35', 'SYSTEM', 12, '2011-07-01 00:00:00', 79, 1, 353, 'N', 6, 4, 6, 5, 4, 7, 4, 5, 8),
(1316, '2011-07-08 11:36:56', 'SYSTEM', '2012-04-12 06:22:16', 'SYSTEM', 13, '2011-07-01 00:00:00', 99, 1, 354, 'N', 5, 5, 6, 6, 4, 7, 5, 4, 6),
(1317, '2011-07-08 11:39:03', 'SYSTEM', '2011-07-08 12:02:48', 'SYSTEM', 15, '2011-07-01 00:00:00', 103, 1, 353, 'N', 6, 6, 6, 8, 4, 6, 6, 4, 7),
(1318, '2011-07-08 11:39:03', 'SYSTEM', '2011-07-08 12:02:48', 'SYSTEM', 16, '2011-07-01 00:00:00', 18, 1, 354, 'N', 6, 6, 6, 7, 5, 7, 7, 3, 7),
(1319, '2011-07-08 11:42:00', 'SYSTEM', '2012-04-11 07:15:35', 'SYSTEM', 19, '2011-07-01 00:00:00', 95, 1, 353, 'N', 6, 5, 5, 6, 4, 5, 5, 3, 6),
(1320, '2011-07-08 11:42:00', 'SYSTEM', '2011-07-23 22:17:13', 'SYSTEM', 20, '2011-07-01 00:00:00', 116, 1, 354, 'N', 5, 7, 7, 6, 6, 7, 7, 6, 6),
(1321, '2011-07-08 11:44:06', 'SYSTEM', '2012-04-11 06:39:17', 'SYSTEM', 9, '2011-07-01 00:00:00', 33, 1, 355, 'N', 4, 5, 6, 6, 4, 5, 5, 4, 6),
(1322, '2011-07-08 11:44:06', 'SYSTEM', '2012-05-15 09:54:33', 'SYSTEM', 5, '2011-07-01 00:00:00', 41, 1, 356, 'N', 4, 2, 4, 5, 3, 6, 6, 3, 5),
(1323, '2011-07-08 11:44:43', 'SYSTEM', '2012-04-11 06:39:17', 'SYSTEM', 10, '2011-07-01 00:00:00', 38, 1, 355, 'N', 4, 5, 5, 4, 6, 6, 5, 4, 5),
(1324, '2011-07-08 11:44:43', 'SYSTEM', '2012-05-15 09:54:33', 'SYSTEM', 5, '2011-07-01 00:00:00', 42, 1, 356, 'N', 6, 4, 5, 4, 3, 5, 5, 2, 6),
(1325, '2011-07-08 11:45:42', 'SYSTEM', '2012-04-11 06:39:17', 'SYSTEM', 12, '2011-07-01 00:00:00', 37, 1, 355, 'N', 5, 3, 6, 6, 4, 7, 4, 3, 5),
(1326, '2011-07-08 11:45:42', 'SYSTEM', '2012-05-15 09:54:33', 'SYSTEM', 7, '2011-07-01 00:00:00', 40, 1, 356, 'N', 5, 2, 6, 4, 3, 4, 4, 3, 6),
(1327, '2011-07-08 11:46:36', 'SYSTEM', '2011-07-08 12:02:48', 'SYSTEM', 15, '2011-07-01 00:00:00', 85, 1, 355, 'N', 5, 4, 9, 7, 4, 7, 5, 3, 6),
(1328, '2011-07-08 11:46:36', 'SYSTEM', '2012-05-15 09:54:33', 'SYSTEM', 10, '2011-07-01 00:00:00', 43, 1, 356, 'N', 5, 6, 5, 5, 4, 5, 4, 4, 6),
(1329, '2011-07-08 11:47:35', 'SYSTEM', '2011-07-08 12:02:48', 'SYSTEM', 11, '2011-07-01 00:00:00', 67, 1, 361, 'N', 7, 4, 5, 5, 4, 6, 5, 6, 9),
(1330, '2011-07-08 11:47:35', 'SYSTEM', '2011-07-08 12:02:48', 'SYSTEM', 9, '2011-07-01 00:00:00', 72, 1, 362, 'N', 5, 4, 4, 8, 3, 6, 4, 3, 6),
(1331, '2011-07-08 11:48:41', 'SYSTEM', '2011-07-08 12:02:48', 'SYSTEM', 11, '2011-07-01 00:00:00', 65, 1, 361, 'N', 7, 4, 6, 8, 4, 5, 6, 4, 7),
(1332, '2011-07-08 11:48:41', 'SYSTEM', '2012-04-11 07:24:01', 'SYSTEM', 15, '2011-07-01 00:00:00', 71, 1, 362, 'N', 5, 5, 8, 4, 5, 6, 5, 4, 6),
(1333, '2011-07-08 11:49:36', 'SYSTEM', '2011-07-08 12:02:48', 'SYSTEM', 16, '2011-07-01 00:00:00', 62, 1, 361, 'N', 6, 4, 6, 5, 3, 7, 6, 4, 6),
(1334, '2011-07-08 11:49:36', 'SYSTEM', '2012-04-11 07:24:01', 'SYSTEM', 18, '2011-07-01 00:00:00', 70, 1, 362, 'N', 6, 6, 7, 5, 5, 5, 8, 3, 7),
(1335, '2011-07-08 11:50:19', 'SYSTEM', '2011-07-08 12:02:48', 'SYSTEM', 16, '2011-07-01 00:00:00', 60, 1, 361, 'N', 7, 3, 5, 5, 5, 6, 5, 3, 5),
(1336, '2011-07-08 11:50:19', 'SYSTEM', '2012-04-11 07:24:01', 'SYSTEM', 19, '2011-07-01 00:00:00', 68, 1, 362, 'N', 8, 5, 9, 6, 4, 5, 10, 3, 8),
(1337, '2011-07-08 11:51:44', 'SYSTEM', '2011-07-08 12:02:48', 'SYSTEM', 6, '2011-07-01 00:00:00', 1, 2, 357, 'N', 5, 5, 6, 5, 6, 5, 5, 5, 4),
(1338, '2011-07-08 11:51:44', 'SYSTEM', '2012-04-12 06:09:10', 'SYSTEM', 8, '2011-07-01 00:00:00', 10, 2, 358, 'N', 4, 5, 5, 6, 6, 6, 4, 5, 6),
(1339, '2011-07-08 11:52:25', 'SYSTEM', '2011-07-08 12:02:48', 'SYSTEM', 10, '2011-07-01 00:00:00', 3, 2, 357, 'N', 4, 8, 6, 5, 5, 5, 3, 5, 5),
(1340, '2011-07-08 11:52:25', 'SYSTEM', '2012-04-12 06:09:10', 'SYSTEM', 9, '2011-07-01 00:00:00', 8, 2, 358, 'N', 4, 5, 4, 8, 4, 4, 3, 5, 5),
(1341, '2011-07-08 11:53:19', 'SYSTEM', '2011-07-08 12:02:48', 'SYSTEM', 12, '2011-07-01 00:00:00', 6, 2, 357, 'N', 4, 9, 4, 7, 6, 6, 6, 6, 5),
(1342, '2011-07-08 11:53:19', 'SYSTEM', '2012-04-11 07:24:45', 'SYSTEM', 13, '2011-07-01 00:00:00', 105, 2, 358, 'N', 4, 6, 6, 5, 5, 6, 2, 4, 4),
(1343, '2011-07-08 11:54:10', 'SYSTEM', '2011-07-08 12:02:48', 'SYSTEM', 19, '2011-07-01 00:00:00', 4, 2, 357, 'N', 5, 6, 7, 9, 6, 6, 4, 11, 8),
(1344, '2011-07-08 11:54:10', 'SYSTEM', '2012-04-12 06:09:10', 'SYSTEM', 30, '2011-07-01 00:00:00', 106, 2, 358, 'N', 6, 9, 6, 8, 9, 4, 5, 7, 5),
(1345, '2011-07-08 11:55:13', 'SYSTEM', '2011-07-08 12:02:48', 'SYSTEM', 7, '2011-07-01 00:00:00', 16, 2, 359, 'N', 3, 5, 5, 5, 4, 6, 3, 7, 5),
(1346, '2011-07-08 11:55:13', 'SYSTEM', '2012-05-05 07:40:35', 'SYSTEM', 5, '2011-07-01 00:00:00', 25, 2, 360, 'N', 3, 4, 4, 4, 5, 6, 4, 4, 6),
(1347, '2011-07-08 11:55:46', 'SYSTEM', '2011-07-08 12:02:48', 'SYSTEM', 9, '2011-07-01 00:00:00', 21, 2, 359, 'N', 3, 6, 5, 6, 4, 9, 3, 4, 5),
(1348, '2011-07-08 11:55:46', 'SYSTEM', '2012-05-05 07:40:35', 'SYSTEM', 5, '2011-07-01 00:00:00', 84, 2, 360, 'N', 3, 5, 4, 5, 5, 4, 4, 6, 4),
(1349, '2011-07-08 11:57:51', 'SYSTEM', '2011-07-08 12:02:48', 'SYSTEM', 11, '2011-07-01 00:00:00', 17, 2, 359, 'N', 3, 7, 6, 6, 6, 5, 4, 4, 7),
(1350, '2011-07-08 11:57:51', 'SYSTEM', '2012-05-05 07:40:35', 'SYSTEM', 7, '2011-07-01 00:00:00', 28, 2, 360, 'N', 6, 8, 8, 5, 7, 5, 4, 6, 5),
(1351, '2011-07-08 11:58:36', 'SYSTEM', '2011-07-08 12:02:48', 'SYSTEM', 15, '2011-07-01 00:00:00', 88, 2, 359, 'N', 5, 11, 5, 7, 7, 6, 4, 7, 5),
(1352, '2011-07-08 11:58:36', 'SYSTEM', '2012-05-05 07:40:35', 'SYSTEM', 14, '2011-07-01 00:00:00', 112, 2, 360, 'N', 3, 5, 7, 6, 5, 6, 4, 5, 6),
(1353, '2011-07-08 12:00:11', 'SYSTEM', '2011-07-08 12:02:48', 'SYSTEM', 3, '2011-07-01 00:00:00', 51, 2, 363, 'N', 3, 5, 4, 5, 6, 5, 3, 4, 4),
(1354, '2011-07-08 12:00:11', 'SYSTEM', '2012-04-11 07:15:35', 'SYSTEM', 10, '2011-07-01 00:00:00', 76, 2, 364, 'N', 3, 7, 5, 7, 5, 5, 5, 5, 4),
(1355, '2011-07-08 12:01:04', 'SYSTEM', '2011-07-08 12:02:48', 'SYSTEM', 9, '2011-07-01 00:00:00', 52, 2, 363, 'N', 4, 5, 5, 7, 5, 5, 3, 5, 6),
(1356, '2011-07-08 12:01:04', 'SYSTEM', '2012-05-12 06:59:39', 'SYSTEM', 11, '2011-07-01 00:00:00', 56, 2, 364, 'N', 4, 6, 7, 6, 5, 5, 4, 6, 7),
(1357, '2011-07-08 12:01:49', 'SYSTEM', '2011-07-08 12:02:48', 'SYSTEM', 13, '2011-07-01 00:00:00', 47, 2, 363, 'N', 4, 7, 7, 5, 5, 6, 4, 4, 5),
(1358, '2011-07-08 12:01:49', 'SYSTEM', '2012-05-12 06:59:39', 'SYSTEM', 13, '2011-07-01 00:00:00', 58, 2, 364, 'N', 4, 6, 5, 6, 7, 5, 4, 5, 6),
(1359, '2011-07-08 12:02:48', 'SYSTEM', '2011-07-08 12:02:48', 'SYSTEM', 15, '2011-07-01 00:00:00', 46, 2, 363, 'N', 5, 6, 7, 8, 7, 6, 4, 6, 6),
(1360, '2011-07-08 12:02:48', 'SYSTEM', '2012-05-12 06:59:39', 'SYSTEM', 14, '2011-07-01 00:00:00', 55, 2, 364, 'N', 3, 6, 6, 5, 5, 7, 4, 6, 6),
(1361, '2011-07-14 21:24:57', 'SYSTEM', '2012-04-11 07:24:01', 'SYSTEM', 9, '2011-07-08 00:00:00', 73, 1, 365, 'N', 5, 3, 5, 5, 4, 7, 5, 4, 4),
(1362, '2011-07-14 21:24:57', 'SYSTEM', '2012-05-12 06:59:39', 'SYSTEM', 7, '2011-07-08 00:00:00', 107, 1, 366, 'N', 4, 5, 5, 4, 3, 5, 5, 3, 6),
(1363, '2011-07-14 21:25:40', 'SYSTEM', '2012-04-11 07:24:01', 'SYSTEM', 14, '2011-07-08 00:00:00', 71, 1, 365, 'N', 5, 3, 8, 7, 5, 7, 4, 4, 7),
(1364, '2011-07-14 21:25:40', 'SYSTEM', '2012-05-12 06:59:39', 'SYSTEM', 12, '2011-07-08 00:00:00', 56, 1, 366, 'N', 5, 5, 4, 5, 4, 7, 4, 3, 7),
(1365, '2011-07-14 21:26:27', 'SYSTEM', '2012-04-11 07:24:01', 'SYSTEM', 15, '2011-07-08 00:00:00', 80, 1, 365, 'N', 7, 4, 7, 7, 5, 5, 6, 5, 6),
(1366, '2011-07-14 21:26:27', 'SYSTEM', '2012-05-12 06:59:39', 'SYSTEM', 12, '2011-07-08 00:00:00', 58, 1, 366, 'N', 6, 4, 4, 5, 4, 7, 5, 6, 6),
(1367, '2011-07-14 21:28:04', 'SYSTEM', '2012-04-11 07:24:01', 'SYSTEM', 20, '2011-07-08 00:00:00', 68, 1, 365, 'N', 9, 5, 6, 5, 3, 7, 7, 3, 6),
(1368, '2011-07-14 21:28:04', 'SYSTEM', '2012-05-12 06:59:39', 'SYSTEM', 14, '2011-07-08 00:00:00', 55, 1, 366, 'N', 5, 6, 5, 6, 3, 5, 4, 3, 6),
(1369, '2011-07-14 21:30:15', 'SYSTEM', '2012-04-12 06:22:16', 'SYSTEM', 7, '2011-07-08 00:00:00', 98, 1, 367, 'N', 4, 2, 5, 5, 3, 5, 5, 3, 4),
(1370, '2011-07-14 21:30:15', 'SYSTEM', '2011-07-14 21:54:53', 'SYSTEM', 7, '2011-07-08 00:00:00', 16, 1, 368, 'N', 5, 4, 4, 4, 3, 6, 4, 4, 6),
(1371, '2011-07-14 21:31:01', 'SYSTEM', '2012-04-12 06:22:16', 'SYSTEM', 9, '2011-07-08 00:00:00', 100, 1, 367, 'N', 5, 4, 7, 4, 4, 7, 4, 3, 6),
(1372, '2011-07-14 21:31:01', 'SYSTEM', '2011-07-14 21:54:53', 'SYSTEM', 8, '2011-07-08 00:00:00', 15, 1, 368, 'N', 5, 5, 5, 5, 4, 5, 5, 5, 6),
(1373, '2011-07-14 21:31:49', 'SYSTEM', '2012-04-12 06:22:16', 'SYSTEM', 11, '2011-07-08 00:00:00', 110, 1, 367, 'N', 6, 4, 6, 5, 4, 6, 5, 4, 6),
(1374, '2011-07-14 21:31:49', 'SYSTEM', '2011-07-14 21:54:53', 'SYSTEM', 9, '2011-07-08 00:00:00', 21, 1, 368, 'N', 5, 4, 7, 5, 5, 7, 5, 4, 7),
(1375, '2011-07-14 21:34:29', 'SYSTEM', '2012-04-12 06:22:16', 'SYSTEM', 20, '2011-07-08 00:00:00', 101, 1, 367, 'N', 6, 5, 6, 7, 4, 6, 7, 4, 6),
(1376, '2011-07-14 21:34:29', 'SYSTEM', '2011-07-14 21:54:53', 'SYSTEM', 12, '2011-07-08 00:00:00', 23, 1, 368, 'N', 7, 7, 6, 4, 3, 9, 6, 4, 5),
(1377, '2011-07-14 21:35:22', 'SYSTEM', '2011-07-14 21:54:53', 'SYSTEM', 7, '2011-07-08 00:00:00', 1, 1, 373, 'N', 6, 4, 7, 5, 4, 4, 5, 5, 8),
(1378, '2011-07-14 21:35:22', 'SYSTEM', '2011-07-14 21:54:53', 'SYSTEM', 3, '2011-07-08 00:00:00', 51, 1, 374, 'N', 3, 3, 4, 4, 3, 5, 4, 3, 5),
(1379, '2011-07-14 21:39:11', 'SYSTEM', '2011-07-14 21:54:53', 'SYSTEM', 12, '2011-07-08 00:00:00', 2, 1, 373, 'N', 6, 4, 6, 5, 5, 7, 5, 3, 6),
(1380, '2011-07-14 21:39:11', 'SYSTEM', '2011-07-14 21:54:53', 'SYSTEM', 6, '2011-07-08 00:00:00', 50, 1, 374, 'N', 4, 5, 6, 6, 4, 8, 5, 3, 4),
(1381, '2011-07-14 21:39:53', 'SYSTEM', '2011-07-14 21:54:53', 'SYSTEM', 16, '2011-07-08 00:00:00', 90, 1, 373, 'N', 6, 5, 5, 6, 3, 5, 6, 5, 6),
(1382, '2011-07-14 21:39:53', 'SYSTEM', '2011-07-14 21:54:53', 'SYSTEM', 9, '2011-07-08 00:00:00', 52, 1, 374, 'N', 6, 4, 4, 6, 3, 6, 5, 4, 7),
(1383, '2011-07-14 21:40:42', 'SYSTEM', '2011-07-14 21:54:53', 'SYSTEM', 21, '2011-07-08 00:00:00', 4, 1, 373, 'N', 7, 6, 7, 8, 4, 7, 9, 5, 9),
(1384, '2011-07-14 21:40:42', 'SYSTEM', '2011-07-14 21:54:53', 'SYSTEM', 22, '2011-07-08 00:00:00', 48, 1, 374, 'N', 4, 4, 6, 5, 4, 7, 6, 3, 8),
(1385, '2011-07-14 21:43:28', 'SYSTEM', '2012-05-05 07:40:35', 'SYSTEM', 7, '2011-07-08 00:00:00', 29, 2, 369, 'N', 6, 6, 5, 4, 6, 4, 4, 4, 5),
(1386, '2011-07-14 21:43:28', 'SYSTEM', '2012-04-11 06:39:17', 'SYSTEM', 6, '2011-07-08 00:00:00', 39, 2, 370, 'N', 4, 6, 6, 7, 4, 5, 4, 4, 3),
(1387, '2011-07-14 21:44:13', 'SYSTEM', '2012-05-05 07:40:35', 'SYSTEM', 9, '2011-07-08 00:00:00', 30, 2, 369, 'N', 5, 7, 5, 6, 5, 5, 5, 4, 7),
(1388, '2011-07-14 21:44:13', 'SYSTEM', '2012-04-11 06:39:17', 'SYSTEM', 9, '2011-07-08 00:00:00', 33, 2, 370, 'N', 4, 6, 6, 5, 4, 5, 4, 5, 6),
(1389, '2011-07-14 21:44:58', 'SYSTEM', '2012-05-05 07:40:35', 'SYSTEM', 10, '2011-07-08 00:00:00', 31, 2, 369, 'N', 4, 6, 5, 6, 5, 4, 4, 4, 4),
(1390, '2011-07-14 21:44:58', 'SYSTEM', '2012-04-11 06:39:17', 'SYSTEM', 10, '2011-07-08 00:00:00', 38, 2, 370, 'N', 5, 7, 4, 8, 5, 6, 6, 5, 6),
(1391, '2011-07-14 21:46:02', 'SYSTEM', '2012-04-22 09:43:52', 'SYSTEM', 10, '2011-07-08 00:00:00', 27, 2, 369, 'N', 3, 5, 7, 6, 5, 5, 5, 5, 4),
(1392, '2011-07-14 21:46:02', 'SYSTEM', '2012-04-11 06:39:17', 'SYSTEM', 18, '2011-07-08 00:00:00', 34, 2, 370, 'N', 7, 7, 8, 9, 5, 6, 4, 8, 7),
(1393, '2011-07-14 21:47:07', 'SYSTEM', '2012-05-15 09:54:33', 'SYSTEM', 4, '2011-07-08 00:00:00', 41, 2, 371, 'N', 4, 6, 5, 4, 5, 3, 4, 5, 4),
(1394, '2011-07-14 21:47:07', 'SYSTEM', '2012-04-12 06:09:10', 'SYSTEM', 9, '2011-07-08 00:00:00', 8, 2, 372, 'N', 4, 5, 6, 6, 6, 6, 4, 5, 4),
(1395, '2011-07-14 21:48:10', 'SYSTEM', '2012-05-15 09:54:33', 'SYSTEM', 5, '2011-07-08 00:00:00', 42, 2, 371, 'N', 6, 7, 4, 4, 4, 4, 3, 6, 4),
(1396, '2011-07-14 21:48:10', 'SYSTEM', '2011-07-14 21:54:53', 'SYSTEM', 11, '2011-07-08 00:00:00', 11, 2, 372, 'N', 6, 5, 5, 7, 6, 4, 4, 6, 6),
(1397, '2011-07-14 21:49:13', 'SYSTEM', '2012-05-15 09:54:33', 'SYSTEM', 6, '2011-07-08 00:00:00', 40, 2, 371, 'N', 4, 6, 8, 5, 6, 6, 3, 6, 4);
INSERT INTO `STJ_WEEKLY_SCORE` (`WEEKLY_SCORE_ID`, `CRTN_DT`, `CRTN_USER_ID`, `LAST_UPTD_DT`, `LAST_UPTD_USER_ID`, `HANDICAP`, `SCORE_DATE`, `PLAYER_ID`, `SIDE_ID`, `TEAM_SCORE_ID`, `GHOST_FLG`, `HOLE_1_SCORE`, `HOLE_2_SCORE`, `HOLE_3_SCORE`, `HOLE_4_SCORE`, `HOLE_5_SCORE`, `HOLE_6_SCORE`, `HOLE_7_SCORE`, `HOLE_8_SCORE`, `HOLE_9_SCORE`) VALUES
(1398, '2011-07-14 21:49:13', 'SYSTEM', '2012-04-11 07:24:45', 'SYSTEM', 11, '2011-07-08 00:00:00', 105, 2, 372, 'N', 4, 5, 5, 8, 6, 4, 5, 6, 4),
(1399, '2011-07-14 21:50:21', 'SYSTEM', '2012-05-15 09:54:33', 'SYSTEM', 11, '2011-07-08 00:00:00', 43, 2, 371, 'N', 4, 7, 7, 5, 7, 5, 4, 4, 5),
(1400, '2011-07-14 21:50:21', 'SYSTEM', '2012-04-12 06:09:10', 'SYSTEM', 13, '2011-07-08 00:00:00', 7, 2, 372, 'N', 4, 8, 5, 5, 7, 4, 5, 5, 6),
(1401, '2011-07-14 21:51:56', 'SYSTEM', '2011-07-14 21:54:53', 'SYSTEM', 10, '2011-07-08 00:00:00', 64, 2, 375, 'N', 4, 7, 6, 6, 5, 6, 4, 5, 5),
(1402, '2011-07-14 21:51:56', 'SYSTEM', '2012-04-11 07:15:35', 'SYSTEM', 5, '2011-07-08 00:00:00', 78, 2, 376, 'N', 4, 8, 5, 5, 5, 4, 4, 4, 5),
(1403, '2011-07-14 21:52:44', 'SYSTEM', '2011-07-14 21:54:53', 'SYSTEM', 14, '2011-07-08 00:00:00', 61, 2, 375, 'N', 3, 6, 7, 6, 7, 6, 4, 5, 4),
(1404, '2011-07-14 21:52:44', 'SYSTEM', '2011-07-14 21:54:53', 'SYSTEM', 12, '2011-07-08 00:00:00', 6, 2, 376, 'N', 5, 7, 6, 6, 7, 6, 4, 5, 4),
(1405, '2011-07-14 21:53:56', 'SYSTEM', '2011-07-14 21:54:53', 'SYSTEM', 14, '2011-07-08 00:00:00', 59, 2, 375, 'N', 4, 7, 5, 6, 7, 5, 5, 5, 9),
(1406, '2011-07-14 21:53:56', 'SYSTEM', '2011-07-14 21:54:53', 'SYSTEM', 14, '2011-07-08 00:00:00', 62, 2, 376, 'N', 5, 7, 7, 9, 6, 5, 5, 6, 5),
(1407, '2011-07-14 21:54:53', 'SYSTEM', '2011-07-14 21:54:53', 'SYSTEM', 15, '2011-07-08 00:00:00', 60, 2, 375, 'N', 6, 9, 7, 9, 7, 4, 5, 6, 4),
(1408, '2011-07-14 21:54:53', 'SYSTEM', '2011-07-14 21:54:53', 'SYSTEM', 15, '2011-07-08 00:00:00', 103, 2, 376, 'N', 4, 7, 7, 7, 4, 5, 5, 4, 7),
(1409, '2011-07-15 21:26:44', 'SYSTEM', '2012-05-15 09:54:33', 'SYSTEM', 4, '2011-07-15 00:00:00', 41, 1, 377, 'N', 5, 4, 5, 5, 3, 4, 4, 3, 6),
(1410, '2011-07-15 21:26:44', 'SYSTEM', '2011-07-15 21:53:43', 'SYSTEM', 2, '2011-07-15 00:00:00', 51, 1, 378, 'N', 5, 3, 5, 4, 3, 4, 5, 3, 5),
(1411, '2011-07-15 21:28:24', 'SYSTEM', '2012-05-15 09:54:33', 'SYSTEM', 14, '2011-07-15 00:00:00', 44, 1, 377, 'N', 5, 6, 5, 7, 5, 8, 5, 6, 5),
(1412, '2011-07-15 21:28:24', 'SYSTEM', '2011-07-15 21:53:43', 'SYSTEM', 6, '2011-07-15 00:00:00', 50, 1, 378, 'N', 5, 4, 6, 4, 3, 6, 4, 3, 6),
(1413, '2011-07-15 21:29:37', 'SYSTEM', '2012-03-21 22:39:23', 'SYSTEM', 16, '2011-07-15 00:00:00', 92, 1, 377, 'N', 7, 5, 8, 6, 6, 6, 4, 3, 7),
(1414, '2011-07-15 21:29:37', 'SYSTEM', '2011-07-15 21:53:43', 'SYSTEM', 9, '2011-07-15 00:00:00', 52, 1, 378, 'N', 7, 4, 6, 5, 4, 5, 6, 3, 7),
(1415, '2011-07-15 21:31:27', 'SYSTEM', '2012-05-15 09:54:33', 'SYSTEM', 23, '2011-07-15 00:00:00', 53, 1, 377, 'N', 5, 4, 8, 7, 4, 9, 7, 4, 7),
(1416, '2011-07-15 21:31:27', 'SYSTEM', '2011-07-15 21:53:43', 'SYSTEM', 18, '2011-07-15 00:00:00', 48, 1, 378, 'N', 5, 5, 6, 5, 4, 5, 6, 4, 8),
(1417, '2011-07-15 21:32:24', 'SYSTEM', '2012-05-05 07:40:35', 'SYSTEM', 5, '2011-07-15 00:00:00', 84, 1, 379, 'N', 5, 4, 5, 5, 4, 5, 4, 3, 6),
(1418, '2011-07-15 21:32:24', 'SYSTEM', '2012-04-11 07:15:35', 'SYSTEM', 12, '2011-07-15 00:00:00', 77, 1, 380, 'N', 5, 3, 6, 4, 3, 5, 5, 4, 4),
(1419, '2011-07-15 21:33:12', 'SYSTEM', '2012-05-05 07:40:35', 'SYSTEM', 5, '2011-07-15 00:00:00', 25, 1, 379, 'N', 4, 4, 5, 6, 4, 6, 5, 2, 6),
(1420, '2011-07-15 21:33:12', 'SYSTEM', '2012-04-11 07:15:35', 'SYSTEM', 12, '2011-07-15 00:00:00', 79, 1, 380, 'N', 5, 3, 6, 6, 5, 5, 5, 3, 5),
(1421, '2011-07-15 21:34:48', 'SYSTEM', '2012-05-05 07:40:35', 'SYSTEM', 9, '2011-07-15 00:00:00', 28, 1, 379, 'N', 5, 4, 5, 4, 3, 5, 4, 3, 5),
(1422, '2011-07-15 21:34:48', 'SYSTEM', '2011-07-15 21:53:43', 'SYSTEM', 12, '2011-07-15 00:00:00', 94, 1, 380, 'N', 5, 4, 6, 5, 5, 5, 5, 3, 6),
(1423, '2011-07-15 21:35:51', 'SYSTEM', '2012-05-05 07:40:35', 'SYSTEM', 13, '2011-07-15 00:00:00', 112, 1, 379, 'N', 5, 4, 6, 6, 5, 5, 5, 3, 5),
(1424, '2011-07-15 21:35:51', 'SYSTEM', '2011-07-15 21:53:43', 'SYSTEM', 15, '2011-07-15 00:00:00', 103, 1, 380, 'N', 5, 5, 6, 4, 4, 5, 7, 5, 5),
(1425, '2011-07-15 21:36:56', 'SYSTEM', '2012-04-12 06:09:10', 'SYSTEM', 9, '2011-07-15 00:00:00', 10, 1, 385, 'N', 7, 4, 7, 5, 4, 5, 7, 3, 6),
(1426, '2011-07-15 21:36:56', 'SYSTEM', '2012-04-11 07:15:35', 'SYSTEM', 5, '2011-07-15 00:00:00', 78, 1, 386, 'N', 4, 3, 5, 5, 3, 5, 4, 3, 6),
(1427, '2011-07-15 21:37:29', 'SYSTEM', '2012-04-11 07:24:45', 'SYSTEM', 11, '2011-07-15 00:00:00', 105, 1, 385, 'N', 6, 5, 7, 5, 5, 5, 6, 3, 6),
(1428, '2011-07-15 21:37:29', 'SYSTEM', '2012-05-12 06:59:39', 'SYSTEM', 12, '2011-07-15 00:00:00', 55, 1, 386, 'N', 7, 5, 7, 5, 5, 6, 4, 3, 8),
(1429, '2011-07-15 21:38:25', 'SYSTEM', '2012-04-12 06:09:10', 'SYSTEM', 14, '2011-07-15 00:00:00', 7, 1, 385, 'N', 5, 4, 6, 4, 5, 6, 6, 5, 5),
(1430, '2011-07-15 21:38:25', 'SYSTEM', '2012-05-12 06:59:39', 'SYSTEM', 13, '2011-07-15 00:00:00', 57, 1, 386, 'N', 5, 4, 6, 6, 5, 5, 7, 3, 8),
(1431, '2011-07-15 21:40:15', 'SYSTEM', '2011-07-15 21:53:43', 'SYSTEM', NULL, '2011-07-15 00:00:00', NULL, 1, 385, 'Y', NULL, NULL, NULL, NULL, NULL, NULL, NULL, NULL, NULL),
(1432, '2011-07-15 21:40:15', 'SYSTEM', '2011-07-23 22:20:04', 'SYSTEM', 19, '2011-07-15 00:00:00', 108, 1, 386, 'N', 9, 6, 9, 6, 6, 9, 7, 5, 8),
(1433, '2011-07-15 21:41:31', 'SYSTEM', '2011-07-15 21:53:43', 'SYSTEM', 6, '2011-07-15 00:00:00', 16, 2, 381, 'N', 6, 7, 4, 5, 5, 4, 3, 5, 5),
(1434, '2011-07-15 21:41:31', 'SYSTEM', '2011-07-15 21:53:43', 'SYSTEM', 11, '2011-07-15 00:00:00', 64, 2, 382, 'N', 6, 8, 7, 6, 6, 4, 5, 5, 5),
(1435, '2011-07-15 21:42:28', 'SYSTEM', '2011-07-15 21:53:43', 'SYSTEM', 10, '2011-07-15 00:00:00', 21, 2, 381, 'N', 4, 5, 5, 7, 6, 5, 3, 5, 5),
(1436, '2011-07-15 21:42:28', 'SYSTEM', '2011-07-15 21:53:43', 'SYSTEM', 15, '2011-07-15 00:00:00', 62, 2, 382, 'N', 5, 7, 5, 8, 5, 6, 8, 5, 5),
(1437, '2011-07-15 21:43:25', 'SYSTEM', '2011-07-15 21:53:43', 'SYSTEM', 10, '2011-07-15 00:00:00', 17, 2, 381, 'N', 3, 6, 6, 6, 5, 5, 6, 6, 5),
(1438, '2011-07-15 21:43:25', 'SYSTEM', '2011-07-15 21:53:43', 'SYSTEM', 15, '2011-07-15 00:00:00', 60, 2, 382, 'N', 5, 7, 7, 7, 7, 7, 3, 8, 5),
(1439, '2011-07-15 21:44:08', 'SYSTEM', '2011-07-15 21:53:43', 'SYSTEM', 15, '2011-07-15 00:00:00', 18, 2, 381, 'N', 6, 7, 8, 6, 6, 6, 5, 5, 5),
(1440, '2011-07-15 21:44:08', 'SYSTEM', '2011-07-15 21:53:43', 'SYSTEM', 23, '2011-07-15 00:00:00', 66, 2, 382, 'N', 6, 12, 8, 8, 8, 7, 7, 6, 7),
(1441, '2011-07-15 21:45:27', 'SYSTEM', '2011-07-15 21:53:43', 'SYSTEM', 8, '2011-07-15 00:00:00', 1, 2, 383, 'N', 5, 6, 5, 5, 4, 5, 3, 4, 5),
(1442, '2011-07-15 21:45:27', 'SYSTEM', '2012-04-11 07:24:01', 'SYSTEM', 9, '2011-07-15 00:00:00', 73, 2, 384, 'N', 5, 7, 7, 7, 6, 7, 4, 7, 4),
(1443, '2011-07-15 21:46:14', 'SYSTEM', '2011-07-15 21:53:43', 'SYSTEM', 12, '2011-07-15 00:00:00', 6, 2, 383, 'N', 4, 6, 6, 6, 6, 5, 5, 5, 7),
(1444, '2011-07-15 21:46:14', 'SYSTEM', '2012-05-12 06:59:39', 'SYSTEM', 12, '2011-07-15 00:00:00', 58, 2, 384, 'N', 4, 8, 5, 5, 5, 5, 4, 5, 6),
(1445, '2011-07-15 21:47:19', 'SYSTEM', '2011-07-15 21:53:43', 'SYSTEM', 15, '2011-07-15 00:00:00', 90, 2, 383, 'N', 4, 8, 6, 8, 6, 4, 6, 6, 5),
(1446, '2011-07-15 21:47:19', 'SYSTEM', '2012-04-11 07:24:01', 'SYSTEM', 18, '2011-07-15 00:00:00', 70, 2, 384, 'N', 7, 8, 7, 7, 6, 6, 7, 6, 5),
(1447, '2011-07-15 21:48:36', 'SYSTEM', '2011-07-15 21:53:43', 'SYSTEM', 18, '2011-07-15 00:00:00', 91, 2, 383, 'N', 4, 9, 6, 7, 6, 6, 5, 9, 9),
(1448, '2011-07-15 21:48:36', 'SYSTEM', '2012-04-11 07:24:01', 'SYSTEM', 19, '2011-07-15 00:00:00', 68, 2, 384, 'N', 5, 9, 5, 7, 6, 8, 7, 8, 6),
(1449, '2011-07-15 21:50:16', 'SYSTEM', '2012-04-11 06:39:17', 'SYSTEM', 6, '2011-07-15 00:00:00', 39, 2, 387, 'N', 4, 6, 6, 5, 5, 4, 3, 4, 5),
(1450, '2011-07-15 21:50:16', 'SYSTEM', '2012-04-12 06:22:16', 'SYSTEM', 6, '2011-07-15 00:00:00', 97, 2, 388, 'N', 5, 6, 4, 6, 5, 4, 4, 4, 4),
(1451, '2011-07-15 21:51:54', 'SYSTEM', '2012-04-11 06:39:17', 'SYSTEM', 10, '2011-07-15 00:00:00', 38, 2, 387, 'N', 4, 5, 5, 5, 5, 5, 4, 5, 4),
(1452, '2011-07-15 21:51:54', 'SYSTEM', '2012-04-12 06:22:16', 'SYSTEM', 6, '2011-07-15 00:00:00', 98, 2, 388, 'N', 4, 7, 4, 6, 4, 6, 4, 5, 3),
(1453, '2011-07-15 21:52:53', 'SYSTEM', '2012-04-11 06:39:17', 'SYSTEM', 10, '2011-07-15 00:00:00', 37, 2, 387, 'N', 4, 7, 6, 7, 6, 5, 2, 5, 4),
(1454, '2011-07-15 21:52:53', 'SYSTEM', '2012-04-12 06:22:16', 'SYSTEM', 7, '2011-07-15 00:00:00', 109, 2, 388, 'N', 4, 7, 7, 6, 8, 4, 3, 5, 5),
(1455, '2011-07-15 21:53:43', 'SYSTEM', '2012-04-11 06:39:17', 'SYSTEM', 19, '2011-07-15 00:00:00', 34, 2, 387, 'N', 3, 7, 6, 6, 8, 6, 4, 7, 7),
(1456, '2011-07-15 21:53:43', 'SYSTEM', '2012-04-12 06:22:16', 'SYSTEM', 8, '2011-07-15 00:00:00', 100, 2, 388, 'N', 4, 6, 5, 5, 4, 4, 4, 4, 4),
(1457, '2011-07-23 05:02:31', 'SYSTEM', '2011-07-23 05:31:18', 'SYSTEM', 8, '2011-07-22 00:00:00', 1, 1, 389, 'N', 5, 4, 6, 4, 4, 6, 5, 4, 6),
(1458, '2011-07-23 05:02:31', 'SYSTEM', '2011-07-23 05:31:18', 'SYSTEM', 10, '2011-07-22 00:00:00', 17, 1, 390, 'N', 5, 4, 7, 4, 3, 5, 5, 4, 6),
(1459, '2011-07-23 05:04:01', 'SYSTEM', '2011-07-23 05:31:18', 'SYSTEM', 12, '2011-07-22 00:00:00', 2, 1, 389, 'N', 6, 3, 6, 7, 4, 6, 5, 2, 7),
(1460, '2011-07-23 05:04:01', 'SYSTEM', '2011-07-23 05:31:18', 'SYSTEM', 12, '2011-07-22 00:00:00', 20, 1, 390, 'N', 7, 4, 5, 5, 3, 5, 5, 4, 7),
(1461, '2011-07-23 05:04:56', 'SYSTEM', '2011-07-23 05:31:18', 'SYSTEM', 19, '2011-07-22 00:00:00', 91, 1, 389, 'N', 5, 4, 7, 6, 4, 6, 5, 5, 6),
(1462, '2011-07-23 05:04:56', 'SYSTEM', '2011-07-23 05:31:18', 'SYSTEM', 15, '2011-07-22 00:00:00', 18, 1, 390, 'N', 4, 5, 7, 5, 2, 7, 8, 4, 7),
(1463, '2011-07-23 05:06:23', 'SYSTEM', '2011-07-23 05:31:18', 'SYSTEM', 15, '2011-07-22 00:00:00', 90, 1, 389, 'N', 6, 7, 5, 9, 5, 7, 6, 3, 5),
(1464, '2011-07-23 05:06:23', 'SYSTEM', '2011-07-23 05:31:18', 'SYSTEM', 13, '2011-07-22 00:00:00', 23, 1, 390, 'N', 6, 3, 5, 5, 5, 6, 5, 5, 6),
(1465, '2011-07-23 05:07:33', 'SYSTEM', '2012-04-12 06:09:10', 'SYSTEM', 8, '2011-07-22 00:00:00', 8, 1, 391, 'N', 5, 4, 5, 4, 3, 5, 5, 3, 6),
(1466, '2011-07-23 05:07:33', 'SYSTEM', '2012-05-15 09:54:33', 'SYSTEM', 7, '2011-07-22 00:00:00', 40, 1, 392, 'N', 7, 3, 6, 6, 4, 5, 6, 4, 6),
(1467, '2011-07-23 05:08:18', 'SYSTEM', '2012-04-12 06:09:10', 'SYSTEM', 12, '2011-07-22 00:00:00', 104, 1, 391, 'N', 6, 3, 5, 3, 4, 7, 5, 4, 6),
(1468, '2011-07-23 05:08:18', 'SYSTEM', '2011-07-23 05:31:18', 'SYSTEM', 11, '2011-07-22 00:00:00', 65, 1, 392, 'N', 4, 3, 5, 4, 4, 5, 5, 4, 6),
(1469, '2011-07-23 05:09:04', 'SYSTEM', '2012-04-12 06:09:10', 'SYSTEM', 13, '2011-07-22 00:00:00', 7, 1, 391, 'N', 5, 5, 6, 7, 5, 5, 7, 3, 7),
(1470, '2011-07-23 05:09:04', 'SYSTEM', '2011-07-23 05:31:18', 'SYSTEM', 13, '2011-07-22 00:00:00', 61, 1, 392, 'N', 7, 5, 6, 6, 4, 6, 5, 4, 8),
(1471, '2011-07-23 05:09:59', 'SYSTEM', '2012-04-12 06:09:10', 'SYSTEM', 28, '2011-07-22 00:00:00', 106, 1, 391, 'N', 6, 7, 6, 6, 3, 7, 7, 4, 7),
(1472, '2011-07-23 05:09:59', 'SYSTEM', '2011-07-23 05:31:18', 'SYSTEM', 15, '2011-07-22 00:00:00', 60, 1, 392, 'N', 6, 5, 4, 4, 4, 8, 6, 5, 7),
(1473, '2011-07-23 05:12:30', 'SYSTEM', '2012-05-15 09:54:33', 'SYSTEM', 3, '2011-07-22 00:00:00', 41, 1, 397, 'N', 4, 3, 4, 6, 2, 5, 5, 3, 6),
(1474, '2011-07-23 05:12:30', 'SYSTEM', '2012-04-11 07:15:35', 'SYSTEM', 11, '2011-07-22 00:00:00', 77, 1, 398, 'N', 5, 5, 5, 5, 3, 5, 6, 3, 6),
(1475, '2011-07-23 05:13:13', 'SYSTEM', '2012-05-15 09:54:33', 'SYSTEM', 5, '2011-07-22 00:00:00', 42, 1, 397, 'N', 4, 4, 6, 6, 3, 5, 5, 3, 5),
(1476, '2011-07-23 05:13:13', 'SYSTEM', '2012-04-11 07:15:35', 'SYSTEM', 11, '2011-07-22 00:00:00', 79, 1, 398, 'N', 5, 6, 5, 8, 3, 6, 7, 4, 7),
(1477, '2011-07-23 05:14:00', 'SYSTEM', '2012-03-21 22:39:23', 'SYSTEM', 17, '2011-07-22 00:00:00', 92, 1, 397, 'N', 6, 5, 5, 4, 4, 5, 7, 4, 6),
(1478, '2011-07-23 05:14:00', 'SYSTEM', '2011-07-23 05:31:19', 'SYSTEM', 11, '2011-07-22 00:00:00', 94, 1, 398, 'N', 5, 6, 4, 5, 3, 6, 5, 4, 6),
(1479, '2011-07-23 05:14:46', 'SYSTEM', '2012-05-15 09:54:33', 'SYSTEM', 21, '2011-07-22 00:00:00', 53, 1, 397, 'N', 5, 5, 8, 6, 4, 7, 6, 4, 8),
(1480, '2011-07-23 05:14:46', 'SYSTEM', '2011-07-23 05:31:19', 'SYSTEM', 13, '2011-07-22 00:00:00', 103, 1, 398, 'N', 5, 6, 6, 7, 4, 6, 7, 3, 8),
(1481, '2011-07-23 05:16:45', 'SYSTEM', '2011-07-23 05:31:18', 'SYSTEM', 2, '2011-07-22 00:00:00', 51, 2, 393, 'N', 3, 6, 5, 5, 4, 4, 3, 5, 5),
(1482, '2011-07-23 05:16:45', 'SYSTEM', '2012-04-12 06:22:16', 'SYSTEM', 6, '2011-07-22 00:00:00', 98, 2, 394, 'N', 3, 6, 5, 5, 5, 4, 3, 6, 4),
(1483, '2011-07-23 05:17:29', 'SYSTEM', '2011-07-23 05:31:18', 'SYSTEM', 7, '2011-07-22 00:00:00', 50, 2, 393, 'N', 4, 5, 5, 5, 3, 5, 3, 4, 6),
(1484, '2011-07-23 05:17:29', 'SYSTEM', '2012-04-12 06:22:16', 'SYSTEM', 7, '2011-07-22 00:00:00', 109, 2, 394, 'N', 5, 6, 5, 6, 7, 4, 3, 4, 5),
(1485, '2011-07-23 05:18:49', 'SYSTEM', '2011-07-23 05:31:19', 'SYSTEM', 12, '2011-07-22 00:00:00', 47, 2, 393, 'N', 3, 9, 5, 7, 6, 6, 3, 5, 4),
(1486, '2011-07-23 05:18:49', 'SYSTEM', '2012-04-12 06:22:16', 'SYSTEM', 10, '2011-07-22 00:00:00', 96, 2, 394, 'N', 4, 8, 5, 5, 4, 5, 5, 5, 5),
(1487, '2011-07-23 05:19:30', 'SYSTEM', '2011-07-23 05:31:19', 'SYSTEM', 15, '2011-07-22 00:00:00', 46, 2, 393, 'N', 4, 8, 5, 6, 6, 7, 5, 8, 7),
(1488, '2011-07-23 05:19:30', 'SYSTEM', '2012-04-12 06:22:16', 'SYSTEM', 12, '2011-07-22 00:00:00', 99, 2, 394, 'N', 3, 7, 5, 6, 6, 5, 4, 6, 5),
(1489, '2011-07-23 05:21:16', 'SYSTEM', '2012-04-11 06:39:17', 'SYSTEM', 6, '2011-07-22 00:00:00', 39, 2, 395, 'N', 3, 6, 5, 5, 4, 6, 4, 5, 5),
(1490, '2011-07-23 05:21:16', 'SYSTEM', '2012-04-11 07:15:35', 'SYSTEM', 5, '2011-07-22 00:00:00', 78, 2, 396, 'N', 4, 6, 6, 4, 4, 4, 3, 6, 8),
(1491, '2011-07-23 05:21:59', 'SYSTEM', '2012-04-11 06:39:17', 'SYSTEM', 9, '2011-07-22 00:00:00', 33, 2, 395, 'N', 6, 5, 6, 5, 4, 5, 4, 5, 5),
(1492, '2011-07-23 05:21:59', 'SYSTEM', '2012-04-11 07:15:35', 'SYSTEM', 10, '2011-07-22 00:00:00', 76, 2, 396, 'N', 5, 8, 4, 6, 5, 4, 2, 5, 5),
(1493, '2011-07-23 05:23:17', 'SYSTEM', '2012-04-11 06:39:17', 'SYSTEM', 10, '2011-07-22 00:00:00', 38, 2, 395, 'N', 5, 7, 6, 6, 4, 6, 3, 6, 5),
(1494, '2011-07-23 05:23:17', 'SYSTEM', '2012-05-12 06:59:39', 'SYSTEM', 10, '2011-07-22 00:00:00', 56, 2, 396, 'N', 5, 7, 5, 7, 6, 6, 3, 6, 5),
(1495, '2011-07-23 05:24:09', 'SYSTEM', '2011-07-23 05:31:19', 'SYSTEM', 16, '2011-07-22 00:00:00', 85, 2, 395, 'N', 6, 6, 6, 6, 5, 5, 4, 6, 6),
(1496, '2011-07-23 05:24:09', 'SYSTEM', '2012-05-12 06:59:39', 'SYSTEM', 12, '2011-07-22 00:00:00', 55, 2, 396, 'N', 5, 8, 5, 6, 6, 6, 5, 5, 7),
(1497, '2011-07-23 05:25:26', 'SYSTEM', '2012-05-05 07:40:35', 'SYSTEM', 7, '2011-07-22 00:00:00', 29, 2, 399, 'N', 4, 7, 6, 4, 4, 3, 3, 4, 6),
(1498, '2011-07-23 05:25:26', 'SYSTEM', '2012-04-11 07:24:01', 'SYSTEM', 13, '2011-07-22 00:00:00', 71, 2, 400, 'N', 4, 8, 7, 5, 4, 7, 4, 5, 5),
(1499, '2011-07-23 05:26:51', 'SYSTEM', '2012-05-05 07:40:35', 'SYSTEM', 9, '2011-07-22 00:00:00', 31, 2, 399, 'N', 4, 7, 5, 7, 5, 6, 3, 5, 5),
(1500, '2011-07-23 05:26:51', 'SYSTEM', '2012-04-11 07:24:01', 'SYSTEM', 15, '2011-07-22 00:00:00', 80, 2, 400, 'N', 6, 9, 10, 7, 5, 5, 5, 8, 7),
(1501, '2011-07-23 05:27:50', 'SYSTEM', '2012-05-05 07:40:35', 'SYSTEM', 10, '2011-07-22 00:00:00', 30, 2, 399, 'N', 3, 9, 6, 7, 4, 6, 3, 7, 4),
(1502, '2011-07-23 05:27:50', 'SYSTEM', '2012-04-11 07:24:01', 'SYSTEM', 18, '2011-07-22 00:00:00', 74, 2, 400, 'N', 5, 8, 6, 9, 6, 5, 4, 5, 6),
(1503, '2011-07-23 05:31:18', 'SYSTEM', '2012-04-22 09:43:52', 'SYSTEM', 10, '2011-07-22 00:00:00', 27, 2, 399, 'N', 4, 6, 5, 5, 4, 4, 4, 5, 5),
(1504, '2011-07-23 05:31:18', 'SYSTEM', '2012-04-11 07:24:01', 'SYSTEM', 20, '2011-07-22 00:00:00', 68, 2, 400, 'N', 4, 9, 7, 6, 6, 5, 6, 5, 7),
(1505, '2011-07-24 20:24:44', 'SYSTEM', '2012-04-11 07:24:45', 'SYSTEM', 11, '2011-07-24 14:00:00', 105, 1, 223, 'N', 5, 4, 8, 4, 4, 6, 5, 4, 6),
(1506, '2011-07-24 20:24:44', 'SYSTEM', '2011-07-28 21:37:31', 'SYSTEM', 8, '2011-07-24 14:00:00', 1, 1, 224, 'N', 4, 4, 4, 5, 4, 5, 5, 5, 4),
(1507, '2011-07-28 20:42:27', 'SYSTEM', '2012-04-11 07:15:35', 'SYSTEM', 6, '2011-07-24 17:00:00', 78, 2, 281, 'N', 4, 4, 4, 5, 3, 4, 6, 3, 5),
(1508, '2011-07-28 20:42:27', 'SYSTEM', '2011-07-28 21:06:44', 'SYSTEM', 10, '2011-07-24 17:00:00', 21, 2, 282, 'N', 5, 3, 7, 5, 3, 6, 5, 3, 9),
(1509, '2011-07-28 20:43:00', 'SYSTEM', '2012-04-11 07:15:35', 'SYSTEM', 10, '2011-07-24 17:00:00', 76, 1, 281, 'N', 4, 4, 9, 7, 4, 6, 6, 4, 6),
(1510, '2011-07-28 20:43:00', 'SYSTEM', '2011-07-28 21:06:44', 'SYSTEM', 12, '2011-07-24 17:00:00', 20, 1, 282, 'N', 7, 5, 6, 6, 3, 6, 6, 4, 6),
(1511, '2011-07-28 20:43:45', 'SYSTEM', '2012-05-12 06:59:39', 'SYSTEM', 12, '2011-07-24 17:00:00', 57, 1, 281, 'N', 4, 4, 8, 7, 5, 6, 7, 5, 8),
(1512, '2011-07-28 20:43:45', 'SYSTEM', '2011-07-28 21:06:44', 'SYSTEM', 14, '2011-07-24 17:00:00', 18, 1, 282, 'N', 6, 4, 5, 7, 3, 6, 5, 5, 6),
(1513, '2011-07-28 20:44:25', 'SYSTEM', '2012-05-12 06:59:39', 'SYSTEM', 12, '2011-07-24 17:00:00', 55, 1, 281, 'N', 4, 4, 4, 5, 4, 6, 5, 3, 7),
(1514, '2011-07-28 20:44:25', 'SYSTEM', '2011-07-28 21:06:44', 'SYSTEM', 14, '2011-07-24 17:00:00', 23, 1, 282, 'N', 4, 4, 5, 5, 4, 6, 5, 4, 7),
(1515, '2011-07-28 20:45:33', 'SYSTEM', '2012-05-15 09:54:33', 'SYSTEM', 3, '2011-07-24 17:00:00', 41, 1, 283, 'N', 6, 3, 5, 5, 4, 5, 5, 4, 6),
(1516, '2011-07-28 20:45:33', 'SYSTEM', '2012-04-11 07:24:01', 'SYSTEM', 12, '2011-07-24 17:00:00', 71, 1, 284, 'N', 6, 3, 6, 8, 5, 7, 7, 4, 7),
(1517, '2011-07-28 20:46:11', 'SYSTEM', '2012-05-15 09:54:33', 'SYSTEM', 5, '2011-07-24 17:00:00', 42, 1, 283, 'N', 4, 4, 4, 5, 4, 5, 4, 4, 6),
(1518, '2011-07-28 20:46:11', 'SYSTEM', '2012-04-11 07:24:01', 'SYSTEM', 16, '2011-07-24 17:00:00', 80, 1, 284, 'N', 8, 4, 5, 4, 4, 10, 5, 5, 8),
(1519, '2011-07-28 20:47:01', 'SYSTEM', '2012-05-15 09:54:33', 'SYSTEM', 7, '2011-07-24 17:00:00', 40, 1, 283, 'N', 5, 3, 6, 6, 4, 6, 5, 4, 5),
(1520, '2011-07-28 20:47:01', 'SYSTEM', '2012-04-11 07:24:01', 'SYSTEM', 17, '2011-07-24 17:00:00', 74, 1, 284, 'N', 7, 7, 8, 7, 6, 6, 7, 5, 7),
(1521, '2011-07-28 20:47:51', 'SYSTEM', '2012-03-21 22:39:23', 'SYSTEM', 15, '2011-07-24 17:00:00', 92, 1, 283, 'N', 5, 5, 8, 7, 6, 5, 5, 4, 8),
(1522, '2011-07-28 20:47:51', 'SYSTEM', '2012-04-11 07:24:01', 'SYSTEM', 17, '2011-07-24 17:00:00', 70, 1, 284, 'N', 8, 7, 9, 8, 7, 5, 6, 6, 7),
(1523, '2011-07-28 20:48:47', 'SYSTEM', '2011-07-28 21:06:44', 'SYSTEM', NULL, '2011-07-24 17:00:00', NULL, 1, 289, 'Y', NULL, NULL, NULL, NULL, NULL, NULL, NULL, NULL, NULL),
(1524, '2011-07-28 20:48:47', 'SYSTEM', '2011-07-28 21:06:44', 'SYSTEM', 12, '2011-07-24 17:00:00', 67, 1, 290, 'N', 5, 4, 7, 7, 3, 6, 6, 5, 5),
(1525, '2011-07-28 20:49:24', 'SYSTEM', '2011-07-28 21:06:44', 'SYSTEM', NULL, '2011-07-24 17:00:00', NULL, 1, 289, 'Y', NULL, NULL, NULL, NULL, NULL, NULL, NULL, NULL, NULL),
(1526, '2011-07-28 20:49:24', 'SYSTEM', '2011-07-28 21:06:44', 'SYSTEM', 14, '2011-07-24 17:00:00', 59, 1, 290, 'N', 5, 4, 6, 4, 5, 8, 6, 5, 5),
(1527, '2011-07-28 20:50:14', 'SYSTEM', '2011-07-28 21:06:44', 'SYSTEM', NULL, '2011-07-24 17:00:00', NULL, 1, 289, 'Y', NULL, NULL, NULL, NULL, NULL, NULL, NULL, NULL, NULL),
(1528, '2011-07-28 20:50:14', 'SYSTEM', '2011-07-28 21:06:44', 'SYSTEM', 15, '2011-07-24 17:00:00', 62, 1, 290, 'N', 6, 4, 6, 6, 5, 8, 8, 4, 6),
(1529, '2011-07-28 20:50:37', 'SYSTEM', '2011-07-28 21:06:44', 'SYSTEM', NULL, '2011-07-24 17:00:00', NULL, 1, 289, 'Y', NULL, NULL, NULL, NULL, NULL, NULL, NULL, NULL, NULL),
(1530, '2011-07-28 20:50:37', 'SYSTEM', '2011-07-28 21:06:44', 'SYSTEM', NULL, '2011-07-24 17:00:00', NULL, 1, 290, 'Y', NULL, NULL, NULL, NULL, NULL, NULL, NULL, NULL, NULL),
(1531, '2011-07-28 20:51:54', 'SYSTEM', '2011-07-28 21:06:44', 'SYSTEM', 8, '2011-07-24 17:00:00', 1, 2, 285, 'N', 4, 5, 5, 6, 5, 4, 3, 6, 4),
(1532, '2011-07-28 20:51:54', 'SYSTEM', '2012-04-11 07:15:35', 'SYSTEM', 10, '2011-07-24 17:00:00', 77, 2, 286, 'N', 5, 6, 6, 6, 6, 5, 4, 4, 5),
(1533, '2011-07-28 20:53:14', 'SYSTEM', '2011-07-28 21:06:44', 'SYSTEM', 12, '2011-07-24 17:00:00', 6, 2, 285, 'N', 4, 5, 5, 8, 6, 4, 5, 4, 4),
(1534, '2011-07-28 20:53:14', 'SYSTEM', '2011-07-28 21:06:44', 'SYSTEM', 10, '2011-07-24 17:00:00', 94, 2, 286, 'N', 5, 5, 5, 6, 5, 5, 3, 4, 6),
(1535, '2011-07-28 20:54:00', 'SYSTEM', '2011-07-28 21:06:44', 'SYSTEM', 14, '2011-07-24 17:00:00', 90, 2, 285, 'N', 5, 8, 5, 9, 6, 6, 5, 5, 5),
(1536, '2011-07-28 20:54:00', 'SYSTEM', '2012-04-11 07:15:35', 'SYSTEM', 13, '2011-07-24 17:00:00', 79, 2, 286, 'N', 4, 7, 5, 7, 4, 6, 3, 5, 5),
(1537, '2011-07-28 20:54:58', 'SYSTEM', '2011-07-28 21:06:44', 'SYSTEM', NULL, '2011-07-24 17:00:00', NULL, 2, 285, 'Y', NULL, NULL, NULL, NULL, NULL, NULL, NULL, NULL, NULL),
(1538, '2011-07-28 20:54:58', 'SYSTEM', '2011-07-28 21:06:44', 'SYSTEM', 14, '2011-07-24 17:00:00', 103, 2, 286, 'N', 4, 6, 7, 7, 6, 6, 5, 6, 5),
(1539, '2011-07-28 20:56:11', 'SYSTEM', '2012-04-11 07:24:45', 'SYSTEM', 11, '2011-07-24 17:00:00', 105, 1, 287, 'N', 5, 4, 6, 5, 3, 7, 6, 5, 9),
(1540, '2011-07-28 20:56:11', 'SYSTEM', '2012-04-12 06:22:16', 'SYSTEM', 5, '2011-07-24 17:00:00', 97, 1, 288, 'N', 4, 3, 4, 5, 4, 7, 4, 4, 5),
(1541, '2011-07-28 20:57:34', 'SYSTEM', '2012-04-12 06:09:10', 'SYSTEM', 12, '2011-07-24 17:00:00', 104, 1, 287, 'N', 6, 4, 5, 5, 4, 8, 6, 3, 5),
(1542, '2011-07-28 20:57:34', 'SYSTEM', '2012-04-12 06:22:16', 'SYSTEM', 7, '2011-07-24 17:00:00', 109, 1, 288, 'N', 4, 4, 5, 6, 3, 5, 5, 3, 4),
(1543, '2011-07-28 20:58:28', 'SYSTEM', '2012-04-12 06:09:10', 'SYSTEM', 12, '2011-07-24 17:00:00', 7, 1, 287, 'N', 5, 4, 4, 5, 5, 4, 6, 5, 6),
(1544, '2011-07-28 20:58:28', 'SYSTEM', '2012-04-12 06:22:16', 'SYSTEM', 9, '2011-07-24 17:00:00', 96, 1, 288, 'N', 5, 4, 5, 5, 4, 5, 7, 3, 6),
(1545, '2011-07-28 20:59:28', 'SYSTEM', '2012-04-12 06:09:10', 'SYSTEM', 24, '2011-07-24 17:00:00', 106, 1, 287, 'N', 8, 6, 7, 8, 9, 7, 8, 6, 9),
(1546, '2011-07-28 20:59:28', 'SYSTEM', '2012-04-12 06:22:16', 'SYSTEM', 11, '2011-07-24 17:00:00', 99, 1, 288, 'N', 5, 4, 6, 6, 7, 6, 5, 3, 5),
(1547, '2011-07-28 21:02:39', 'SYSTEM', '2012-05-05 07:40:35', 'SYSTEM', 5, '2011-07-24 17:00:00', 84, 2, 291, 'N', 3, 6, 5, 4, 4, 4, 3, 5, 6),
(1548, '2011-07-28 21:02:39', 'SYSTEM', '2011-07-28 21:06:44', 'SYSTEM', 2, '2011-07-24 17:00:00', 51, 2, 292, 'N', 3, 5, 3, 5, 6, 4, 3, 4, 4),
(1549, '2011-07-28 21:04:15', 'SYSTEM', '2012-05-05 07:40:35', 'SYSTEM', 6, '2011-07-24 17:00:00', 25, 2, 291, 'N', 4, 7, 6, 5, 4, 4, 3, 3, 5),
(1550, '2011-07-28 21:04:15', 'SYSTEM', '2011-07-28 21:06:44', 'SYSTEM', 12, '2011-07-24 17:00:00', 47, 2, 292, 'N', 3, 5, 4, 6, 6, 7, 4, 5, 5),
(1551, '2011-07-28 21:05:55', 'SYSTEM', '2012-05-05 07:40:35', 'SYSTEM', 8, '2011-07-24 17:00:00', 28, 2, 291, 'N', 5, 7, 6, 7, 4, 4, 2, 5, 4),
(1552, '2011-07-28 21:05:55', 'SYSTEM', '2011-07-28 21:06:44', 'SYSTEM', 16, '2011-07-24 17:00:00', 46, 2, 292, 'N', 6, 8, 5, 5, 6, 7, 5, 6, 5),
(1553, '2011-07-28 21:06:44', 'SYSTEM', '2012-04-22 09:43:52', 'SYSTEM', 9, '2011-07-24 17:00:00', 27, 2, 291, 'N', 5, 7, 5, 6, 5, 6, 4, 5, 5),
(1554, '2011-07-28 21:06:44', 'SYSTEM', '2011-07-28 21:06:44', 'SYSTEM', 17, '2011-07-24 17:00:00', 48, 2, 292, 'N', 7, 5, 6, 8, 4, 5, 4, 4, 3),
(1555, '2011-07-28 21:09:33', 'SYSTEM', '2012-05-15 09:54:33', 'SYSTEM', 3, '2011-07-24 14:00:00', 41, 1, 221, 'N', 4, 4, 4, 5, 3, 5, 4, 4, 6),
(1556, '2011-07-28 21:09:33', 'SYSTEM', '2011-07-28 21:37:31', 'SYSTEM', NULL, '2011-07-24 14:00:00', NULL, 1, 222, 'Y', NULL, NULL, NULL, NULL, NULL, NULL, NULL, NULL, NULL),
(1557, '2011-07-28 21:10:09', 'SYSTEM', '2012-05-15 09:54:33', 'SYSTEM', 5, '2011-07-24 14:00:00', 42, 1, 221, 'N', 4, 3, 6, 5, 3, 5, 5, 3, 5),
(1558, '2011-07-28 21:10:09', 'SYSTEM', '2011-07-28 21:37:31', 'SYSTEM', NULL, '2011-07-24 14:00:00', NULL, 1, 222, 'Y', NULL, NULL, NULL, NULL, NULL, NULL, NULL, NULL, NULL),
(1559, '2011-07-28 21:10:49', 'SYSTEM', '2012-05-15 09:54:33', 'SYSTEM', 7, '2011-07-24 14:00:00', 40, 1, 221, 'N', 4, 4, 6, 5, 3, 5, 6, 4, 6),
(1560, '2011-07-28 21:10:49', 'SYSTEM', '2011-07-28 21:37:31', 'SYSTEM', NULL, '2011-07-24 14:00:00', NULL, 1, 222, 'Y', NULL, NULL, NULL, NULL, NULL, NULL, NULL, NULL, NULL),
(1561, '2011-07-28 21:11:45', 'SYSTEM', '2012-05-15 09:54:33', 'SYSTEM', 15, '2011-07-24 14:00:00', 44, 1, 221, 'N', 4, 4, 7, 7, 2, 7, 8, 5, 7),
(1562, '2011-07-28 21:11:45', 'SYSTEM', '2011-07-28 21:37:31', 'SYSTEM', NULL, '2011-07-24 14:00:00', NULL, 1, 222, 'Y', NULL, NULL, NULL, NULL, NULL, NULL, NULL, NULL, NULL),
(1563, '2011-07-28 21:14:24', 'SYSTEM', '2012-04-12 06:09:10', 'SYSTEM', 12, '2011-07-24 14:00:00', 104, 1, 223, 'N', 5, 4, 7, 6, 5, 5, 4, 4, 6),
(1564, '2011-07-28 21:14:24', 'SYSTEM', '2011-07-28 21:37:31', 'SYSTEM', 9, '2011-07-24 14:00:00', 65, 1, 224, 'N', 5, 3, 5, 7, 3, 7, 5, 5, 6),
(1565, '2011-07-28 21:15:20', 'SYSTEM', '2012-04-12 06:09:10', 'SYSTEM', 24, '2011-07-24 14:00:00', 106, 1, 223, 'N', 8, 6, 7, 5, 4, 9, 6, 4, 8),
(1566, '2011-07-28 21:15:20', 'SYSTEM', '2011-07-28 21:37:31', 'SYSTEM', 12, '2011-07-24 14:00:00', 6, 1, 224, 'N', 8, 4, 8, 7, 6, 6, 5, 3, 5),
(1567, '2011-07-28 21:16:03', 'SYSTEM', '2011-07-28 21:37:31', 'SYSTEM', NULL, '2011-07-24 14:00:00', NULL, 1, 223, 'Y', NULL, NULL, NULL, NULL, NULL, NULL, NULL, NULL, NULL),
(1568, '2011-07-28 21:16:03', 'SYSTEM', '2011-07-28 21:37:31', 'SYSTEM', 14, '2011-07-24 14:00:00', 90, 1, 224, 'N', 7, 4, 5, 5, 4, 6, 6, 3, 6),
(1569, '2011-07-28 21:17:00', 'SYSTEM', '2012-04-12 06:22:16', 'SYSTEM', 5, '2011-07-24 14:00:00', 97, 1, 229, 'N', 4, 3, 4, 5, 3, 5, 4, 3, 7),
(1570, '2011-07-28 21:17:00', 'SYSTEM', '2012-04-11 07:15:35', 'SYSTEM', 10, '2011-07-24 14:00:00', 77, 1, 230, 'N', 4, 3, 6, 6, 4, 6, 5, 3, 5),
(1571, '2011-07-28 21:17:48', 'SYSTEM', '2012-04-12 06:22:16', 'SYSTEM', 9, '2011-07-24 14:00:00', 96, 1, 229, 'N', 4, 3, 6, 5, 3, 7, 5, 3, 5),
(1572, '2011-07-28 21:17:48', 'SYSTEM', '2011-07-28 21:37:31', 'SYSTEM', 10, '2011-07-24 14:00:00', 94, 1, 230, 'N', 5, 4, 4, 5, 3, 5, 5, 3, 6),
(1573, '2011-07-28 21:21:31', 'SYSTEM', '2012-04-12 06:22:16', 'SYSTEM', 11, '2011-07-24 14:00:00', 99, 1, 229, 'N', 6, 5, 5, 6, 4, 6, 6, 5, 7),
(1574, '2011-07-28 21:21:31', 'SYSTEM', '2012-04-11 07:15:35', 'SYSTEM', 13, '2011-07-24 14:00:00', 79, 1, 230, 'N', 6, 4, 5, 6, 4, 6, 6, 5, 6),
(1575, '2011-07-28 21:22:58', 'SYSTEM', '2011-07-28 21:37:31', 'SYSTEM', 20, '2011-07-24 14:00:00', 116, 1, 229, 'N', 7, 5, 6, 7, 5, 7, 7, 6, 7),
(1576, '2011-07-28 21:22:58', 'SYSTEM', '2011-07-28 21:37:31', 'SYSTEM', 14, '2011-07-24 14:00:00', 103, 1, 230, 'N', 5, 4, 5, 6, 4, 6, 6, 5, 6),
(1577, '2011-07-28 21:24:56', 'SYSTEM', '2012-05-05 07:40:35', 'SYSTEM', 5, '2011-07-24 14:00:00', 84, 2, 225, 'N', 3, 6, 5, 6, 4, 4, 4, 5, 5),
(1578, '2011-07-28 21:24:56', 'SYSTEM', '2011-07-28 21:37:31', 'SYSTEM', 10, '2011-07-24 14:00:00', 21, 2, 226, 'N', 3, 6, 5, 7, 5, 5, 3, 5, 6),
(1579, '2011-07-28 21:25:46', 'SYSTEM', '2012-05-05 07:40:35', 'SYSTEM', 6, '2011-07-24 14:00:00', 29, 2, 225, 'N', 4, 6, 9, 5, 5, 6, 4, 5, 4),
(1580, '2011-07-28 21:25:46', 'SYSTEM', '2011-07-28 21:37:31', 'SYSTEM', 12, '2011-07-24 14:00:00', 20, 2, 226, 'N', 4, 7, 5, 7, 4, 6, 4, 5, 5),
(1581, '2011-07-28 21:26:31', 'SYSTEM', '2012-05-05 07:40:35', 'SYSTEM', 8, '2011-07-24 14:00:00', 28, 2, 225, 'N', 3, 7, 7, 5, 5, 4, 3, 5, 4),
(1582, '2011-07-28 21:26:31', 'SYSTEM', '2011-07-28 21:37:31', 'SYSTEM', 14, '2011-07-24 14:00:00', 18, 2, 226, 'N', 6, 5, 7, 8, 5, 5, 4, 6, 4),
(1583, '2011-07-28 21:27:18', 'SYSTEM', '2012-05-05 07:40:35', 'SYSTEM', 11, '2011-07-24 14:00:00', 112, 2, 225, 'N', 4, 6, 9, 6, 5, 7, 5, 7, 6),
(1584, '2011-07-28 21:27:18', 'SYSTEM', '2011-07-28 21:37:31', 'SYSTEM', 14, '2011-07-24 14:00:00', 23, 2, 226, 'N', 3, 7, 5, 5, 4, 5, 5, 7, 6),
(1585, '2011-07-28 21:28:49', 'SYSTEM', '2012-04-11 07:15:35', 'SYSTEM', 6, '2011-07-24 14:00:00', 78, 2, 231, 'N', 3, 5, 5, 6, 5, 5, 5, 4, 5),
(1586, '2011-07-28 21:28:49', 'SYSTEM', '2011-07-28 21:37:31', 'SYSTEM', 2, '2011-07-24 14:00:00', 51, 2, 232, 'N', 3, 6, 4, 4, 4, 5, 3, 5, 4),
(1587, '2011-07-28 21:29:30', 'SYSTEM', '2012-04-11 07:15:35', 'SYSTEM', 10, '2011-07-24 14:00:00', 76, 2, 231, 'N', 3, 5, 5, 6, 8, 8, 4, 6, 5),
(1588, '2011-07-28 21:29:30', 'SYSTEM', '2011-07-28 21:37:31', 'SYSTEM', 12, '2011-07-24 14:00:00', 47, 2, 232, 'N', 4, 6, 6, 6, 4, 4, 3, 5, 5),
(1589, '2011-07-28 21:30:13', 'SYSTEM', '2012-05-12 06:59:39', 'SYSTEM', 12, '2011-07-24 14:00:00', 55, 2, 231, 'N', 5, 6, 6, 7, 5, 7, 5, 6, 8),
(1590, '2011-07-28 21:30:13', 'SYSTEM', '2011-07-28 21:37:31', 'SYSTEM', 17, '2011-07-24 14:00:00', 48, 2, 232, 'N', 5, 8, 5, 8, 4, 8, 4, 6, 6),
(1591, '2011-07-28 21:30:44', 'SYSTEM', '2012-05-12 06:59:39', 'SYSTEM', 12, '2011-07-24 14:00:00', 57, 2, 231, 'N', 4, 7, 6, 6, 4, 5, 4, 6, 6),
(1592, '2011-07-28 21:30:44', 'SYSTEM', '2011-07-28 21:37:31', 'SYSTEM', NULL, '2011-07-24 14:00:00', NULL, 2, 232, 'Y', NULL, NULL, NULL, NULL, NULL, NULL, NULL, NULL, NULL),
(1593, '2011-07-28 21:34:13', 'SYSTEM', '2011-07-28 21:37:31', 'SYSTEM', 9, '2011-07-24 14:00:00', 65, 1, 227, 'N', 6, 4, 7, 5, 4, 5, 4, 4, 6),
(1594, '2011-07-28 21:34:13', 'SYSTEM', '2011-07-28 21:37:31', 'SYSTEM', 7, '2011-07-24 14:00:00', 83, 1, 228, 'N', 4, 4, 5, 6, 4, 5, 6, 5, 4),
(1595, '2011-07-28 21:34:52', 'SYSTEM', '2011-07-28 21:37:31', 'SYSTEM', 13, '2011-07-24 14:00:00', 61, 1, 227, 'N', 6, 4, 8, 5, 4, 6, 6, 4, 6),
(1596, '2011-07-28 21:34:52', 'SYSTEM', '2012-04-11 07:24:01', 'SYSTEM', 12, '2011-07-24 14:00:00', 71, 1, 228, 'N', 5, 4, 5, 6, 5, 9, 5, 3, 6),
(1597, '2011-07-28 21:36:49', 'SYSTEM', '2011-07-28 21:37:31', 'SYSTEM', 15, '2011-07-24 14:00:00', 62, 1, 227, 'N', 5, 4, 5, 7, 3, 6, 6, 4, 8),
(1598, '2011-07-28 21:36:49', 'SYSTEM', '2012-04-11 07:24:01', 'SYSTEM', 16, '2011-07-24 14:00:00', 80, 1, 228, 'N', 8, 6, 6, 8, 5, 7, 5, 5, 8),
(1599, '2011-07-28 21:37:31', 'SYSTEM', '2011-07-28 21:37:31', 'SYSTEM', 24, '2011-07-24 14:00:00', 66, 1, 227, 'N', 7, 5, 7, 7, 7, 6, 9, 5, 11),
(1600, '2011-07-28 21:37:31', 'SYSTEM', '2012-04-11 07:24:01', 'SYSTEM', 17, '2011-07-24 14:00:00', 70, 1, 228, 'N', 7, 6, 6, 5, 3, 6, 6, 3, 6),
(1601, '2011-07-29 20:43:37', 'SYSTEM', '2012-04-12 06:09:10', 'SYSTEM', 10, '2011-07-29 00:00:00', 10, 1, 401, 'N', 5, 4, 6, 5, 4, 3, 4, 3, 5),
(1602, '2011-07-29 20:43:37', 'SYSTEM', '2012-05-05 07:40:35', 'SYSTEM', 5, '2011-07-29 00:00:00', 25, 1, 402, 'N', 4, 4, 5, 4, 5, 4, 6, 4, 4),
(1603, '2011-07-29 20:44:16', 'SYSTEM', '2012-04-12 06:09:10', 'SYSTEM', 10, '2011-07-29 00:00:00', 104, 1, 401, 'N', 6, 4, 4, 4, 5, 5, 6, 4, 9),
(1604, '2011-07-29 20:44:16', 'SYSTEM', '2012-05-05 07:40:35', 'SYSTEM', 8, '2011-07-29 00:00:00', 31, 1, 402, 'N', 4, 4, 5, 6, 3, 6, 6, 3, 8),
(1605, '2011-07-29 20:45:20', 'SYSTEM', '2012-04-12 06:09:10', 'SYSTEM', 10, '2011-07-29 00:00:00', 7, 1, 401, 'N', 8, 5, 7, 5, 4, 7, 7, 3, 7),
(1606, '2011-07-29 20:45:20', 'SYSTEM', '2012-05-05 07:40:35', 'SYSTEM', 8, '2011-07-29 00:00:00', 28, 1, 402, 'N', 5, 3, 4, 6, 5, 6, 6, 3, 5),
(1607, '2011-07-29 20:45:59', 'SYSTEM', '2011-07-29 21:06:57', 'SYSTEM', 15, '2011-07-29 00:00:00', 14, 1, 401, 'N', 7, 6, 7, 7, 5, 7, 7, 4, 7),
(1608, '2011-07-29 20:45:59', 'SYSTEM', '2012-04-22 09:43:52', 'SYSTEM', 9, '2011-07-29 00:00:00', 27, 1, 402, 'N', 4, 4, 6, 5, 4, 6, 5, 4, 7),
(1609, '2011-07-29 20:46:51', 'SYSTEM', '2011-07-29 21:06:57', 'SYSTEM', 7, '2011-07-29 00:00:00', 1, 1, 403, 'N', 4, 3, 5, 4, 4, 5, 4, 4, 7),
(1610, '2011-07-29 20:46:51', 'SYSTEM', '2012-04-11 06:39:17', 'SYSTEM', 6, '2011-07-29 00:00:00', 39, 1, 404, 'N', 4, 3, 5, 5, 3, 5, 4, 2, 6),
(1611, '2011-07-29 20:47:37', 'SYSTEM', '2011-07-29 21:06:57', 'SYSTEM', 10, '2011-07-29 00:00:00', 3, 1, 403, 'N', 7, 4, 6, 5, 3, 7, 5, 3, 6),
(1612, '2011-07-29 20:47:37', 'SYSTEM', '2012-04-11 06:39:17', 'SYSTEM', 9, '2011-07-29 00:00:00', 37, 1, 404, 'N', 5, 3, 5, 5, 4, 6, 5, 3, 6),
(1613, '2011-07-29 20:48:19', 'SYSTEM', '2011-07-29 21:06:57', 'SYSTEM', 13, '2011-07-29 00:00:00', 6, 1, 403, 'N', 7, 4, 5, 5, 3, 7, 6, 5, 8),
(1614, '2011-07-29 20:48:19', 'SYSTEM', '2012-04-11 06:39:17', 'SYSTEM', 10, '2011-07-29 00:00:00', 38, 1, 404, 'N', 5, 4, 5, 5, 3, 8, 6, 4, 5),
(1615, '2011-07-29 20:49:15', 'SYSTEM', '2011-07-29 21:06:57', 'SYSTEM', 22, '2011-07-29 00:00:00', 4, 1, 403, 'N', 4, 8, 8, 6, 3, 12, 6, 5, 10),
(1616, '2011-07-29 20:49:15', 'SYSTEM', '2011-07-29 21:06:57', 'SYSTEM', 10, '2011-07-29 00:00:00', 36, 1, 404, 'N', 8, 4, 5, 5, 4, 8, 8, 6, 6),
(1617, '2011-07-29 20:50:27', 'SYSTEM', '2012-04-11 07:24:01', 'SYSTEM', 10, '2011-07-29 00:00:00', 73, 1, 409, 'N', 5, 4, 7, 6, 3, 6, 8, 4, 6),
(1618, '2011-07-29 20:50:27', 'SYSTEM', '2012-04-12 06:22:16', 'SYSTEM', 4, '2011-07-29 00:00:00', 97, 1, 410, 'N', 4, 4, 6, 5, 3, 5, 4, 3, 6),
(1619, '2011-07-29 20:51:09', 'SYSTEM', '2012-04-11 07:24:01', 'SYSTEM', 19, '2011-07-29 00:00:00', 68, 1, 409, 'N', 7, 5, 9, 6, 2, 7, 8, 4, 8),
(1620, '2011-07-29 20:51:09', 'SYSTEM', '2012-04-12 06:22:16', 'SYSTEM', 7, '2011-07-29 00:00:00', 109, 1, 410, 'N', 4, 3, 5, 6, 3, 6, 5, 4, 6),
(1621, '2011-07-29 20:51:59', 'SYSTEM', '2012-04-11 07:24:01', 'SYSTEM', 19, '2011-07-29 00:00:00', 70, 1, 409, 'N', 6, 3, 8, 7, 3, 6, 5, 3, 6),
(1622, '2011-07-29 20:51:59', 'SYSTEM', '2012-04-12 06:22:16', 'SYSTEM', 18, '2011-07-29 00:00:00', 101, 1, 410, 'N', 8, 4, 6, 6, 5, 6, 5, 4, 6),
(1623, '2011-07-29 20:52:38', 'SYSTEM', '2012-04-11 07:24:01', 'SYSTEM', 19, '2011-07-29 00:00:00', 74, 1, 409, 'N', 7, 7, 7, 6, 3, 8, 7, 6, 7),
(1624, '2011-07-29 20:52:38', 'SYSTEM', '2012-04-12 06:22:16', 'SYSTEM', 12, '2011-07-29 00:00:00', 99, 1, 410, 'N', 6, 5, 6, 7, 2, 6, 4, 5, 5),
(1625, '2011-07-29 20:53:56', 'SYSTEM', '2012-04-11 07:15:35', 'SYSTEM', 5, '2011-07-29 00:00:00', 78, 2, 405, 'N', 3, 4, 5, 5, 4, 7, 3, 4, 3),
(1626, '2011-07-29 20:53:56', 'SYSTEM', '2012-04-11 07:15:35', 'SYSTEM', 8, '2011-07-29 00:00:00', 77, 2, 406, 'N', 4, 5, 6, 6, 4, 6, 4, 4, 6),
(1627, '2011-07-29 20:55:02', 'SYSTEM', '2012-04-11 07:15:35', 'SYSTEM', 11, '2011-07-29 00:00:00', 76, 2, 405, 'N', 4, 10, 6, 7, 5, 5, 3, 5, 4),
(1628, '2011-07-29 20:55:02', 'SYSTEM', '2011-07-29 21:06:57', 'SYSTEM', 8, '2011-07-29 00:00:00', 94, 2, 406, 'N', 5, 6, 5, 6, 5, 4, 4, 7, 4),
(1629, '2011-07-29 20:56:09', 'SYSTEM', '2012-05-12 06:59:39', 'SYSTEM', 12, '2011-07-29 00:00:00', 55, 2, 405, 'N', 5, 8, 5, 5, 4, 6, 4, 6, 6),
(1630, '2011-07-29 20:56:09', 'SYSTEM', '2012-04-11 07:15:35', 'SYSTEM', 11, '2011-07-29 00:00:00', 79, 2, 406, 'N', 7, 9, 6, 6, 4, 6, 4, 3, 5),
(1631, '2011-07-29 20:57:05', 'SYSTEM', '2011-07-29 21:06:57', 'SYSTEM', 14, '2011-07-29 00:00:00', 90, 2, 405, 'N', 5, 6, 5, 8, 4, 3, 5, 5, 7),
(1632, '2011-07-29 20:57:05', 'SYSTEM', '2011-07-29 21:06:57', 'SYSTEM', 13, '2011-07-29 00:00:00', 103, 2, 406, 'N', 4, 8, 5, 7, 5, 5, 2, 6, 6),
(1633, '2011-07-29 20:58:39', 'SYSTEM', '2011-07-29 21:06:57', 'SYSTEM', 11, '2011-07-29 00:00:00', 64, 2, 407, 'N', 5, 7, 7, 6, 5, 5, 6, 4, 4),
(1634, '2011-07-29 20:58:39', 'SYSTEM', '2011-07-29 21:06:57', 'SYSTEM', 1, '2011-07-29 00:00:00', 51, 2, 408, 'N', 4, 6, 5, 4, 4, 4, 3, 4, 3),
(1635, '2011-07-29 20:59:26', 'SYSTEM', '2011-07-29 21:06:57', 'SYSTEM', 13, '2011-07-29 00:00:00', 59, 2, 407, 'N', 4, 8, 6, 7, 5, 7, 4, 6, 7),
(1636, '2011-07-29 20:59:26', 'SYSTEM', '2011-07-29 21:06:57', 'SYSTEM', 9, '2011-07-29 00:00:00', 52, 2, 408, 'N', 4, 9, 5, 6, 5, 5, 3, 7, 6),
(1637, '2011-07-29 21:00:12', 'SYSTEM', '2011-07-29 21:06:57', 'SYSTEM', 14, '2011-07-29 00:00:00', 62, 2, 407, 'N', 5, 7, 7, 8, 4, 5, 5, 6, 4),
(1638, '2011-07-29 21:00:12', 'SYSTEM', '2011-07-29 21:06:57', 'SYSTEM', 10, '2011-07-29 00:00:00', 47, 2, 408, 'N', 5, 7, 5, 9, 6, 5, 3, 5, 5),
(1639, '2011-07-29 21:01:51', 'SYSTEM', '2011-07-29 21:06:57', 'SYSTEM', 15, '2011-07-29 00:00:00', 60, 2, 407, 'N', 3, 9, 5, 6, 5, 5, 3, 6, 6),
(1640, '2011-07-29 21:01:51', 'SYSTEM', '2011-07-29 21:06:57', 'SYSTEM', 16, '2011-07-29 00:00:00', 46, 2, 408, 'N', 5, 9, 9, 7, 5, 7, 3, 6, 7),
(1641, '2011-07-29 21:03:03', 'SYSTEM', '2012-05-15 09:54:33', 'SYSTEM', 4, '2011-07-29 00:00:00', 41, 2, 411, 'N', 3, 8, 6, 6, 6, 4, 3, 5, 5),
(1642, '2011-07-29 21:03:03', 'SYSTEM', '2011-07-29 21:06:57', 'SYSTEM', 5, '2011-07-29 00:00:00', 16, 2, 412, 'N', 2, 5, 5, 5, 4, 4, 3, 5, 4),
(1643, '2011-07-29 21:03:42', 'SYSTEM', '2012-05-15 09:54:33', 'SYSTEM', 5, '2011-07-29 00:00:00', 42, 2, 411, 'N', 3, 5, 5, 5, 4, 5, 3, 4, 5),
(1644, '2011-07-29 21:03:42', 'SYSTEM', '2011-07-29 21:06:57', 'SYSTEM', 8, '2011-07-29 00:00:00', 15, 2, 412, 'N', 4, 7, 7, 7, 4, 4, 6, 4, 4),
(1645, '2011-07-29 21:04:45', 'SYSTEM', '2012-05-15 09:54:33', 'SYSTEM', 8, '2011-07-29 00:00:00', 40, 2, 411, 'N', 3, 5, 4, 5, 4, 4, 3, 4, 4),
(1646, '2011-07-29 21:04:45', 'SYSTEM', '2011-07-29 21:06:57', 'SYSTEM', 12, '2011-07-29 00:00:00', 19, 2, 412, 'N', 7, 7, 6, 6, 6, 6, 3, 7, 5),
(1647, '2011-07-29 21:06:57', 'SYSTEM', '2012-05-15 09:54:33', 'SYSTEM', 10, '2011-07-29 00:00:00', 43, 2, 411, 'N', 4, 6, 4, 6, 6, 5, 4, 5, 6),
(1648, '2011-07-29 21:06:57', 'SYSTEM', '2011-07-29 21:06:57', 'SYSTEM', 16, '2011-07-29 00:00:00', 88, 2, 412, 'N', 4, 7, 6, 6, 5, 7, 3, 8, 5),
(1649, '2011-08-10 20:57:48', 'SYSTEM', '2012-04-11 06:39:17', 'SYSTEM', 5, '2011-08-05 00:00:00', 39, 1, 413, 'N', 5, 4, 5, 5, 2, 5, 5, 3, 5),
(1650, '2011-08-10 20:57:48', 'SYSTEM', '2011-08-10 21:24:43', 'SYSTEM', 12, '2011-08-05 00:00:00', 61, 1, 414, 'N', 5, 5, 6, 5, 5, 6, 6, 6, 7),
(1651, '2011-08-10 20:58:22', 'SYSTEM', '2012-04-11 06:39:17', 'SYSTEM', 8, '2011-08-05 00:00:00', 37, 1, 413, 'N', 5, 3, 5, 5, 3, 7, 7, 4, 6),
(1652, '2011-08-10 20:58:22', 'SYSTEM', '2011-08-10 21:24:43', 'SYSTEM', 14, '2011-08-05 00:00:00', 60, 1, 414, 'N', 6, 5, 8, 8, 4, 6, 6, 5, 5),
(1653, '2011-08-10 21:00:10', 'SYSTEM', '2011-08-10 21:24:43', 'SYSTEM', 12, '2011-08-05 00:00:00', 35, 1, 413, 'N', 5, 6, 5, 6, 3, 6, 4, 5, 9),
(1654, '2011-08-10 21:00:10', 'SYSTEM', '2011-08-10 21:24:43', 'SYSTEM', 15, '2011-08-05 00:00:00', 62, 1, 414, 'N', 8, 5, 5, 5, 5, 7, 5, 3, 7),
(1655, '2011-08-10 21:00:51', 'SYSTEM', '2012-04-11 06:39:17', 'SYSTEM', 19, '2011-08-05 00:00:00', 34, 1, 413, 'N', 5, 5, 7, 7, 3, 7, 6, 4, 4),
(1656, '2011-08-10 21:00:51', 'SYSTEM', '2011-08-10 21:24:43', 'SYSTEM', 25, '2011-08-05 00:00:00', 66, 1, 414, 'N', 5, 4, 6, 6, 4, 7, 7, 5, 10),
(1657, '2011-08-10 21:02:30', 'SYSTEM', '2011-08-10 21:24:43', 'SYSTEM', 9, '2011-08-05 00:00:00', 21, 1, 415, 'N', 5, 3, 6, 5, 4, 5, 6, 4, 7),
(1658, '2011-08-10 21:02:30', 'SYSTEM', '2012-04-11 07:15:35', 'SYSTEM', 4, '2011-08-05 00:00:00', 78, 1, 416, 'N', 3, 4, 6, 5, 3, 5, 5, 4, 5),
(1659, '2011-08-10 21:03:01', 'SYSTEM', '2011-08-10 21:24:43', 'SYSTEM', 12, '2011-08-05 00:00:00', 20, 1, 415, 'N', 5, 4, 5, 5, 3, 6, 6, 5, 5),
(1660, '2011-08-10 21:03:01', 'SYSTEM', '2012-05-12 06:59:39', 'SYSTEM', 6, '2011-08-05 00:00:00', 107, 1, 416, 'N', 5, 4, 5, 5, 4, 6, 5, 5, 8),
(1661, '2011-08-10 21:03:37', 'SYSTEM', '2011-08-10 21:24:43', 'SYSTEM', 14, '2011-08-05 00:00:00', 18, 1, 415, 'N', 8, 4, 5, 6, 4, 5, 5, 3, 7),
(1662, '2011-08-10 21:03:37', 'SYSTEM', '2012-05-12 06:59:39', 'SYSTEM', 11, '2011-08-05 00:00:00', 58, 1, 416, 'N', 7, 6, 6, 6, 4, 6, 5, 4, 6),
(1663, '2011-08-10 21:04:47', 'SYSTEM', '2011-08-10 21:24:43', 'SYSTEM', 16, '2011-08-05 00:00:00', 88, 1, 415, 'N', 5, 6, 4, 7, 3, 6, 5, 3, 6),
(1664, '2011-08-10 21:04:47', 'SYSTEM', '2012-05-12 06:59:39', 'SYSTEM', 13, '2011-08-05 00:00:00', 55, 1, 416, 'N', 7, 4, 7, 5, 6, 5, 5, 4, 7),
(1665, '2011-08-10 21:06:25', 'SYSTEM', '2012-05-05 07:40:35', 'SYSTEM', 5, '2011-08-05 00:00:00', 84, 1, 421, 'N', 3, 3, 4, 5, 5, 7, 4, 4, 6),
(1666, '2011-08-10 21:06:25', 'SYSTEM', '2011-08-10 21:24:43', 'SYSTEM', 2, '2011-08-05 00:00:00', 51, 1, 422, 'N', 4, 4, 4, 4, 3, 5, 5, 4, 5),
(1667, '2011-08-10 21:08:55', 'SYSTEM', '2012-05-05 07:40:35', 'SYSTEM', 8, '2011-08-05 00:00:00', 31, 1, 421, 'N', 5, 4, 4, 4, 3, 7, 4, 4, 4),
(1668, '2011-08-10 21:08:55', 'SYSTEM', '2011-08-10 21:24:43', 'SYSTEM', 7, '2011-08-05 00:00:00', 50, 1, 422, 'N', 5, 3, 6, 5, 3, 5, 5, 5, 5),
(1669, '2011-08-10 21:10:14', 'SYSTEM', '2012-04-22 09:43:52', 'SYSTEM', 9, '2011-08-05 00:00:00', 27, 1, 421, 'N', 6, 6, 6, 7, 6, 8, 5, 5, 5),
(1670, '2011-08-10 21:10:14', 'SYSTEM', '2011-08-10 21:24:43', 'SYSTEM', 10, '2011-08-05 00:00:00', 52, 1, 422, 'N', 4, 3, 6, 5, 4, 7, 6, 5, 4),
(1671, '2011-08-10 21:10:59', 'SYSTEM', '2012-05-05 07:40:35', 'SYSTEM', 10, '2011-08-05 00:00:00', 30, 1, 421, 'N', 6, 5, 6, 7, 3, 5, 7, 4, 5),
(1672, '2011-08-10 21:10:59', 'SYSTEM', '2011-08-10 21:24:43', 'SYSTEM', 14, '2011-08-05 00:00:00', 48, 1, 422, 'N', 7, 5, 7, 4, 5, 8, 8, 4, 6),
(1673, '2011-08-10 21:12:36', 'SYSTEM', '2012-05-15 09:54:33', 'SYSTEM', 5, '2011-08-05 00:00:00', 41, 2, 417, 'N', 4, 5, 4, 6, 4, 4, 3, 5, 5),
(1674, '2011-08-10 21:12:36', 'SYSTEM', '2011-08-10 21:24:43', 'SYSTEM', 9, '2011-08-05 00:00:00', 72, 2, 418, 'N', 5, 6, 6, 6, 5, 5, 4, 5, 5),
(1675, '2011-08-10 21:13:15', 'SYSTEM', '2012-05-15 09:54:33', 'SYSTEM', 7, '2011-08-05 00:00:00', 40, 2, 417, 'N', 3, 5, 4, 5, 4, 4, 3, 5, 4),
(1676, '2011-08-10 21:13:15', 'SYSTEM', '2012-04-11 07:24:01', 'SYSTEM', 10, '2011-08-05 00:00:00', 73, 2, 418, 'N', 7, 5, 4, 6, 4, 4, 3, 5, 5),
(1677, '2011-08-10 21:14:05', 'SYSTEM', '2012-03-21 22:39:23', 'SYSTEM', 15, '2011-08-05 00:00:00', 92, 2, 417, 'N', 5, 7, 7, 5, 5, 6, 5, 6, 5),
(1678, '2011-08-10 21:14:05', 'SYSTEM', '2012-04-11 07:24:01', 'SYSTEM', 18, '2011-08-05 00:00:00', 80, 2, 418, 'N', 3, 10, 6, 7, 5, 7, 5, 4, 8),
(1679, '2011-08-10 21:14:52', 'SYSTEM', '2012-05-15 09:54:33', 'SYSTEM', 20, '2011-08-05 00:00:00', 53, 2, 417, 'N', 5, 7, 7, 7, 5, 7, 6, 7, 5),
(1680, '2011-08-10 21:14:52', 'SYSTEM', '2012-04-11 07:24:01', 'SYSTEM', 19, '2011-08-05 00:00:00', 68, 2, 418, 'N', 6, 6, 7, 5, 8, 6, 6, 5, 6),
(1681, '2011-08-10 21:16:50', 'SYSTEM', '2011-08-10 21:24:43', 'SYSTEM', 6, '2011-08-05 00:00:00', 1, 2, 419, 'N', 3, 6, 4, 8, 4, 7, 4, 5, 4),
(1682, '2011-08-10 21:16:50', 'SYSTEM', '2012-04-11 07:15:35', 'SYSTEM', 7, '2011-08-05 00:00:00', 77, 2, 420, 'N', 4, 6, 5, 5, 5, 6, 4, 5, 4),
(1683, '2011-08-10 21:18:40', 'SYSTEM', '2011-08-10 21:24:43', 'SYSTEM', 14, '2011-08-05 00:00:00', 90, 2, 419, 'N', 5, 8, 5, 5, 3, 7, 4, 6, 9),
(1684, '2011-08-10 21:18:40', 'SYSTEM', '2011-08-10 21:24:43', 'SYSTEM', 7, '2011-08-05 00:00:00', 94, 2, 420, 'N', 4, 7, 5, 6, 4, 4, 4, 5, 5),
(1685, '2011-08-10 21:19:37', 'SYSTEM', '2011-08-10 21:24:43', 'SYSTEM', 18, '2011-08-05 00:00:00', 91, 2, 419, 'N', 4, 7, 5, 6, 5, 4, 3, 5, 5),
(1686, '2011-08-10 21:19:37', 'SYSTEM', '2012-04-11 07:15:35', 'SYSTEM', 11, '2011-08-05 00:00:00', 79, 2, 420, 'N', 4, 8, 6, 4, 6, 5, 3, 7, 6),
(1687, '2011-08-10 21:20:34', 'SYSTEM', '2011-08-10 21:24:43', 'SYSTEM', 24, '2011-08-05 00:00:00', 4, 2, 419, 'N', 5, 8, 6, 9, 5, 7, 6, 5, 7),
(1688, '2011-08-10 21:20:34', 'SYSTEM', '2011-08-10 21:24:43', 'SYSTEM', 12, '2011-08-05 00:00:00', 103, 2, 420, 'N', 5, 7, 4, 6, 5, 7, 4, 4, 5),
(1689, '2011-08-10 21:22:34', 'SYSTEM', '2012-04-12 06:09:10', 'SYSTEM', 7, '2011-08-05 00:00:00', 8, 2, 423, 'N', 5, 7, 5, 5, 5, 5, 3, 3, 4),
(1690, '2011-08-10 21:22:34', 'SYSTEM', '2012-05-15 09:54:33', 'SYSTEM', 4, '2011-08-05 00:00:00', 42, 2, 424, 'N', 4, 6, 5, 5, 4, 3, 3, 5, 4),
(1691, '2011-08-10 21:23:14', 'SYSTEM', '2012-04-12 06:09:10', 'SYSTEM', 9, '2011-08-05 00:00:00', 104, 2, 423, 'N', 6, 5, 8, 6, 4, 5, 4, 5, 6),
(1692, '2011-08-10 21:23:14', 'SYSTEM', '2012-04-12 06:22:16', 'SYSTEM', 5, '2011-08-05 00:00:00', 97, 2, 424, 'N', 5, 6, 6, 4, 4, 4, 3, 3, 3),
(1693, '2011-08-10 21:23:57', 'SYSTEM', '2012-04-11 07:24:45', 'SYSTEM', 10, '2011-08-05 00:00:00', 105, 2, 423, 'N', 4, 6, 6, 8, 5, 6, 4, 4, 7),
(1694, '2011-08-10 21:23:57', 'SYSTEM', '2012-04-12 06:22:16', 'SYSTEM', 9, '2011-08-05 00:00:00', 96, 2, 424, 'N', 4, 5, 5, 6, 4, 4, 4, 5, 4),
(1695, '2011-08-10 21:24:43', 'SYSTEM', '2011-08-10 21:24:43', 'SYSTEM', 12, '2011-08-05 00:00:00', 6, 2, 423, 'N', 4, 5, 5, 7, 5, 4, 5, 5, 4),
(1696, '2011-08-10 21:24:43', 'SYSTEM', '2012-04-12 06:22:16', 'SYSTEM', 11, '2011-08-05 00:00:00', 110, 2, 424, 'N', 4, 5, 5, 6, 5, 5, 4, 7, 5),
(1697, '2011-08-15 20:04:42', 'SYSTEM', '2011-08-15 20:28:04', 'SYSTEM', 9, '2011-08-12 00:00:00', 17, 1, 425, 'N', 5, 4, 6, 7, 5, 5, 6, 4, 6),
(1698, '2011-08-15 20:04:42', 'SYSTEM', '2011-08-15 20:28:04', 'SYSTEM', 7, '2011-08-12 00:00:00', 94, 1, 426, 'N', 6, 5, 6, 6, 4, 5, 5, 4, 6),
(1699, '2011-08-15 20:05:15', 'SYSTEM', '2011-08-15 20:28:04', 'SYSTEM', 9, '2011-08-12 00:00:00', 15, 1, 425, 'N', 7, 4, 6, 6, 4, 7, 6, 4, 4),
(1700, '2011-08-15 20:05:15', 'SYSTEM', '2012-04-11 07:15:35', 'SYSTEM', 12, '2011-08-12 00:00:00', 79, 1, 426, 'N', 7, 6, 5, 7, 3, 6, 5, 3, 7),
(1701, '2011-08-15 20:05:55', 'SYSTEM', '2011-08-15 20:28:04', 'SYSTEM', 13, '2011-08-12 00:00:00', 18, 1, 425, 'N', 7, 4, 6, 6, 4, 5, 7, 4, 6),
(1702, '2011-08-15 20:05:55', 'SYSTEM', '2011-08-15 20:28:04', 'SYSTEM', 12, '2011-08-12 00:00:00', 103, 1, 426, 'N', 5, 4, 6, 6, 4, 6, 6, 3, 6),
(1703, '2011-08-15 20:06:46', 'SYSTEM', '2011-08-15 20:28:04', 'SYSTEM', 14, '2011-08-12 00:00:00', 88, 1, 425, 'N', 6, 4, 4, 6, 6, 6, 6, 3, 7),
(1704, '2011-08-15 20:06:46', 'SYSTEM', '2012-04-11 07:15:35', 'SYSTEM', 14, '2011-08-12 00:00:00', 95, 1, 426, 'N', 7, 4, 6, 6, 3, 6, 5, 7, 4),
(1705, '2011-08-15 20:07:44', 'SYSTEM', '2012-04-12 06:09:10', 'SYSTEM', 7, '2011-08-12 00:00:00', 8, 1, 427, 'N', 5, 4, 5, 6, 3, 4, 5, 3, 5),
(1706, '2011-08-15 20:07:44', 'SYSTEM', '2012-05-15 09:54:33', 'SYSTEM', 5, '2011-08-12 00:00:00', 41, 1, 428, 'N', 4, 4, 4, 5, 3, 5, 4, 3, 5),
(1707, '2011-08-15 20:08:36', 'SYSTEM', '2012-04-12 06:09:10', 'SYSTEM', 8, '2011-08-12 00:00:00', 10, 1, 427, 'N', 9, 3, 5, 5, 4, 6, 5, 4, 7),
(1708, '2011-08-15 20:08:36', 'SYSTEM', '2012-04-11 07:24:01', 'SYSTEM', 13, '2011-08-12 00:00:00', 71, 1, 428, 'N', 7, 4, 5, 6, 3, 7, 6, 4, 5),
(1709, '2011-08-15 20:09:37', 'SYSTEM', '2012-04-12 06:09:10', 'SYSTEM', 10, '2011-08-12 00:00:00', 104, 1, 427, 'N', 4, 5, 6, 7, 5, 6, 4, 2, 5),
(1710, '2011-08-15 20:09:37', 'SYSTEM', '2012-04-11 07:24:01', 'SYSTEM', 17, '2011-08-12 00:00:00', 70, 1, 428, 'N', 7, 3, 6, 7, 3, 9, 8, 4, 5),
(1711, '2011-08-15 20:10:26', 'SYSTEM', '2012-04-12 06:09:10', 'SYSTEM', 22, '2011-08-12 00:00:00', 106, 1, 427, 'N', 7, 5, 6, 6, 4, 8, 9, 5, 9),
(1712, '2011-08-15 20:10:26', 'SYSTEM', '2012-04-11 07:24:01', 'SYSTEM', 18, '2011-08-12 00:00:00', 74, 1, 428, 'N', 7, 4, 7, 6, 3, 8, 6, 3, 6),
(1713, '2011-08-15 20:11:13', 'SYSTEM', '2012-05-15 09:54:33', 'SYSTEM', 4, '2011-08-12 00:00:00', 42, 1, 433, 'N', 4, 4, 4, 6, 3, 5, 5, 3, 6),
(1714, '2011-08-15 20:11:13', 'SYSTEM', '2012-04-11 07:15:35', 'SYSTEM', 11, '2011-08-12 00:00:00', 76, 1, 434, 'N', 7, 3, 7, 4, 3, 6, 5, 3, 6),
(1715, '2011-08-15 20:11:52', 'SYSTEM', '2012-05-15 09:54:33', 'SYSTEM', 5, '2011-08-12 00:00:00', 40, 1, 433, 'N', 5, 4, 5, 5, 2, 5, 5, 4, 4),
(1716, '2011-08-15 20:11:52', 'SYSTEM', '2012-05-12 06:59:39', 'SYSTEM', 11, '2011-08-12 00:00:00', 56, 1, 434, 'N', 6, 4, 4, 5, 3, 6, 5, 4, 6),
(1717, '2011-08-15 20:12:27', 'SYSTEM', '2012-05-15 09:54:33', 'SYSTEM', 10, '2011-08-12 00:00:00', 43, 1, 433, 'N', 5, 4, 4, 4, 3, 7, 5, 3, 5),
(1718, '2011-08-15 20:12:27', 'SYSTEM', '2012-05-12 06:59:39', 'SYSTEM', 13, '2011-08-12 00:00:00', 55, 1, 434, 'N', 6, 6, 6, 5, 5, 5, 6, 4, 7),
(1719, '2011-08-15 20:13:59', 'SYSTEM', '2012-05-15 09:54:33', 'SYSTEM', 18, '2011-08-12 00:00:00', 53, 1, 433, 'N', 8, 4, 8, 6, 5, 6, 6, 5, 8),
(1720, '2011-08-15 20:13:59', 'SYSTEM', '2012-05-12 06:59:39', 'SYSTEM', 13, '2011-08-12 00:00:00', 57, 1, 434, 'N', 6, 5, 7, 7, 3, 6, 6, 5, 7),
(1721, '2011-08-15 20:15:07', 'SYSTEM', '2012-04-11 06:39:17', 'SYSTEM', 5, '2011-08-12 00:00:00', 39, 2, 429, 'N', 3, 6, 5, 5, 5, 5, 3, 5, 5),
(1722, '2011-08-15 20:15:07', 'SYSTEM', '2011-08-15 20:28:04', 'SYSTEM', 2, '2011-08-12 00:00:00', 51, 2, 430, 'N', 3, 5, 4, 4, 5, 4, 2, 4, 5),
(1723, '2011-08-15 20:17:09', 'SYSTEM', '2012-04-11 06:39:17', 'SYSTEM', 9, '2011-08-12 00:00:00', 33, 2, 429, 'N', 3, 5, 6, 5, 5, 5, 5, 4, 5),
(1724, '2011-08-15 20:17:09', 'SYSTEM', '2011-08-15 20:28:04', 'SYSTEM', 6, '2011-08-12 00:00:00', 50, 2, 430, 'N', 2, 6, 6, 6, 4, 4, 3, 4, 4),
(1725, '2011-08-15 20:18:11', 'SYSTEM', '2011-08-15 20:28:04', 'SYSTEM', 11, '2011-08-12 00:00:00', 35, 2, 429, 'N', 5, 7, 6, 7, 5, 5, 4, 6, 4),
(1726, '2011-08-15 20:18:11', 'SYSTEM', '2011-08-15 20:28:04', 'SYSTEM', 17, '2011-08-12 00:00:00', 46, 2, 430, 'N', 5, 8, 7, 8, 6, 5, 5, 5, 6),
(1727, '2011-08-15 20:19:48', 'SYSTEM', '2011-08-15 20:28:04', 'SYSTEM', 15, '2011-08-12 00:00:00', 85, 2, 429, 'N', 3, 8, 6, 6, 6, 6, 5, 7, 5),
(1728, '2011-08-15 20:19:48', 'SYSTEM', '2011-08-15 20:28:04', 'SYSTEM', 10, '2011-08-12 00:00:00', 118, 2, 430, 'N', 4, 6, 6, 5, 6, 5, 5, 5, 5),
(1729, '2011-08-15 20:21:08', 'SYSTEM', '2012-05-05 07:40:35', 'SYSTEM', 4, '2011-08-12 00:00:00', 25, 2, 431, 'N', 3, 5, 5, 5, 6, 4, 4, 7, 4),
(1730, '2011-08-15 20:21:08', 'SYSTEM', '2012-04-12 06:22:16', 'SYSTEM', 7, '2011-08-12 00:00:00', 109, 2, 432, 'N', 4, 5, 6, 4, 7, 4, 2, 4, 6),
(1731, '2011-08-15 20:23:09', 'SYSTEM', '2012-05-05 07:40:35', 'SYSTEM', 5, '2011-08-12 00:00:00', 84, 2, 431, 'N', 3, 5, 5, 4, 7, 4, 3, 5, 5),
(1732, '2011-08-15 20:23:09', 'SYSTEM', '2012-04-12 06:22:16', 'SYSTEM', 7, '2011-08-12 00:00:00', 100, 2, 432, 'N', 3, 5, 5, 6, 5, 6, 3, 3, 3),
(1733, '2011-08-15 20:23:46', 'SYSTEM', '2012-05-05 07:40:35', 'SYSTEM', 8, '2011-08-12 00:00:00', 28, 2, 431, 'N', 4, 6, 5, 5, 6, 4, 3, 6, 6),
(1734, '2011-08-15 20:23:46', 'SYSTEM', '2012-04-12 06:22:16', 'SYSTEM', 7, '2011-08-12 00:00:00', 96, 2, 432, 'N', 4, 4, 5, 5, 5, 5, 3, 3, 4),
(1735, '2011-08-15 20:24:31', 'SYSTEM', '2012-05-05 07:40:35', 'SYSTEM', 13, '2011-08-12 00:00:00', 112, 2, 431, 'N', 4, 6, 5, 6, 4, 5, 3, 6, 7),
(1736, '2011-08-15 20:24:31', 'SYSTEM', '2012-04-12 06:22:16', 'SYSTEM', 11, '2011-08-12 00:00:00', 99, 2, 432, 'N', 4, 6, 5, 5, 5, 5, 4, 6, 5),
(1737, '2011-08-15 20:25:41', 'SYSTEM', '2011-08-15 20:28:04', 'SYSTEM', 6, '2011-08-12 00:00:00', 1, 2, 435, 'N', 4, 7, 4, 8, 6, 5, 3, 5, 4),
(1738, '2011-08-15 20:25:41', 'SYSTEM', '2011-08-15 20:28:04', 'SYSTEM', 10, '2011-08-12 00:00:00', 65, 2, 436, 'N', 4, 5, 4, 5, 5, 4, 4, 5, 4),
(1739, '2011-08-15 20:26:27', 'SYSTEM', '2011-08-15 20:28:04', 'SYSTEM', 11, '2011-08-12 00:00:00', 6, 2, 435, 'N', 6, 8, 5, 6, 4, 5, 4, 10, 4),
(1740, '2011-08-15 20:26:27', 'SYSTEM', '2011-08-15 20:28:04', 'SYSTEM', 11, '2011-08-12 00:00:00', 64, 2, 436, 'N', 4, 6, 5, 6, 5, 6, 4, 7, 5),
(1741, '2011-08-15 20:27:19', 'SYSTEM', '2011-08-15 20:28:04', 'SYSTEM', 12, '2011-08-12 00:00:00', 2, 2, 435, 'N', 4, 5, 5, 6, 5, 6, 4, 5, 6),
(1742, '2011-08-15 20:27:19', 'SYSTEM', '2011-08-15 20:28:04', 'SYSTEM', 14, '2011-08-12 00:00:00', 62, 2, 436, 'N', 4, 7, 8, 8, 7, 6, 4, 5, 4);
INSERT INTO `STJ_WEEKLY_SCORE` (`WEEKLY_SCORE_ID`, `CRTN_DT`, `CRTN_USER_ID`, `LAST_UPTD_DT`, `LAST_UPTD_USER_ID`, `HANDICAP`, `SCORE_DATE`, `PLAYER_ID`, `SIDE_ID`, `TEAM_SCORE_ID`, `GHOST_FLG`, `HOLE_1_SCORE`, `HOLE_2_SCORE`, `HOLE_3_SCORE`, `HOLE_4_SCORE`, `HOLE_5_SCORE`, `HOLE_6_SCORE`, `HOLE_7_SCORE`, `HOLE_8_SCORE`, `HOLE_9_SCORE`) VALUES
(1743, '2011-08-15 20:28:04', 'SYSTEM', '2011-08-15 20:28:04', 'SYSTEM', 14, '2011-08-12 00:00:00', 90, 2, 435, 'N', 4, 7, 5, 6, 5, 6, 7, 5, 6),
(1744, '2011-08-15 20:28:04', 'SYSTEM', '2011-08-15 20:28:04', 'SYSTEM', 23, '2011-08-12 00:00:00', 66, 2, 436, 'N', 3, 10, 6, 10, 8, 7, 6, 7, 8),
(1745, '2011-08-25 21:12:13', 'SYSTEM', '2011-08-25 21:47:14', 'SYSTEM', 9, '2011-08-19 00:00:00', 3, 1, 437, 'N', 5, 4, 5, 6, 3, 6, 6, 4, 8),
(1746, '2011-08-25 21:12:13', 'SYSTEM', '2012-05-12 06:59:39', 'SYSTEM', 8, '2011-08-19 00:00:00', 107, 1, 438, 'N', 4, 4, 4, 5, 4, 7, 4, 3, 6),
(1747, '2011-08-25 21:13:00', 'SYSTEM', '2011-08-25 21:47:14', 'SYSTEM', 11, '2011-08-19 00:00:00', 2, 1, 437, 'N', 4, 5, 7, 6, 4, 8, 4, 4, 5),
(1748, '2011-08-25 21:13:00', 'SYSTEM', '2012-05-12 06:59:39', 'SYSTEM', 12, '2011-08-19 00:00:00', 55, 1, 438, 'N', 4, 4, 5, 7, 3, 7, 4, 3, 8),
(1749, '2011-08-25 21:13:47', 'SYSTEM', '2011-08-25 21:47:14', 'SYSTEM', 12, '2011-08-19 00:00:00', 6, 1, 437, 'N', 6, 4, 6, 5, 4, 7, 5, 4, 8),
(1750, '2011-08-25 21:13:47', 'SYSTEM', '2012-05-12 06:59:39', 'SYSTEM', 12, '2011-08-19 00:00:00', 58, 1, 438, 'N', 8, 5, 6, 5, 4, 6, 6, 4, 6),
(1751, '2011-08-25 21:14:37', 'SYSTEM', '2011-08-25 21:47:14', 'SYSTEM', 23, '2011-08-19 00:00:00', 4, 1, 437, 'N', 6, 3, 8, 5, 3, 8, 5, 4, 8),
(1752, '2011-08-25 21:14:37', 'SYSTEM', '2012-04-12 06:09:10', 'SYSTEM', 22, '2011-08-19 00:00:00', 106, 1, 438, 'N', 7, 6, 5, 8, 5, 7, 7, 4, 8),
(1753, '2011-08-25 21:16:06', 'SYSTEM', '2011-08-25 21:47:14', 'SYSTEM', 10, '2011-08-19 00:00:00', 47, 1, 439, 'N', 7, 7, 6, 5, 4, 6, 6, 4, 5),
(1754, '2011-08-25 21:16:06', 'SYSTEM', '2012-04-11 07:15:35', 'SYSTEM', 8, '2011-08-19 00:00:00', 77, 1, 440, 'N', 6, 4, 4, 5, 5, 6, 4, 4, 8),
(1755, '2011-08-25 21:23:01', 'SYSTEM', '2011-08-25 21:47:14', 'SYSTEM', 10, '2011-08-19 00:00:00', 52, 1, 439, 'N', 5, 4, 7, 4, 5, 6, 5, 4, 6),
(1756, '2011-08-25 21:23:01', 'SYSTEM', '2011-08-25 21:47:14', 'SYSTEM', 8, '2011-08-19 00:00:00', 94, 1, 440, 'N', 6, 4, 5, 6, 4, 6, 5, 4, 6),
(1757, '2011-08-25 21:24:01', 'SYSTEM', '2011-08-25 21:47:14', 'SYSTEM', 17, '2011-08-19 00:00:00', 46, 1, 439, 'N', 5, 3, 7, 5, 4, 9, 7, 4, 8),
(1758, '2011-08-25 21:24:01', 'SYSTEM', '2011-08-25 21:47:14', 'SYSTEM', 11, '2011-08-19 00:00:00', 103, 1, 440, 'N', 6, 3, 5, 6, 6, 6, 7, 5, 7),
(1759, '2011-08-25 21:26:30', 'SYSTEM', '2011-08-25 21:47:14', 'SYSTEM', 24, '2011-08-19 00:00:00', 119, 1, 439, 'N', 9, 6, 7, 7, 9, 8, 4, 4, 8),
(1760, '2011-08-25 21:26:30', 'SYSTEM', '2012-04-11 07:15:35', 'SYSTEM', 12, '2011-08-19 00:00:00', 79, 1, 440, 'N', 6, 4, 6, 6, 5, 7, 5, 5, 6),
(1761, '2011-08-25 21:27:35', 'SYSTEM', '2012-04-12 06:09:10', 'SYSTEM', 6, '2011-08-19 00:00:00', 8, 1, 445, 'N', 4, 5, 4, 4, 3, 6, 4, 3, 5),
(1762, '2011-08-25 21:27:35', 'SYSTEM', '2011-08-25 21:47:14', 'SYSTEM', 10, '2011-08-19 00:00:00', 17, 1, 446, 'N', 6, 4, 10, 5, 4, 7, 4, 5, 4),
(1763, '2011-08-25 21:28:16', 'SYSTEM', '2012-04-12 06:09:10', 'SYSTEM', 10, '2011-08-19 00:00:00', 104, 1, 445, 'N', 6, 5, 6, 6, 3, 8, 4, 4, 8),
(1764, '2011-08-25 21:28:16', 'SYSTEM', '2011-08-25 21:47:14', 'SYSTEM', 12, '2011-08-19 00:00:00', 18, 1, 446, 'N', 7, 4, 8, 6, 3, 6, 4, 6, 6),
(1765, '2011-08-25 21:29:06', 'SYSTEM', '2012-04-11 07:24:45', 'SYSTEM', 12, '2011-08-19 00:00:00', 105, 1, 445, 'N', 6, 4, 6, 5, 6, 6, 5, 4, 6),
(1766, '2011-08-25 21:29:06', 'SYSTEM', '2011-08-25 21:47:14', 'SYSTEM', 13, '2011-08-19 00:00:00', 88, 1, 446, 'N', 5, 5, 4, 6, 4, 6, 7, 4, 7),
(1767, '2011-08-25 21:29:47', 'SYSTEM', '2012-04-12 06:09:10', 'SYSTEM', 12, '2011-08-19 00:00:00', 7, 1, 445, 'N', 7, 3, 6, 6, 4, 7, 5, 4, 7),
(1768, '2011-08-25 21:29:47', 'SYSTEM', '2011-08-25 21:47:14', 'SYSTEM', 13, '2011-08-19 00:00:00', 19, 1, 446, 'N', 5, 6, 7, 6, 3, 6, 4, 5, 5),
(1769, '2011-08-25 21:34:41', 'SYSTEM', '2011-08-25 21:47:14', 'SYSTEM', 11, '2011-08-19 00:00:00', 64, 2, 441, 'N', 4, 6, 5, 6, 4, 6, 4, 4, 6),
(1770, '2011-08-25 21:34:41', 'SYSTEM', '2012-04-12 06:22:16', 'SYSTEM', 4, '2011-08-19 00:00:00', 97, 2, 442, 'N', 3, 5, 5, 6, 6, 3, 4, 4, 4),
(1771, '2011-08-25 21:35:25', 'SYSTEM', '2011-08-25 21:47:14', 'SYSTEM', 13, '2011-08-19 00:00:00', 61, 2, 441, 'N', 4, 5, 8, 8, 7, 4, 4, 9, 4),
(1772, '2011-08-25 21:35:25', 'SYSTEM', '2012-04-12 06:22:16', 'SYSTEM', 5, '2011-08-19 00:00:00', 98, 2, 442, 'N', 5, 6, 5, 5, 4, 5, 4, 4, 6),
(1773, '2011-08-25 21:36:06', 'SYSTEM', '2011-08-25 21:47:14', 'SYSTEM', 13, '2011-08-19 00:00:00', 59, 2, 441, 'N', 4, 6, 6, 6, 5, 6, 3, 6, 5),
(1774, '2011-08-25 21:36:06', 'SYSTEM', '2012-04-12 06:22:16', 'SYSTEM', 11, '2011-08-19 00:00:00', 110, 2, 442, 'N', 3, 5, 5, 5, 5, 5, 3, 6, 5),
(1775, '2011-08-25 21:36:47', 'SYSTEM', '2011-08-25 21:47:14', 'SYSTEM', 14, '2011-08-19 00:00:00', 62, 2, 441, 'N', 4, 8, 6, 5, 5, 4, 3, 3, 6),
(1776, '2011-08-25 21:36:47', 'SYSTEM', '2012-04-12 06:22:16', 'SYSTEM', 17, '2011-08-19 00:00:00', 101, 2, 442, 'N', 4, 8, 8, 7, 6, 6, 6, 5, 5),
(1777, '2011-08-25 21:39:07', 'SYSTEM', '2012-04-11 06:39:17', 'SYSTEM', 8, '2011-08-19 00:00:00', 37, 2, 443, 'N', 5, 7, 5, 7, 6, 4, 5, 6, 5),
(1778, '2011-08-25 21:39:07', 'SYSTEM', '2012-04-11 07:24:01', 'SYSTEM', 13, '2011-08-19 00:00:00', 71, 2, 444, 'N', 3, 7, 6, 5, 4, 8, 5, 7, 4),
(1779, '2011-08-25 21:40:22', 'SYSTEM', '2012-04-11 06:39:17', 'SYSTEM', 10, '2011-08-19 00:00:00', 38, 2, 443, 'N', 3, 6, 5, 5, 6, 5, 4, 5, 5),
(1780, '2011-08-25 21:40:22', 'SYSTEM', '2012-04-11 07:24:01', 'SYSTEM', 18, '2011-08-19 00:00:00', 74, 2, 444, 'N', 4, 8, 6, 7, 5, 6, 4, 6, 7),
(1781, '2011-08-25 21:42:25', 'SYSTEM', '2011-08-25 21:47:14', 'SYSTEM', 12, '2011-08-19 00:00:00', 35, 2, 443, 'N', 4, 7, 6, 5, 5, 6, 3, 4, 4),
(1782, '2011-08-25 21:42:25', 'SYSTEM', '2011-08-25 21:47:14', 'SYSTEM', 8, '2011-08-19 00:00:00', 65, 2, 444, 'N', 4, 10, 6, 5, 6, 7, 3, 6, 6),
(1783, '2011-08-25 21:43:26', 'SYSTEM', '2012-04-11 06:39:17', 'SYSTEM', 17, '2011-08-19 00:00:00', 34, 2, 443, 'N', 4, 7, 7, 6, 6, 5, 4, 6, 6),
(1784, '2011-08-25 21:43:26', 'SYSTEM', '2012-04-11 07:24:01', 'SYSTEM', 18, '2011-08-19 00:00:00', 68, 2, 444, 'N', 5, 10, 6, 8, 7, 5, 4, 6, 6),
(1785, '2011-08-25 21:44:44', 'SYSTEM', '2012-05-05 07:40:35', 'SYSTEM', 6, '2011-08-19 00:00:00', 28, 2, 447, 'N', 4, 6, 5, 6, 5, 6, 4, 5, 5),
(1786, '2011-08-25 21:44:44', 'SYSTEM', '2012-05-15 09:54:33', 'SYSTEM', 4, '2011-08-19 00:00:00', 42, 2, 448, 'N', 4, 5, 4, 5, 5, 6, 3, 4, 5),
(1787, '2011-08-25 21:45:29', 'SYSTEM', '2012-05-05 07:40:35', 'SYSTEM', 8, '2011-08-19 00:00:00', 29, 2, 447, 'N', 4, 7, 6, 4, 4, 4, 4, 4, 5),
(1788, '2011-08-25 21:45:29', 'SYSTEM', '2012-05-15 09:54:33', 'SYSTEM', 4, '2011-08-19 00:00:00', 40, 2, 448, 'N', 4, 6, 4, 5, 5, 5, 4, 5, 5),
(1789, '2011-08-25 21:46:16', 'SYSTEM', '2012-05-05 07:40:35', 'SYSTEM', 10, '2011-08-19 00:00:00', 30, 2, 447, 'N', 4, 7, 5, 5, 6, 4, 4, 6, 4),
(1790, '2011-08-25 21:46:16', 'SYSTEM', '2012-05-15 09:54:33', 'SYSTEM', 5, '2011-08-19 00:00:00', 41, 2, 448, 'N', 4, 6, 4, 6, 4, 4, 3, 3, 5),
(1791, '2011-08-25 21:47:14', 'SYSTEM', '2012-04-22 09:43:52', 'SYSTEM', 10, '2011-08-19 00:00:00', 27, 2, 447, 'N', 5, 6, 6, 5, 5, 5, 5, 4, 5),
(1792, '2011-08-25 21:47:14', 'SYSTEM', '2012-05-15 09:54:33', 'SYSTEM', 9, '2011-08-19 00:00:00', 43, 2, 448, 'N', 4, 7, 5, 4, 5, 6, 4, 4, 6),
(1793, '2011-08-27 22:18:28', 'SYSTEM', '2011-08-27 22:41:19', 'SYSTEM', 1, '2011-08-26 00:00:00', 51, 1, 449, 'N', 6, 4, 5, 3, 3, 4, 4, 3, 4),
(1794, '2011-08-27 22:18:28', 'SYSTEM', '2012-04-11 07:24:01', 'SYSTEM', 12, '2011-08-26 00:00:00', 71, 1, 450, 'N', 6, 4, 7, 6, 7, 6, 4, 5, 7),
(1795, '2011-08-27 22:19:04', 'SYSTEM', '2011-08-27 22:41:19', 'SYSTEM', 10, '2011-08-26 00:00:00', 47, 1, 449, 'N', 5, 3, 6, 7, 5, 7, 6, 5, 5),
(1796, '2011-08-27 22:19:04', 'SYSTEM', '2011-08-27 22:41:19', 'SYSTEM', 18, '2011-08-26 00:00:00', 69, 1, 450, 'N', 5, 4, 6, 6, 4, 8, 7, 3, 10),
(1797, '2011-08-27 22:19:50', 'SYSTEM', '2011-08-27 22:41:19', 'SYSTEM', 10, '2011-08-26 00:00:00', 52, 1, 449, 'N', 5, 4, 5, 5, 5, 5, 5, 3, 7),
(1798, '2011-08-27 22:19:50', 'SYSTEM', '2012-04-11 07:24:01', 'SYSTEM', 18, '2011-08-26 00:00:00', 74, 1, 450, 'N', 7, 5, 10, 5, 3, 5, 8, 4, 10),
(1799, '2011-08-27 22:20:29', 'SYSTEM', '2011-08-27 22:41:19', 'SYSTEM', 13, '2011-08-26 00:00:00', 48, 1, 449, 'N', 5, 8, 8, 8, 4, 9, 5, 6, 9),
(1800, '2011-08-27 22:20:29', 'SYSTEM', '2012-04-11 07:24:01', 'SYSTEM', 19, '2011-08-26 00:00:00', 80, 1, 450, 'N', 6, 6, 7, 5, 4, 8, 6, 3, 7),
(1801, '2011-08-27 22:22:00', 'SYSTEM', '2012-05-12 06:59:39', 'SYSTEM', 10, '2011-08-26 00:00:00', 56, 1, 451, 'N', 5, 4, 6, 6, 4, 6, 6, 3, 6),
(1802, '2011-08-27 22:22:00', 'SYSTEM', '2012-04-12 06:22:16', 'SYSTEM', 6, '2011-08-26 00:00:00', 100, 1, 452, 'N', 5, 5, 5, 5, 4, 5, 7, 3, 4),
(1803, '2011-08-27 22:22:39', 'SYSTEM', '2012-05-12 06:59:39', 'SYSTEM', 11, '2011-08-26 00:00:00', 55, 1, 451, 'N', 5, 4, 6, 5, 6, 8, 6, 6, 6),
(1804, '2011-08-27 22:22:39', 'SYSTEM', '2012-04-12 06:22:16', 'SYSTEM', 10, '2011-08-26 00:00:00', 99, 1, 452, 'N', 7, 4, 5, 5, 2, 7, 4, 4, 6),
(1805, '2011-08-27 22:23:26', 'SYSTEM', '2012-05-12 06:59:39', 'SYSTEM', 12, '2011-08-26 00:00:00', 58, 1, 451, 'N', 8, 5, 6, 6, 7, 6, 5, 3, 8),
(1806, '2011-08-27 22:23:26', 'SYSTEM', '2012-04-12 06:22:16', 'SYSTEM', 10, '2011-08-26 00:00:00', 110, 1, 452, 'N', 6, 3, 5, 6, 4, 7, 5, 3, 5),
(1807, '2011-08-27 22:24:13', 'SYSTEM', '2012-05-12 06:59:39', 'SYSTEM', 14, '2011-08-26 00:00:00', 57, 1, 451, 'N', 6, 5, 7, 8, 3, 8, 7, 4, 5),
(1808, '2011-08-27 22:24:13', 'SYSTEM', '2012-04-12 06:22:16', 'SYSTEM', 17, '2011-08-26 00:00:00', 101, 1, 452, 'N', 7, 5, 6, 6, 6, 5, 5, 4, 6),
(1809, '2011-08-27 22:25:22', 'SYSTEM', '2012-05-05 07:40:35', 'SYSTEM', 5, '2011-08-26 00:00:00', 84, 1, 457, 'N', 5, 4, 7, 4, 3, 5, 5, 4, 4),
(1810, '2011-08-27 22:25:22', 'SYSTEM', '2011-08-27 22:41:19', 'SYSTEM', 8, '2011-08-26 00:00:00', 65, 1, 458, 'N', 5, 5, 4, 4, 5, 5, 5, 4, 6),
(1811, '2011-08-27 22:27:47', 'SYSTEM', '2012-05-05 07:40:35', 'SYSTEM', 5, '2011-08-26 00:00:00', 25, 1, 457, 'N', 6, 4, 5, 4, 4, 5, 5, 3, 5),
(1812, '2011-08-27 22:27:47', 'SYSTEM', '2011-08-27 22:41:19', 'SYSTEM', 14, '2011-08-26 00:00:00', 61, 1, 458, 'N', 6, 5, 8, 7, 4, 5, 4, 5, 9),
(1813, '2011-08-27 22:28:35', 'SYSTEM', '2012-05-05 07:40:35', 'SYSTEM', 8, '2011-08-26 00:00:00', 31, 1, 457, 'N', 4, 3, 7, 5, 4, 4, 5, 3, 4),
(1814, '2011-08-27 22:28:35', 'SYSTEM', '2011-08-27 22:41:19', 'SYSTEM', 15, '2011-08-26 00:00:00', 60, 1, 458, 'N', 9, 4, 6, 5, 4, 7, 8, 5, 7),
(1815, '2011-08-27 22:29:57', 'SYSTEM', '2012-05-05 07:40:35', 'SYSTEM', 11, '2011-08-26 00:00:00', 112, 1, 457, 'N', 4, 6, 5, 5, 3, 5, 6, 5, 5),
(1816, '2011-08-27 22:29:57', 'SYSTEM', '2011-08-27 22:41:19', 'SYSTEM', 24, '2011-08-26 00:00:00', 66, 1, 458, 'N', 10, 6, 5, 6, 5, 9, 8, 4, 9),
(1817, '2011-08-27 22:31:11', 'SYSTEM', '2011-08-27 22:41:19', 'SYSTEM', 9, '2011-08-26 00:00:00', 3, 2, 453, 'N', 4, 8, 5, 6, 5, 4, 4, 4, 4),
(1818, '2011-08-27 22:31:11', 'SYSTEM', '2012-05-15 09:54:33', 'SYSTEM', 4, '2011-08-26 00:00:00', 40, 2, 454, 'N', 3, 6, 5, 7, 4, 5, 4, 4, 3),
(1819, '2011-08-27 22:32:08', 'SYSTEM', '2011-08-27 22:41:19', 'SYSTEM', 13, '2011-08-26 00:00:00', 90, 2, 453, 'N', 3, 6, 3, 7, 5, 6, 3, 6, 5),
(1820, '2011-08-27 22:32:08', 'SYSTEM', '2012-05-15 09:54:33', 'SYSTEM', 5, '2011-08-26 00:00:00', 41, 2, 454, 'N', 3, 6, 5, 7, 4, 4, 5, 5, 4),
(1821, '2011-08-27 22:32:52', 'SYSTEM', '2011-08-27 22:41:19', 'SYSTEM', 16, '2011-08-26 00:00:00', 91, 2, 453, 'N', 5, 6, 8, 6, 7, 5, 5, 5, 5),
(1822, '2011-08-27 22:32:52', 'SYSTEM', '2012-03-21 22:39:23', 'SYSTEM', 13, '2011-08-26 00:00:00', 92, 2, 454, 'N', 5, 6, 5, 6, 5, 5, 5, 7, 5),
(1823, '2011-08-27 22:33:29', 'SYSTEM', '2011-08-27 22:41:19', 'SYSTEM', 21, '2011-08-26 00:00:00', 4, 2, 453, 'N', 4, 7, 5, 6, 7, 5, 4, 7, 9),
(1824, '2011-08-27 22:33:29', 'SYSTEM', '2012-05-15 09:54:33', 'SYSTEM', 18, '2011-08-26 00:00:00', 53, 2, 454, 'N', 6, 6, 7, 6, 6, 7, 5, 7, 5),
(1825, '2011-08-27 22:34:34', 'SYSTEM', '2012-04-12 06:09:10', 'SYSTEM', 9, '2011-08-26 00:00:00', 10, 2, 455, 'N', 4, 7, 5, 6, 5, 6, 4, 5, 4),
(1826, '2011-08-27 22:34:34', 'SYSTEM', '2012-04-11 07:15:35', 'SYSTEM', 8, '2011-08-26 00:00:00', 77, 2, 456, 'N', 5, 6, 5, 7, 4, 5, 4, 6, 5),
(1827, '2011-08-27 22:35:13', 'SYSTEM', '2012-04-12 06:09:10', 'SYSTEM', 11, '2011-08-26 00:00:00', 104, 2, 455, 'N', 3, 7, 6, 4, 4, 6, 3, 7, 4),
(1828, '2011-08-27 22:35:13', 'SYSTEM', '2011-08-27 22:41:19', 'SYSTEM', 9, '2011-08-26 00:00:00', 94, 2, 456, 'N', 4, 8, 5, 5, 4, 6, 4, 5, 4),
(1829, '2011-08-27 22:36:10', 'SYSTEM', '2012-04-12 06:09:10', 'SYSTEM', 12, '2011-08-26 00:00:00', 7, 2, 455, 'N', 4, 7, 6, 6, 5, 7, 5, 5, 5),
(1830, '2011-08-27 22:36:10', 'SYSTEM', '2011-08-27 22:41:19', 'SYSTEM', 12, '2011-08-26 00:00:00', 103, 2, 456, 'N', 4, 6, 7, 6, 5, 7, 2, 4, 5),
(1831, '2011-08-27 22:37:17', 'SYSTEM', '2012-04-12 06:09:10', 'SYSTEM', 21, '2011-08-26 00:00:00', 106, 2, 455, 'N', 5, 8, 8, 8, 6, 9, 3, 7, 7),
(1832, '2011-08-27 22:37:17', 'SYSTEM', '2012-04-11 07:15:35', 'SYSTEM', 12, '2011-08-26 00:00:00', 79, 2, 456, 'N', 5, 6, 7, 7, 5, 6, 3, 4, 6),
(1833, '2011-08-27 22:38:10', 'SYSTEM', '2011-08-27 22:41:19', 'SYSTEM', 5, '2011-08-26 00:00:00', 16, 2, 459, 'N', 3, 5, 4, 5, 5, 6, 4, 4, 4),
(1834, '2011-08-27 22:38:10', 'SYSTEM', '2012-04-11 06:39:17', 'SYSTEM', 5, '2011-08-26 00:00:00', 39, 2, 460, 'N', 5, 5, 6, 6, 5, 5, 4, 5, 4),
(1835, '2011-08-27 22:39:08', 'SYSTEM', '2011-08-27 22:41:19', 'SYSTEM', 9, '2011-08-26 00:00:00', 21, 2, 459, 'N', 5, 7, 7, 6, 4, 5, 5, 5, 5),
(1836, '2011-08-27 22:39:08', 'SYSTEM', '2012-04-11 06:39:17', 'SYSTEM', 9, '2011-08-26 00:00:00', 38, 2, 460, 'N', 5, 5, 7, 6, 6, 4, 4, 4, 4),
(1837, '2011-08-27 22:39:50', 'SYSTEM', '2011-08-27 22:41:19', 'SYSTEM', 10, '2011-08-26 00:00:00', 15, 2, 459, 'N', 4, 6, 6, 6, 3, 5, 4, 5, 6),
(1838, '2011-08-27 22:39:50', 'SYSTEM', '2011-08-27 22:41:19', 'SYSTEM', 13, '2011-08-26 00:00:00', 85, 2, 460, 'N', 4, 8, 9, 7, 5, 8, 4, 7, 6),
(1839, '2011-08-27 22:41:19', 'SYSTEM', '2011-08-27 22:41:19', 'SYSTEM', 12, '2011-08-26 00:00:00', 18, 2, 459, 'N', 5, 7, 5, 6, 8, 5, 4, 7, 5),
(1840, '2011-08-27 22:41:19', 'SYSTEM', '2012-04-11 06:39:17', 'SYSTEM', 16, '2011-08-26 00:00:00', 34, 2, 460, 'N', 7, 7, 6, 7, 9, 8, 5, 6, 7),
(1841, '2011-09-02 20:33:34', 'SYSTEM', '2012-05-15 09:54:33', 'SYSTEM', 4, '2011-09-02 00:00:00', 42, 1, 461, 'N', 6, 3, 6, 5, 3, 5, 4, 4, 5),
(1842, '2011-09-02 20:33:34', 'SYSTEM', '2012-04-12 06:22:16', 'SYSTEM', 3, '2011-09-02 00:00:00', 97, 1, 462, 'N', 5, 4, 4, 5, 3, 4, 5, 5, 4),
(1843, '2011-09-02 20:34:06', 'SYSTEM', '2012-05-15 09:54:33', 'SYSTEM', 8, '2011-09-02 00:00:00', 43, 1, 461, 'N', 5, 3, 4, 4, 6, 5, 6, 3, 6),
(1844, '2011-09-02 20:34:06', 'SYSTEM', '2012-04-12 06:22:16', 'SYSTEM', 5, '2011-09-02 00:00:00', 98, 1, 462, 'N', 5, 3, 7, 5, 4, 6, 8, 4, 6),
(1845, '2011-09-02 20:35:52', 'SYSTEM', '2012-03-21 22:39:23', 'SYSTEM', 13, '2011-09-02 00:00:00', 92, 1, 461, 'N', 6, 5, 6, 4, 6, 8, 6, 4, 7),
(1846, '2011-09-02 20:35:52', 'SYSTEM', '2012-04-12 06:22:16', 'SYSTEM', 6, '2011-09-02 00:00:00', 100, 1, 462, 'N', 5, 4, 5, 5, 4, 5, 6, 4, 5),
(1847, '2011-09-02 20:36:40', 'SYSTEM', '2012-05-15 09:54:33', 'SYSTEM', 18, '2011-09-02 00:00:00', 53, 1, 461, 'N', 6, 4, 6, 8, 5, 7, 4, 3, 6),
(1848, '2011-09-02 20:36:40', 'SYSTEM', '2012-04-12 06:22:16', 'SYSTEM', 7, '2011-09-02 00:00:00', 109, 1, 462, 'N', 5, 5, 5, 4, 3, 6, 4, 3, 5),
(1849, '2011-09-02 20:37:35', 'SYSTEM', '2011-09-02 20:55:47', 'SYSTEM', 6, '2011-09-02 00:00:00', 1, 1, 463, 'N', 5, 4, 4, 5, 4, 5, 4, 3, 6),
(1850, '2011-09-02 20:37:35', 'SYSTEM', '2012-05-05 07:40:35', 'SYSTEM', 5, '2011-09-02 00:00:00', 25, 1, 464, 'N', 4, 4, 4, 6, 4, 5, 4, 3, 6),
(1851, '2011-09-02 20:38:30', 'SYSTEM', '2011-09-02 20:55:47', 'SYSTEM', 11, '2011-09-02 00:00:00', 2, 1, 463, 'N', 6, 4, 6, 6, 3, 8, 5, 4, 6),
(1852, '2011-09-02 20:38:30', 'SYSTEM', '2012-05-05 07:40:35', 'SYSTEM', 8, '2011-09-02 00:00:00', 28, 1, 464, 'N', 5, 4, 5, 5, 3, 6, 4, 3, 6),
(1853, '2011-09-02 20:39:11', 'SYSTEM', '2011-09-02 20:55:47', 'SYSTEM', 11, '2011-09-02 00:00:00', 6, 1, 463, 'N', 5, 4, 6, 9, 5, 8, 4, 3, 8),
(1854, '2011-09-02 20:39:11', 'SYSTEM', '2012-05-05 07:40:35', 'SYSTEM', 10, '2011-09-02 00:00:00', 30, 1, 464, 'N', 6, 4, 6, 4, 4, 5, 5, 3, 4),
(1855, '2011-09-02 20:39:59', 'SYSTEM', '2011-09-02 20:55:47', 'SYSTEM', 12, '2011-09-02 00:00:00', 90, 1, 463, 'N', 7, 4, 6, 8, 5, 7, 5, 4, 7),
(1856, '2011-09-02 20:39:59', 'SYSTEM', '2012-04-22 09:43:52', 'SYSTEM', 10, '2011-09-02 00:00:00', 27, 1, 464, 'N', 6, 4, 6, 4, 4, 6, 5, 6, 7),
(1857, '2011-09-02 20:40:54', 'SYSTEM', '2012-04-11 06:39:17', 'SYSTEM', 5, '2011-09-02 00:00:00', 39, 1, 469, 'N', 6, 3, 4, 5, 4, 7, 5, 4, 5),
(1858, '2011-09-02 20:40:54', 'SYSTEM', '2012-04-11 07:15:35', 'SYSTEM', 9, '2011-09-02 00:00:00', 77, 1, 470, 'N', 4, 4, 7, 5, 2, 6, 5, 3, 6),
(1859, '2011-09-02 20:41:32', 'SYSTEM', '2012-04-11 06:39:17', 'SYSTEM', 8, '2011-09-02 00:00:00', 38, 1, 469, 'N', 6, 4, 5, 7, 3, 6, 4, 4, 5),
(1860, '2011-09-02 20:41:32', 'SYSTEM', '2011-09-02 20:55:47', 'SYSTEM', 9, '2011-09-02 00:00:00', 94, 1, 470, 'N', 5, 4, 6, 5, 4, 7, 6, 4, 8),
(1861, '2011-09-02 20:42:19', 'SYSTEM', '2012-04-11 06:39:17', 'SYSTEM', 9, '2011-09-02 00:00:00', 37, 1, 469, 'N', 6, 5, 6, 6, 5, 6, 7, 3, 8),
(1862, '2011-09-02 20:42:19', 'SYSTEM', '2011-09-02 20:55:47', 'SYSTEM', 11, '2011-09-02 00:00:00', 103, 1, 470, 'N', 6, 4, 8, 7, 6, 7, 5, 4, 9),
(1863, '2011-09-02 20:42:57', 'SYSTEM', '2011-09-02 20:55:47', 'SYSTEM', 11, '2011-09-02 00:00:00', 35, 1, 469, 'N', 5, 4, 5, 5, 4, 6, 6, 3, 9),
(1864, '2011-09-02 20:42:57', 'SYSTEM', '2012-04-11 07:15:35', 'SYSTEM', 13, '2011-09-02 00:00:00', 95, 1, 470, 'N', 8, 4, 7, 8, 4, 6, 5, 4, 6),
(1865, '2011-09-02 20:44:03', 'SYSTEM', '2011-09-02 20:55:47', 'SYSTEM', 5, '2011-09-02 00:00:00', 16, 2, 465, 'N', 4, 4, 6, 5, 3, 5, 3, 4, 5),
(1866, '2011-09-02 20:44:03', 'SYSTEM', '2012-04-11 07:24:01', 'SYSTEM', 11, '2011-09-02 00:00:00', 73, 2, 466, 'N', 5, 7, 6, 7, 5, 5, 4, 6, 6),
(1867, '2011-09-02 20:44:36', 'SYSTEM', '2011-09-02 20:55:47', 'SYSTEM', 9, '2011-09-02 00:00:00', 15, 2, 465, 'N', 5, 5, 5, 5, 5, 6, 5, 4, 4),
(1868, '2011-09-02 20:44:36', 'SYSTEM', '2012-04-11 07:24:01', 'SYSTEM', 13, '2011-09-02 00:00:00', 71, 2, 466, 'N', 4, 6, 6, 6, 6, 5, 5, 5, 8),
(1869, '2011-09-02 20:45:28', 'SYSTEM', '2011-09-02 20:55:47', 'SYSTEM', 9, '2011-09-02 00:00:00', 21, 2, 465, 'N', 5, 7, 6, 5, 4, 6, 3, 4, 5),
(1870, '2011-09-02 20:45:28', 'SYSTEM', '2012-04-11 07:24:01', 'SYSTEM', 17, '2011-09-02 00:00:00', 70, 2, 466, 'N', 6, 9, 6, 6, 7, 6, 6, 8, 5),
(1871, '2011-09-02 20:46:54', 'SYSTEM', '2011-09-02 20:55:47', 'SYSTEM', 12, '2011-09-02 00:00:00', 19, 2, 465, 'N', 3, 7, 7, 4, 4, 7, 6, 6, 5),
(1872, '2011-09-02 20:46:54', 'SYSTEM', '2012-04-11 07:24:01', 'SYSTEM', 19, '2011-09-02 00:00:00', 80, 2, 466, 'N', 4, 9, 7, 9, 5, 4, 4, 6, 9),
(1873, '2011-09-02 20:47:56', 'SYSTEM', '2012-05-12 06:59:39', 'SYSTEM', 10, '2011-09-02 00:00:00', 56, 2, 467, 'N', 5, 7, 5, 6, 5, 6, 4, 6, 6),
(1874, '2011-09-02 20:47:56', 'SYSTEM', '2011-09-02 20:55:47', 'SYSTEM', 9, '2011-09-02 00:00:00', 65, 2, 468, 'N', 4, 6, 5, 6, 5, 4, 4, 6, 5),
(1875, '2011-09-02 20:48:49', 'SYSTEM', '2012-05-12 06:59:39', 'SYSTEM', 13, '2011-09-02 00:00:00', 55, 2, 467, 'N', 5, 8, 5, 6, 7, 5, 4, 4, 6),
(1876, '2011-09-02 20:48:49', 'SYSTEM', '2011-09-02 20:55:47', 'SYSTEM', 13, '2011-09-02 00:00:00', 62, 2, 468, 'N', 4, 6, 7, 6, 6, 7, 3, 7, 6),
(1877, '2011-09-02 20:49:44', 'SYSTEM', '2012-05-12 06:59:39', 'SYSTEM', 13, '2011-09-02 00:00:00', 58, 2, 467, 'N', 8, 6, 6, 6, 5, 5, 5, 5, 5),
(1878, '2011-09-02 20:49:44', 'SYSTEM', '2011-09-02 20:55:47', 'SYSTEM', 13, '2011-09-02 00:00:00', 59, 2, 468, 'N', 4, 5, 6, 6, 7, 4, 4, 5, 8),
(1879, '2011-09-02 20:52:41', 'SYSTEM', '2012-04-12 06:09:10', 'SYSTEM', 9, '2011-09-02 00:00:00', 10, 2, 471, 'N', 4, 8, 4, 7, 4, 4, 5, 7, 6),
(1880, '2011-09-02 20:52:41', 'SYSTEM', '2011-09-02 20:55:47', 'SYSTEM', 1, '2011-09-02 00:00:00', 51, 2, 472, 'N', 4, 5, 4, 4, 4, 4, 3, 4, 4),
(1881, '2011-09-02 20:53:39', 'SYSTEM', '2012-04-11 07:24:45', 'SYSTEM', 12, '2011-09-02 00:00:00', 105, 2, 471, 'N', 5, 5, 5, 6, 5, 6, 4, 5, 6),
(1882, '2011-09-02 20:53:39', 'SYSTEM', '2011-09-02 20:55:47', 'SYSTEM', 5, '2011-09-02 00:00:00', 26, 2, 472, 'N', 4, 5, 5, 6, 4, 5, 3, 4, 4),
(1883, '2011-09-02 20:54:30', 'SYSTEM', '2012-04-12 06:09:10', 'SYSTEM', 13, '2011-09-02 00:00:00', 7, 2, 471, 'N', 5, 5, 5, 6, 6, 7, 4, 7, 5),
(1884, '2011-09-02 20:54:30', 'SYSTEM', '2011-09-02 20:55:47', 'SYSTEM', 11, '2011-09-02 00:00:00', 47, 2, 472, 'N', 4, 5, 6, 5, 6, 4, 4, 5, 5),
(1885, '2011-09-02 20:55:47', 'SYSTEM', '2012-04-12 06:09:10', 'SYSTEM', 23, '2011-09-02 00:00:00', 106, 2, 471, 'N', 4, 8, 8, 8, 7, 6, 7, 8, 6),
(1886, '2011-09-02 20:55:47', 'SYSTEM', '2011-09-02 20:55:47', 'SYSTEM', 16, '2011-09-02 00:00:00', 48, 2, 472, 'N', 4, 7, 6, 10, 8, 6, 7, 6, 7),
(1887, '2011-09-10 06:21:08', 'SYSTEM', '2012-04-12 06:09:10', 'SYSTEM', 5, '2011-09-09 00:00:00', 8, 1, 473, 'N', 5, 4, 5, 4, 4, 5, 5, 5, 5),
(1888, '2011-09-10 06:21:08', 'SYSTEM', '2012-04-11 06:39:17', 'SYSTEM', 8, '2011-09-09 00:00:00', 33, 1, 474, 'N', 6, 6, 5, 7, 3, 6, 6, 5, 5),
(1889, '2011-09-10 06:21:51', 'SYSTEM', '2012-04-12 06:09:10', 'SYSTEM', 10, '2011-09-09 00:00:00', 104, 1, 473, 'N', 6, 5, 6, 4, 5, 7, 5, 4, 6),
(1890, '2011-09-10 06:21:51', 'SYSTEM', '2012-04-11 06:39:17', 'SYSTEM', 10, '2011-09-09 00:00:00', 37, 1, 474, 'N', 6, 4, 5, 7, 4, 7, 6, 4, 4),
(1891, '2011-09-10 06:22:33', 'SYSTEM', '2011-09-10 06:40:56', 'SYSTEM', 11, '2011-09-09 00:00:00', 11, 1, 473, 'N', 6, 4, 5, 5, 4, 6, 4, 5, 6),
(1892, '2011-09-10 06:22:33', 'SYSTEM', '2011-09-10 06:40:56', 'SYSTEM', 11, '2011-09-09 00:00:00', 35, 1, 474, 'N', 6, 5, 6, 6, 5, 7, 4, 4, 4),
(1893, '2011-09-10 06:23:16', 'SYSTEM', '2012-04-12 06:09:10', 'SYSTEM', 12, '2011-09-09 00:00:00', 7, 1, 473, 'N', 7, 4, 5, 6, 4, 6, 4, 5, 5),
(1894, '2011-09-10 06:23:16', 'SYSTEM', '2011-09-10 06:40:56', 'SYSTEM', 15, '2011-09-09 00:00:00', 85, 1, 474, 'N', 6, 8, 5, 5, 5, 7, 4, 3, 6),
(1895, '2011-09-10 06:26:02', 'SYSTEM', '2012-05-15 09:54:33', 'SYSTEM', 3, '2011-09-09 00:00:00', 40, 1, 475, 'N', 6, 4, 6, 5, 5, 6, 6, 5, 5),
(1896, '2011-09-10 06:26:02', 'SYSTEM', '2011-09-10 06:40:56', 'SYSTEM', 11, '2011-09-09 00:00:00', 64, 1, 476, 'N', 5, 6, 5, 8, 2, 5, 6, 6, 8),
(1897, '2011-09-10 06:26:44', 'SYSTEM', '2012-05-15 09:54:33', 'SYSTEM', 4, '2011-09-09 00:00:00', 42, 1, 475, 'N', 5, 4, 3, 5, 4, 5, 5, 5, 5),
(1898, '2011-09-10 06:26:44', 'SYSTEM', '2011-09-10 06:40:56', 'SYSTEM', 15, '2011-09-09 00:00:00', 61, 1, 476, 'N', 4, 5, 6, 6, 7, 7, 6, 5, 6),
(1899, '2011-09-10 06:27:24', 'SYSTEM', '2012-05-15 09:54:33', 'SYSTEM', 5, '2011-09-09 00:00:00', 41, 1, 475, 'N', 5, 4, 5, 6, 4, 4, 4, 4, 6),
(1900, '2011-09-10 06:27:24', 'SYSTEM', '2011-09-10 06:40:56', 'SYSTEM', 15, '2011-09-09 00:00:00', 60, 1, 476, 'N', 6, 4, 7, 7, 3, 8, 6, 4, 10),
(1901, '2011-09-10 06:28:02', 'SYSTEM', '2012-05-15 09:54:33', 'SYSTEM', 8, '2011-09-09 00:00:00', 43, 1, 475, 'N', 4, 4, 4, 5, 3, 6, 7, 4, 5),
(1902, '2011-09-10 06:28:02', 'SYSTEM', '2011-09-10 06:40:56', 'SYSTEM', 25, '2011-09-09 00:00:00', 66, 1, 476, 'N', 7, 6, 7, 8, 6, 8, 7, 4, 8),
(1903, '2011-09-10 06:28:55', 'SYSTEM', '2011-09-10 06:40:56', 'SYSTEM', 12, '2011-09-09 00:00:00', 90, 1, 481, 'N', 6, 5, 6, 6, 3, 6, 5, 3, 7),
(1904, '2011-09-10 06:28:55', 'SYSTEM', '2012-04-12 06:22:16', 'SYSTEM', 4, '2011-09-09 00:00:00', 97, 1, 482, 'N', 6, 4, 4, 4, 3, 5, 5, 4, 7),
(1905, '2011-09-10 06:29:35', 'SYSTEM', '2011-09-10 06:40:56', 'SYSTEM', 13, '2011-09-09 00:00:00', 6, 1, 481, 'N', 5, 5, 6, 5, 4, 8, 5, 4, 6),
(1906, '2011-09-10 06:29:35', 'SYSTEM', '2012-04-12 06:22:16', 'SYSTEM', 6, '2011-09-09 00:00:00', 109, 1, 482, 'N', 7, 3, 6, 5, 4, 6, 6, 4, 6),
(1907, '2011-09-10 06:30:21', 'SYSTEM', '2011-09-10 06:40:56', 'SYSTEM', 14, '2011-09-09 00:00:00', 113, 1, 481, 'N', 5, 3, 6, 4, 5, 8, 5, 3, 8),
(1908, '2011-09-10 06:30:21', 'SYSTEM', '2012-04-12 06:22:16', 'SYSTEM', 6, '2011-09-09 00:00:00', 100, 1, 482, 'N', 3, 5, 5, 5, 5, 6, 4, 3, 5),
(1909, '2011-09-10 06:30:55', 'SYSTEM', '2011-09-10 06:40:56', 'SYSTEM', 20, '2011-09-09 00:00:00', 4, 1, 481, 'N', 7, 5, 7, 5, 5, 6, 8, 4, 12),
(1910, '2011-09-10 06:30:55', 'SYSTEM', '2012-04-12 06:22:16', 'SYSTEM', 9, '2011-09-09 00:00:00', 110, 1, 482, 'N', 5, 3, 5, 5, 3, 5, 7, 4, 4),
(1911, '2011-09-10 06:31:54', 'SYSTEM', '2012-05-05 07:40:35', 'SYSTEM', 5, '2011-09-09 00:00:00', 84, 2, 477, 'N', 4, 5, 5, 7, 5, 5, 4, 5, 4),
(1912, '2011-09-10 06:31:54', 'SYSTEM', '2012-04-11 07:15:35', 'SYSTEM', 5, '2011-09-09 00:00:00', 78, 2, 478, 'N', 3, 7, 4, 3, 5, 4, 4, 4, 5),
(1913, '2011-09-10 06:32:32', 'SYSTEM', '2012-05-05 07:40:35', 'SYSTEM', 7, '2011-09-09 00:00:00', 29, 2, 477, 'N', 4, 6, 3, 4, 5, 5, 3, 6, 5),
(1914, '2011-09-10 06:32:32', 'SYSTEM', '2012-05-12 06:59:39', 'SYSTEM', 10, '2011-09-09 00:00:00', 56, 2, 478, 'N', 4, 8, 5, 5, 6, 5, 4, 6, 4),
(1915, '2011-09-10 06:33:20', 'SYSTEM', '2012-05-05 07:40:35', 'SYSTEM', 10, '2011-09-09 00:00:00', 30, 2, 477, 'N', 3, 5, 4, 6, 5, 4, 3, 4, 7),
(1916, '2011-09-10 06:33:20', 'SYSTEM', '2012-04-11 07:15:35', 'SYSTEM', 11, '2011-09-09 00:00:00', 76, 2, 478, 'N', 4, 7, 5, 6, 5, 5, 4, 5, 4),
(1917, '2011-09-10 06:34:02', 'SYSTEM', '2012-05-05 07:40:35', 'SYSTEM', 10, '2011-09-09 00:00:00', 112, 2, 477, 'N', 7, 4, 6, 8, 5, 4, 5, 7, 5),
(1918, '2011-09-10 06:34:02', 'SYSTEM', '2012-05-12 06:59:39', 'SYSTEM', 13, '2011-09-09 00:00:00', 55, 2, 478, 'N', 3, 7, 5, 5, 4, 5, 4, 6, 5),
(1919, '2011-09-10 06:35:10', 'SYSTEM', '2011-09-10 06:40:56', 'SYSTEM', 9, '2011-09-09 00:00:00', 21, 2, 479, 'N', 5, 6, 4, 7, 5, 5, 4, 5, 4),
(1920, '2011-09-10 06:35:10', 'SYSTEM', '2011-09-10 06:40:56', 'SYSTEM', 1, '2011-09-09 00:00:00', 51, 2, 480, 'N', 3, 4, 4, 5, 5, 5, 3, 4, 4),
(1921, '2011-09-10 06:35:51', 'SYSTEM', '2011-09-10 06:40:56', 'SYSTEM', 11, '2011-09-09 00:00:00', 20, 2, 479, 'N', 6, 6, 5, 5, 5, 8, 3, 5, 6),
(1922, '2011-09-10 06:35:51', 'SYSTEM', '2011-09-10 06:40:56', 'SYSTEM', 5, '2011-09-09 00:00:00', 50, 2, 480, 'N', 4, 6, 5, 6, 5, 5, 5, 4, 5),
(1923, '2011-09-10 06:36:32', 'SYSTEM', '2011-09-10 06:40:56', 'SYSTEM', 12, '2011-09-09 00:00:00', 18, 2, 479, 'N', 4, 5, 6, 8, 5, 6, 7, 4, 5),
(1924, '2011-09-10 06:36:32', 'SYSTEM', '2011-09-10 06:40:56', 'SYSTEM', 17, '2011-09-09 00:00:00', 46, 2, 480, 'N', 4, 7, 8, 7, 6, 6, 4, 6, 6),
(1925, '2011-09-10 06:37:23', 'SYSTEM', '2011-09-10 06:40:56', 'SYSTEM', 13, '2011-09-09 00:00:00', 88, 2, 479, 'N', 4, 7, 6, 7, 4, 6, 5, 6, 3),
(1926, '2011-09-10 06:37:23', 'SYSTEM', '2011-09-10 06:40:56', 'SYSTEM', 18, '2011-09-09 00:00:00', 48, 2, 480, 'N', 5, 7, 8, 8, 5, 7, 5, 5, 6),
(1927, '2011-09-10 06:38:28', 'SYSTEM', '2012-04-11 07:24:01', 'SYSTEM', 11, '2011-09-09 00:00:00', 73, 2, 483, 'N', 4, 7, 6, 6, 6, 5, 3, 5, 4),
(1928, '2011-09-10 06:38:28', 'SYSTEM', '2012-04-11 07:15:35', 'SYSTEM', 8, '2011-09-09 00:00:00', 77, 2, 484, 'N', 4, 7, 4, 6, 5, 6, 5, 4, 4),
(1929, '2011-09-10 06:39:18', 'SYSTEM', '2012-04-11 07:24:01', 'SYSTEM', 17, '2011-09-09 00:00:00', 70, 2, 483, 'N', 5, 7, 9, 8, 7, 6, 5, 6, 6),
(1930, '2011-09-10 06:39:18', 'SYSTEM', '2011-09-10 06:40:56', 'SYSTEM', 10, '2011-09-09 00:00:00', 94, 2, 484, 'N', 4, 9, 6, 7, 5, 4, 3, 9, 5),
(1931, '2011-09-10 06:40:13', 'SYSTEM', '2012-04-11 07:24:01', 'SYSTEM', 18, '2011-09-09 00:00:00', 74, 2, 483, 'N', 7, 7, 4, 6, 5, 5, 3, 5, 4),
(1932, '2011-09-10 06:40:13', 'SYSTEM', '2011-09-10 06:40:56', 'SYSTEM', 12, '2011-09-09 00:00:00', 103, 2, 484, 'N', 4, 8, 5, 7, 6, 6, 4, 6, 8),
(1933, '2011-09-10 06:40:56', 'SYSTEM', '2012-04-11 07:24:01', 'SYSTEM', 18, '2011-09-09 00:00:00', 80, 2, 483, 'N', 7, 7, 7, 5, 7, 5, 6, 5, 5),
(1934, '2011-09-10 06:40:56', 'SYSTEM', '2012-04-11 07:15:35', 'SYSTEM', 12, '2011-09-09 00:00:00', 79, 2, 484, 'N', 5, 7, 5, 6, 7, 7, 3, 4, 5),
(1935, '2012-04-14 12:17:16', 'SYSTEM', '2012-04-14 12:52:24', 'SYSTEM', 4, '2012-04-13 00:00:00', 16, 1, 485, 'N', 5, 5, 4, 5, 3, 5, 5, 3, 5),
(1936, '2012-04-14 12:17:16', 'SYSTEM', '2012-04-14 12:52:24', 'SYSTEM', 4, '2012-04-13 00:00:00', 97, 1, 486, 'N', 5, 4, 5, 4, 4, 5, 5, 4, 5),
(1937, '2012-04-14 12:18:02', 'SYSTEM', '2012-04-14 12:52:24', 'SYSTEM', 9, '2012-04-13 00:00:00', 21, 1, 485, 'N', 5, 4, 5, 5, 3, 6, 5, 4, 9),
(1938, '2012-04-14 12:18:02', 'SYSTEM', '2012-04-14 12:52:24', 'SYSTEM', 6, '2012-04-13 00:00:00', 109, 1, 486, 'N', 5, 4, 5, 5, 4, 6, 5, 4, 6),
(1939, '2012-04-14 12:18:42', 'SYSTEM', '2012-04-14 12:52:24', 'SYSTEM', 10, '2012-04-13 00:00:00', 20, 1, 485, 'N', 7, 5, 5, 5, 2, 8, 5, 4, 6),
(1940, '2012-04-14 12:18:42', 'SYSTEM', '2012-04-14 12:52:24', 'SYSTEM', 6, '2012-04-13 00:00:00', 96, 1, 486, 'N', 7, 5, 7, 4, 4, 6, 4, 5, 4),
(1941, '2012-04-14 12:19:29', 'SYSTEM', '2012-04-14 12:52:24', 'SYSTEM', 11, '2012-04-13 00:00:00', 17, 1, 485, 'N', 5, 4, 5, 5, 4, 6, 8, 6, 7),
(1942, '2012-04-14 12:19:29', 'SYSTEM', '2012-04-14 12:52:24', 'SYSTEM', 6, '2012-04-13 00:00:00', 98, 1, 486, 'N', 4, 5, 6, 4, 5, 5, 4, 2, 5),
(1943, '2012-04-14 12:22:50', 'SYSTEM', '2012-04-14 12:52:24', 'SYSTEM', 5, '2012-04-13 00:00:00', 39, 1, 487, 'N', 5, 3, 5, 5, 3, 5, 5, 4, 8),
(1944, '2012-04-14 12:22:50', 'SYSTEM', '2012-05-05 07:40:35', 'SYSTEM', 5, '2012-04-13 00:00:00', 25, 1, 488, 'N', 4, 4, 6, 5, 4, 7, 4, 3, 5),
(1945, '2012-04-14 12:23:31', 'SYSTEM', '2012-04-14 12:52:24', 'SYSTEM', 9, '2012-04-13 00:00:00', 33, 1, 487, 'N', 5, 6, 5, 6, 4, 6, 5, 5, 7),
(1946, '2012-04-14 12:23:31', 'SYSTEM', '2012-05-05 07:40:35', 'SYSTEM', 7, '2012-04-13 00:00:00', 28, 1, 488, 'N', 7, 4, 5, 6, 4, 6, 4, 4, 6),
(1947, '2012-04-14 12:26:01', 'SYSTEM', '2012-04-14 12:52:24', 'SYSTEM', 12, '2012-04-13 00:00:00', 124, 1, 487, 'N', 5, 5, 6, 5, 4, 7, 6, 3, 7),
(1948, '2012-04-14 12:26:01', 'SYSTEM', '2012-05-05 07:40:35', 'SYSTEM', 8, '2012-04-13 00:00:00', 30, 1, 488, 'N', 5, 5, 7, 5, 3, 6, 4, 5, 6),
(1949, '2012-04-14 12:27:19', 'SYSTEM', '2012-04-14 12:52:24', 'SYSTEM', 23, '2012-04-13 00:00:00', 126, 1, 487, 'N', 6, 6, 8, 11, 5, 6, 6, 6, 7),
(1950, '2012-04-14 12:27:19', 'SYSTEM', '2012-05-05 07:40:35', 'SYSTEM', 11, '2012-04-13 00:00:00', 112, 1, 488, 'N', 9, 5, 8, 5, 4, 6, 5, 3, 8),
(1951, '2012-04-14 12:28:58', 'SYSTEM', '2012-05-12 06:59:39', 'SYSTEM', 7, '2012-04-13 00:00:00', 107, 1, 493, 'N', 5, 5, 6, 5, 4, 5, 5, 3, 5),
(1952, '2012-04-14 12:28:58', 'SYSTEM', '2012-04-14 12:52:24', 'SYSTEM', 14, '2012-04-13 00:00:00', 71, 1, 494, 'N', 6, 5, 6, 6, 5, 8, 6, 4, 8),
(1953, '2012-04-14 12:30:12', 'SYSTEM', '2012-05-12 06:59:39', 'SYSTEM', 10, '2012-04-13 00:00:00', 56, 1, 493, 'N', 5, 6, 6, 5, 3, 7, 4, 5, 5),
(1954, '2012-04-14 12:30:12', 'SYSTEM', '2012-04-14 12:52:24', 'SYSTEM', 16, '2012-04-13 00:00:00', 74, 1, 494, 'N', 5, 5, 8, 8, 6, 7, 8, 4, 5),
(1955, '2012-04-14 12:31:14', 'SYSTEM', '2012-05-12 06:59:39', 'SYSTEM', 14, '2012-04-13 00:00:00', 58, 1, 493, 'N', 6, 6, 5, 5, 3, 6, 5, 4, 6),
(1956, '2012-04-14 12:31:14', 'SYSTEM', '2012-04-14 12:52:24', 'SYSTEM', 19, '2012-04-13 00:00:00', 68, 1, 494, 'N', 5, 4, 8, 7, 4, 9, 7, 5, 7),
(1957, '2012-04-14 12:32:26', 'SYSTEM', '2012-05-12 06:59:39', 'SYSTEM', 14, '2012-04-13 00:00:00', 57, 1, 493, 'N', 7, 4, 3, 6, 5, 6, 5, 5, 6),
(1958, '2012-04-14 12:32:26', 'SYSTEM', '2012-04-14 12:52:24', 'SYSTEM', 29, '2012-04-13 00:00:00', 127, 1, 494, 'N', 6, 6, 8, 10, 4, 9, 9, 5, 10),
(1959, '2012-04-14 12:34:20', 'SYSTEM', '2012-04-14 12:52:24', 'SYSTEM', 10, '2012-04-13 00:00:00', 10, 2, 489, 'N', 5, 5, 6, 7, 5, 7, 4, 6, 9),
(1960, '2012-04-14 12:34:20', 'SYSTEM', '2012-05-15 09:54:33', 'SYSTEM', 5, '2012-04-13 00:00:00', 40, 2, 490, 'N', 3, 5, 5, 4, 5, 6, 3, 6, 5),
(1961, '2012-04-14 12:35:50', 'SYSTEM', '2012-04-14 12:52:24', 'SYSTEM', 13, '2012-04-13 00:00:00', 7, 2, 489, 'N', 7, 8, 5, 6, 6, 8, 5, 6, 8),
(1962, '2012-04-14 12:35:50', 'SYSTEM', '2012-05-15 09:54:33', 'SYSTEM', 7, '2012-04-13 00:00:00', 43, 2, 490, 'N', 4, 9, 5, 4, 6, 6, 3, 5, 4),
(1963, '2012-04-14 12:36:57', 'SYSTEM', '2012-04-14 12:52:24', 'SYSTEM', 29, '2012-04-13 00:00:00', 130, 2, 489, 'N', 5, 10, 10, 9, 9, 9, 4, 6, 6),
(1964, '2012-04-14 12:36:57', 'SYSTEM', '2012-05-15 09:54:33', 'SYSTEM', 17, '2012-04-13 00:00:00', 53, 2, 490, 'N', 5, 9, 6, 7, 11, 10, 4, 7, 7),
(1965, '2012-04-14 12:38:17', 'SYSTEM', '2012-04-14 12:52:24', 'SYSTEM', NULL, '2012-04-13 00:00:00', NULL, 2, 489, 'Y', NULL, NULL, NULL, NULL, NULL, NULL, NULL, NULL, NULL),
(1966, '2012-04-14 12:38:17', 'SYSTEM', '2012-05-15 09:54:33', 'SYSTEM', 15, '2012-04-13 00:00:00', 120, 2, 490, 'N', 5, 8, 6, 6, 6, 6, 4, 7, 5),
(1967, '2012-04-14 12:40:39', 'SYSTEM', '2012-04-14 12:52:24', 'SYSTEM', 8, '2012-04-13 00:00:00', 77, 2, 491, 'N', 4, 6, 5, 7, 7, 6, 3, 4, 5),
(1968, '2012-04-14 12:40:39', 'SYSTEM', '2012-04-14 12:52:24', 'SYSTEM', 9, '2012-04-13 00:00:00', 65, 2, 492, 'N', 4, 7, 6, 5, 6, 4, 4, 5, 6),
(1969, '2012-04-14 12:41:34', 'SYSTEM', '2012-04-14 12:52:24', 'SYSTEM', 11, '2012-04-13 00:00:00', 76, 2, 491, 'N', 6, 5, 6, 5, 5, 5, 4, 5, 5),
(1970, '2012-04-14 12:41:34', 'SYSTEM', '2012-04-14 12:52:24', 'SYSTEM', 11, '2012-04-13 00:00:00', 67, 2, 492, 'N', 4, 8, 5, 7, 6, 8, 4, 7, 7),
(1971, '2012-04-14 12:42:30', 'SYSTEM', '2012-05-12 06:59:39', 'SYSTEM', 12, '2012-04-13 00:00:00', 55, 2, 491, 'N', 6, 7, 6, 7, 6, 6, 6, 6, 5),
(1972, '2012-04-14 12:42:30', 'SYSTEM', '2012-04-14 12:52:24', 'SYSTEM', 13, '2012-04-13 00:00:00', 62, 2, 492, 'N', 4, 8, 7, 7, 6, 6, 6, 5, 5),
(1973, '2012-04-14 12:43:23', 'SYSTEM', '2012-04-14 12:52:24', 'SYSTEM', 12, '2012-04-13 00:00:00', 79, 2, 491, 'N', 6, 6, 6, 6, 7, 6, 4, 6, 5),
(1974, '2012-04-14 12:43:23', 'SYSTEM', '2012-04-14 12:52:24', 'SYSTEM', 15, '2012-04-13 00:00:00', 60, 2, 492, 'N', 5, 8, 8, 6, 6, 8, 4, 7, 6),
(1975, '2012-04-14 12:49:36', 'SYSTEM', '2012-04-14 12:52:24', 'SYSTEM', 1, '2012-04-13 00:00:00', 51, 2, 495, 'N', 4, 6, 4, 5, 4, 5, 4, 6, 4),
(1976, '2012-04-14 12:49:36', 'SYSTEM', '2012-04-14 12:52:24', 'SYSTEM', 9, '2012-04-13 00:00:00', 3, 2, 496, 'N', 3, 5, 5, 4, 5, 6, 3, 4, 5),
(1977, '2012-04-14 12:50:31', 'SYSTEM', '2012-04-14 12:52:24', 'SYSTEM', 5, '2012-04-13 00:00:00', 50, 2, 495, 'N', 5, 4, 6, 4, 5, 5, 4, 5, 5),
(1978, '2012-04-14 12:50:31', 'SYSTEM', '2012-04-14 12:52:24', 'SYSTEM', 12, '2012-04-13 00:00:00', 6, 2, 496, 'N', 5, 6, 6, 8, 7, 4, 4, 6, 5),
(1979, '2012-04-14 12:51:28', 'SYSTEM', '2012-04-14 12:52:24', 'SYSTEM', 10, '2012-04-13 00:00:00', 52, 2, 495, 'N', 3, 7, 5, 5, 8, 5, 4, 4, 4),
(1980, '2012-04-14 12:51:28', 'SYSTEM', '2012-04-14 12:52:24', 'SYSTEM', 12, '2012-04-13 00:00:00', 90, 2, 496, 'N', 5, 7, 4, 4, 6, 5, 4, 6, 4),
(1981, '2012-04-14 12:52:24', 'SYSTEM', '2012-04-14 12:52:24', 'SYSTEM', 17, '2012-04-13 00:00:00', 46, 2, 495, 'N', 6, 7, 5, 8, 8, 7, 4, 6, 6),
(1982, '2012-04-14 12:52:24', 'SYSTEM', '2012-04-14 12:52:24', 'SYSTEM', 13, '2012-04-13 00:00:00', 113, 2, 496, 'N', 4, 10, 5, 5, 6, 5, 4, 7, 7),
(1983, '2012-04-21 15:51:15', 'SYSTEM', '2012-05-05 07:40:35', 'SYSTEM', 6, '2012-04-20 00:00:00', 31, 1, 497, 'N', 5, 4, 6, 6, 3, 5, 5, 4, 5),
(1984, '2012-04-21 15:51:15', 'SYSTEM', '2012-04-21 16:19:19', 'SYSTEM', 3, '2012-04-20 00:00:00', 78, 1, 498, 'N', 5, 3, 4, 4, 3, 6, 4, 3, 4),
(1985, '2012-04-21 15:53:08', 'SYSTEM', '2012-05-05 07:40:35', 'SYSTEM', 6, '2012-04-20 00:00:00', 29, 1, 497, 'N', 5, 4, 6, 8, 4, 7, 4, 5, 6),
(1986, '2012-04-21 15:53:08', 'SYSTEM', '2012-04-21 16:19:19', 'SYSTEM', 9, '2012-04-20 00:00:00', 77, 1, 498, 'N', 6, 4, 5, 5, 4, 8, 8, 4, 5),
(1987, '2012-04-21 15:54:03', 'SYSTEM', '2012-05-05 07:40:35', 'SYSTEM', 8, '2012-04-20 00:00:00', 30, 1, 497, 'N', 5, 4, 4, 9, 5, 6, 7, 3, 7),
(1988, '2012-04-21 15:54:03', 'SYSTEM', '2012-04-21 16:19:19', 'SYSTEM', 10, '2012-04-20 00:00:00', 76, 1, 498, 'N', 5, 4, 4, 4, 4, 7, 5, 3, 7),
(1989, '2012-04-21 15:54:50', 'SYSTEM', '2012-05-05 07:40:35', 'SYSTEM', 4, '2012-04-20 00:00:00', 123, 1, 497, 'N', 4, 3, 4, 5, 3, 7, 5, 3, 5),
(1990, '2012-04-21 15:54:50', 'SYSTEM', '2012-04-21 16:19:19', 'SYSTEM', 13, '2012-04-20 00:00:00', 79, 1, 498, 'N', 9, 5, 6, 6, 5, 6, 6, 7, 7),
(1991, '2012-04-21 15:55:58', 'SYSTEM', '2012-04-21 16:19:19', 'SYSTEM', 9, '2012-04-20 00:00:00', 15, 1, 499, 'N', 5, 5, 6, 4, 2, 5, 5, 5, 6),
(1992, '2012-04-21 15:55:58', 'SYSTEM', '2012-04-21 16:19:19', 'SYSTEM', 12, '2012-04-20 00:00:00', 64, 1, 500, 'N', 5, 4, 6, 6, 2, 7, 5, 4, 7),
(1993, '2012-04-21 15:57:04', 'SYSTEM', '2012-04-21 16:19:19', 'SYSTEM', 11, '2012-04-20 00:00:00', 17, 1, 499, 'N', 5, 4, 5, 5, 3, 7, 5, 5, 7),
(1994, '2012-04-21 15:57:04', 'SYSTEM', '2012-04-21 16:19:19', 'SYSTEM', 15, '2012-04-20 00:00:00', 61, 1, 500, 'N', 5, 4, 7, 6, 6, 7, 6, 4, 8),
(1995, '2012-04-21 15:57:55', 'SYSTEM', '2012-04-21 16:19:19', 'SYSTEM', 11, '2012-04-20 00:00:00', 88, 1, 499, 'N', 6, 4, 7, 5, 5, 6, 6, 3, 6),
(1996, '2012-04-21 15:57:55', 'SYSTEM', '2012-04-21 16:19:19', 'SYSTEM', 13, '2012-04-20 00:00:00', 59, 1, 500, 'N', 8, 4, 7, 7, 4, 7, 6, 4, 7),
(1997, '2012-04-21 15:59:15', 'SYSTEM', '2012-04-21 16:19:19', 'SYSTEM', 11, '2012-04-20 00:00:00', 20, 1, 499, 'N', 6, 4, 5, 7, 3, 6, 6, 4, 6),
(1998, '2012-04-21 15:59:15', 'SYSTEM', '2012-04-21 16:19:19', 'SYSTEM', 23, '2012-04-20 00:00:00', 66, 1, 500, 'N', 6, 5, 7, 6, 6, 9, 9, 6, 11),
(1999, '2012-04-21 16:00:22', 'SYSTEM', '2012-04-21 16:19:19', 'SYSTEM', 1, '2012-04-20 00:00:00', 51, 1, 505, 'N', 4, 3, 5, 5, 3, 6, 4, 3, 3),
(2000, '2012-04-21 16:00:22', 'SYSTEM', '2012-05-15 09:54:33', 'SYSTEM', 6, '2012-04-20 00:00:00', 40, 1, 506, 'N', 5, 4, 4, 7, 3, 7, 4, 3, 4),
(2001, '2012-04-21 16:01:24', 'SYSTEM', '2012-04-21 16:19:19', 'SYSTEM', 5, '2012-04-20 00:00:00', 50, 1, 505, 'N', 4, 5, 6, 4, 3, 5, 5, 5, 7),
(2002, '2012-04-21 16:01:24', 'SYSTEM', '2012-05-15 09:54:33', 'SYSTEM', 7, '2012-04-20 00:00:00', 43, 1, 506, 'N', 4, 4, 6, 5, 4, 6, 4, 3, 6),
(2003, '2012-04-21 16:02:05', 'SYSTEM', '2012-04-21 16:19:19', 'SYSTEM', 9, '2012-04-20 00:00:00', 52, 1, 505, 'N', 7, 5, 5, 5, 3, 7, 6, 4, 7),
(2004, '2012-04-21 16:02:05', 'SYSTEM', '2012-05-15 09:54:33', 'SYSTEM', 15, '2012-04-20 00:00:00', 120, 1, 506, 'N', 5, 4, 6, 5, 3, 7, 6, 2, 8),
(2005, '2012-04-21 16:03:36', 'SYSTEM', '2012-04-21 16:19:19', 'SYSTEM', 11, '2012-04-20 00:00:00', 47, 1, 505, 'N', 5, 4, 6, 6, 5, 6, 6, 4, 8),
(2006, '2012-04-21 16:03:36', 'SYSTEM', '2012-05-15 09:54:33', 'SYSTEM', 15, '2012-04-20 00:00:00', 44, 1, 506, 'N', 6, 8, 8, 5, 5, 7, 6, 3, 7),
(2007, '2012-04-21 16:05:17', 'SYSTEM', '2012-04-21 16:19:19', 'SYSTEM', 14, '2012-04-20 00:00:00', 71, 2, 501, 'N', 4, 8, 6, 6, 7, 5, 4, 6, 5),
(2008, '2012-04-21 16:05:17', 'SYSTEM', '2012-04-21 16:19:19', 'SYSTEM', 11, '2012-04-20 00:00:00', 90, 2, 502, 'N', 3, 7, 7, 6, 4, 4, 5, 5, 6),
(2009, '2012-04-21 16:06:32', 'SYSTEM', '2012-04-21 16:19:19', 'SYSTEM', 17, '2012-04-20 00:00:00', 80, 2, 501, 'N', 6, 7, 7, 5, 9, 7, 4, 5, 6),
(2010, '2012-04-21 16:06:32', 'SYSTEM', '2012-04-21 16:19:19', 'SYSTEM', 14, '2012-04-20 00:00:00', 7, 2, 502, 'N', 5, 8, 4, 6, 5, 6, 6, 5, 6),
(2011, '2012-04-21 16:07:51', 'SYSTEM', '2012-04-21 16:19:19', 'SYSTEM', 18, '2012-04-20 00:00:00', 68, 2, 501, 'N', 5, 9, 7, 7, 7, 8, 5, 5, 7),
(2012, '2012-04-21 16:07:51', 'SYSTEM', '2012-04-21 16:19:19', 'SYSTEM', 14, '2012-04-20 00:00:00', 6, 2, 502, 'N', 4, 7, 5, 10, 5, 7, 5, 5, 5),
(2013, '2012-04-21 16:08:48', 'SYSTEM', '2012-04-21 16:19:19', 'SYSTEM', 20, '2012-04-20 00:00:00', 128, 2, 501, 'N', 4, 7, 7, 7, 9, 8, 5, 6, 5),
(2014, '2012-04-21 16:08:48', 'SYSTEM', '2012-04-21 16:19:19', 'SYSTEM', 15, '2012-04-20 00:00:00', 91, 2, 502, 'N', 6, 7, 7, 7, 7, 7, 3, 6, 7),
(2015, '2012-04-21 16:09:53', 'SYSTEM', '2012-04-21 16:19:19', 'SYSTEM', 7, '2012-04-20 00:00:00', 98, 2, 503, 'N', 3, 6, 5, 4, 5, 5, 4, 4, 5),
(2016, '2012-04-21 16:09:53', 'SYSTEM', '2012-04-21 16:19:19', 'SYSTEM', 9, '2012-04-20 00:00:00', 38, 2, 504, 'N', 5, 7, 6, 6, 6, 5, 3, 6, 4),
(2017, '2012-04-21 16:10:47', 'SYSTEM', '2012-04-21 16:19:19', 'SYSTEM', 8, '2012-04-20 00:00:00', 110, 2, 503, 'N', 5, 9, 5, 5, 4, 6, 4, 5, 4),
(2018, '2012-04-21 16:10:47', 'SYSTEM', '2012-04-21 16:19:19', 'SYSTEM', 12, '2012-04-20 00:00:00', 124, 2, 504, 'N', 3, 6, 4, 5, 5, 7, 3, 5, 5),
(2019, '2012-04-21 16:12:47', 'SYSTEM', '2012-04-21 16:19:19', 'SYSTEM', 21, '2012-04-20 00:00:00', 132, 2, 503, 'N', 5, 8, 6, 7, 8, 4, 5, 8, 8),
(2020, '2012-04-21 16:12:47', 'SYSTEM', '2012-04-21 16:19:19', 'SYSTEM', 17, '2012-04-20 00:00:00', 34, 2, 504, 'N', 4, 7, 7, 6, 8, 8, 5, 6, 6),
(2021, '2012-04-21 16:13:47', 'SYSTEM', '2012-04-21 16:19:19', 'SYSTEM', NULL, '2012-04-20 00:00:00', NULL, 2, 503, 'Y', NULL, NULL, NULL, NULL, NULL, NULL, NULL, NULL, NULL),
(2022, '2012-04-21 16:13:47', 'SYSTEM', '2012-04-21 16:19:19', 'SYSTEM', 16, '2012-04-20 00:00:00', 125, 2, 504, 'N', 8, 7, 8, 6, 5, 5, 4, 6, 5),
(2023, '2012-04-21 16:14:41', 'SYSTEM', '2012-04-21 16:19:19', 'SYSTEM', 5, '2012-04-20 00:00:00', 8, 2, 507, 'N', 5, 6, 5, 6, 4, 6, 4, 6, 6),
(2024, '2012-04-21 16:14:41', 'SYSTEM', '2012-05-12 06:59:39', 'SYSTEM', 7, '2012-04-20 00:00:00', 107, 2, 508, 'N', 5, 5, 5, 5, 5, 4, 5, 7, 5),
(2025, '2012-04-21 16:16:00', 'SYSTEM', '2012-04-21 16:19:19', 'SYSTEM', 10, '2012-04-20 00:00:00', 104, 2, 507, 'N', 5, 11, 10, 7, 6, 5, 3, 6, 6),
(2026, '2012-04-21 16:16:00', 'SYSTEM', '2012-05-12 06:59:39', 'SYSTEM', 12, '2012-04-20 00:00:00', 55, 2, 508, 'N', 3, 7, 8, 8, 7, 5, 4, 7, 6),
(2027, '2012-04-21 16:18:42', 'SYSTEM', '2012-04-21 16:19:19', 'SYSTEM', 10, '2012-04-20 00:00:00', 10, 2, 507, 'N', 4, 8, 6, 5, 7, 8, 3, 5, 7),
(2028, '2012-04-21 16:18:42', 'SYSTEM', '2012-05-12 06:59:39', 'SYSTEM', 14, '2012-04-20 00:00:00', 57, 2, 508, 'N', 4, 9, 6, 7, 5, 7, 5, 7, 6),
(2029, '2012-04-21 16:19:19', 'SYSTEM', '2012-04-21 16:19:19', 'SYSTEM', 14, '2012-04-20 00:00:00', 122, 2, 507, 'N', 5, 7, 6, 6, 6, 5, 4, 7, 6),
(2030, '2012-04-21 16:19:19', 'SYSTEM', '2012-04-21 16:19:19', 'SYSTEM', NULL, '2012-04-20 00:00:00', NULL, 2, 508, 'Y', NULL, NULL, NULL, NULL, NULL, NULL, NULL, NULL, NULL),
(2031, '2012-04-28 07:00:16', 'SYSTEM', '2012-04-28 08:31:56', 'SYSTEM', 14, '2012-04-27 00:00:00', 122, 1, 509, 'N', 7, 5, 7, 6, 5, 8, 6, 5, 7),
(2032, '2012-04-28 07:00:16', 'SYSTEM', '2012-04-28 08:31:56', 'SYSTEM', 9, '2012-04-27 00:00:00', 65, 1, 510, 'N', 4, 4, 5, 5, 4, 6, 6, 5, 6),
(2033, '2012-04-28 07:02:27', 'SYSTEM', '2012-04-28 08:31:56', 'SYSTEM', 23, '2012-04-27 00:00:00', 106, 1, 509, 'N', 4, 6, 7, 4, 5, 6, 6, 5, 8),
(2034, '2012-04-28 07:02:27', 'SYSTEM', '2012-04-28 08:31:56', 'SYSTEM', 11, '2012-04-27 00:00:00', 64, 1, 510, 'N', 7, 5, 5, 5, 5, 6, 6, 2, 6),
(2035, '2012-04-28 07:04:52', 'SYSTEM', '2012-04-28 08:31:56', 'SYSTEM', 29, '2012-04-27 00:00:00', 130, 1, 509, 'N', 7, 5, 5, 5, 7, 8, 9, 6, 8),
(2036, '2012-04-28 07:04:52', 'SYSTEM', '2012-05-12 06:59:39', 'SYSTEM', 15, '2012-04-27 00:00:00', 57, 1, 510, 'N', 5, 3, 7, 6, 5, 6, 6, 3, 7),
(2037, '2012-04-28 07:05:44', 'SYSTEM', '2012-04-28 08:31:56', 'SYSTEM', 15, '2012-04-27 00:00:00', 121, 1, 509, 'N', 6, 6, 4, 7, 5, 7, 7, 3, 7),
(2038, '2012-04-28 07:05:44', 'SYSTEM', '2012-04-28 08:31:56', 'SYSTEM', 17, '2012-04-27 00:00:00', 60, 1, 510, 'N', 6, 6, 8, 5, 5, 7, 4, 3, 7),
(2039, '2012-04-28 07:08:01', 'SYSTEM', '2012-04-28 08:31:56', 'SYSTEM', 4, '2012-04-27 00:00:00', 97, 1, 511, 'N', 4, 6, 5, 5, 5, 7, 4, 3, 5),
(2040, '2012-04-28 07:08:01', 'SYSTEM', '2012-04-28 08:31:56', 'SYSTEM', 2, '2012-04-27 00:00:00', 51, 1, 512, 'N', 4, 5, 4, 4, 3, 6, 6, 3, 5),
(2041, '2012-04-28 07:10:33', 'SYSTEM', '2012-04-28 08:31:56', 'SYSTEM', 5, '2012-04-27 00:00:00', 100, 1, 511, 'N', 5, 6, 5, 3, 4, 6, 5, 3, 6),
(2042, '2012-04-28 07:10:33', 'SYSTEM', '2012-04-28 08:31:56', 'SYSTEM', 9, '2012-04-27 00:00:00', 52, 1, 512, 'N', 5, 5, 5, 5, 4, 6, 5, 4, 6),
(2043, '2012-04-28 07:13:56', 'SYSTEM', '2012-04-28 08:31:56', 'SYSTEM', 7, '2012-04-27 00:00:00', 109, 1, 511, 'N', 4, 5, 6, 5, 4, 6, 6, 3, 6),
(2044, '2012-04-28 07:13:56', 'SYSTEM', '2012-04-28 08:31:56', 'SYSTEM', 12, '2012-04-27 00:00:00', 47, 1, 512, 'N', 6, 5, 6, 6, 3, 6, 7, 4, 7),
(2045, '2012-04-28 07:20:27', 'SYSTEM', '2012-04-28 08:31:56', 'SYSTEM', 10, '2012-04-27 00:00:00', 99, 1, 511, 'N', 5, 4, 6, 6, 4, 6, 4, 5, 6),
(2046, '2012-04-28 07:20:27', 'SYSTEM', '2012-04-28 08:31:56', 'SYSTEM', 17, '2012-04-27 00:00:00', 46, 1, 512, 'N', 7, 4, 7, 10, 5, 7, 8, 4, 7),
(2047, '2012-04-28 07:22:27', 'SYSTEM', '2012-05-12 06:59:39', 'SYSTEM', 7, '2012-04-27 00:00:00', 107, 2, 513, 'N', 5, 8, 5, 6, 6, 3, 4, 4, 3),
(2048, '2012-04-28 07:22:27', 'SYSTEM', '2012-04-28 08:31:56', 'SYSTEM', 9, '2012-04-27 00:00:00', 124, 2, 514, 'N', 3, 6, 6, 6, 5, 5, 4, 5, 5),
(2049, '2012-04-28 07:23:32', 'SYSTEM', '2012-05-12 06:59:39', 'SYSTEM', 14, '2012-04-27 00:00:00', 55, 2, 513, 'N', 4, 8, 6, 8, 6, 5, 5, 7, 5),
(2050, '2012-04-28 07:23:32', 'SYSTEM', '2012-04-28 08:31:56', 'SYSTEM', 9, '2012-04-27 00:00:00', 38, 2, 514, 'N', 5, 6, 5, 6, 4, 6, 3, 4, 5),
(2051, '2012-04-28 07:25:07', 'SYSTEM', '2012-05-12 06:59:39', 'SYSTEM', 14, '2012-04-27 00:00:00', 58, 2, 513, 'N', 5, 8, 7, 5, 6, 8, 4, 5, 5),
(2052, '2012-04-28 07:25:07', 'SYSTEM', '2012-04-28 08:31:56', 'SYSTEM', 10, '2012-04-27 00:00:00', 33, 2, 514, 'N', 4, 6, 5, 6, 6, 6, 4, 6, 5),
(2053, '2012-04-28 07:27:14', 'SYSTEM', '2012-05-12 06:59:39', 'SYSTEM', 6, '2012-04-27 00:00:00', 131, 2, 513, 'N', 4, 6, 6, 5, 6, 5, 4, 4, 3),
(2054, '2012-04-28 07:27:14', 'SYSTEM', '2012-04-28 08:31:56', 'SYSTEM', 17, '2012-04-27 00:00:00', 34, 2, 514, 'N', 6, 10, 6, 9, 6, 4, 6, 7, 6),
(2055, '2012-04-28 07:28:50', 'SYSTEM', '2012-05-05 07:40:35', 'SYSTEM', 5, '2012-04-27 00:00:00', 25, 2, 515, 'N', 4, 6, 6, 8, 5, 4, 4, 5, 4),
(2056, '2012-04-28 07:28:50', 'SYSTEM', '2012-04-28 08:31:56', 'SYSTEM', 17, '2012-04-27 00:00:00', 80, 2, 516, 'N', 5, 6, 6, 5, 6, 6, 4, 6, 6),
(2057, '2012-04-28 07:30:34', 'SYSTEM', '2012-05-05 07:40:35', 'SYSTEM', 7, '2012-04-27 00:00:00', 31, 2, 515, 'N', 7, 7, 6, 6, 5, 4, 3, 4, 4),
(2058, '2012-04-28 07:30:34', 'SYSTEM', '2012-04-28 08:31:56', 'SYSTEM', 19, '2012-04-27 00:00:00', 70, 2, 516, 'N', 5, 8, 10, 9, 7, 4, 4, 9, 6),
(2059, '2012-04-28 07:32:05', 'SYSTEM', '2012-05-05 07:40:35', 'SYSTEM', 8, '2012-04-27 00:00:00', 28, 2, 515, 'N', 6, 7, 7, 5, 5, 5, 4, 5, 3),
(2060, '2012-04-28 07:32:05', 'SYSTEM', '2012-04-28 08:31:56', 'SYSTEM', 19, '2012-04-27 00:00:00', 68, 2, 516, 'N', 7, 9, 6, 7, 5, 3, 5, 6, 7),
(2061, '2012-04-28 07:33:07', 'SYSTEM', '2012-05-05 07:40:35', 'SYSTEM', 8, '2012-04-27 00:00:00', 29, 2, 515, 'N', 5, 5, 8, 6, 4, 7, 5, 6, 4),
(2062, '2012-04-28 07:33:07', 'SYSTEM', '2012-04-28 08:31:56', 'SYSTEM', 20, '2012-04-27 00:00:00', 128, 2, 516, 'N', 5, 8, 7, 7, 6, 5, 6, 6, 6),
(2063, '2012-04-28 07:49:18', 'SYSTEM', '2012-05-15 09:54:33', 'SYSTEM', 7, '2012-04-27 00:00:00', 40, 2, 519, 'N', 3, 7, 5, 6, 4, 5, 3, 9, 4),
(2064, '2012-04-28 07:49:18', 'SYSTEM', '2012-05-05 07:40:35', 'SYSTEM', 5, '2012-04-27 00:00:00', 84, 2, 520, 'N', 4, 6, 5, 7, 5, 5, 4, 4, 4),
(2065, '2012-04-28 07:56:45', 'SYSTEM', '2012-05-15 09:54:33', 'SYSTEM', 7, '2012-04-27 00:00:00', 43, 2, 519, 'N', 5, 7, 5, 7, 5, 3, 5, 5, 5),
(2066, '2012-04-28 07:56:45', 'SYSTEM', '2012-04-28 08:31:56', 'SYSTEM', 9, '2012-04-27 00:00:00', 76, 2, 520, 'N', 3, 6, 6, 5, 6, 6, 4, 5, 5),
(2067, '2012-04-28 07:58:23', 'SYSTEM', '2012-05-15 09:54:33', 'SYSTEM', 13, '2012-04-27 00:00:00', 120, 2, 519, 'N', 5, 7, 5, 7, 6, 4, 4, 5, 5),
(2068, '2012-04-28 07:58:23', 'SYSTEM', '2012-04-28 08:31:56', 'SYSTEM', 9, '2012-04-27 00:00:00', 77, 2, 520, 'N', 6, 9, 5, 5, 7, 5, 3, 4, 5),
(2069, '2012-04-28 07:59:59', 'SYSTEM', '2012-05-15 09:54:33', 'SYSTEM', 19, '2012-04-27 00:00:00', 53, 2, 519, 'N', 7, 7, 7, 6, 5, 10, 6, 4, 5),
(2070, '2012-04-28 07:59:59', 'SYSTEM', '2012-04-28 08:31:56', 'SYSTEM', 14, '2012-04-27 00:00:00', 79, 2, 520, 'N', 4, 8, 6, 6, 5, 7, 4, 7, 5),
(2071, '2012-04-28 08:26:12', 'SYSTEM', '2012-04-28 08:31:56', 'SYSTEM', 4, '2012-04-27 00:00:00', 16, 1, 517, 'N', 5, 5, 4, 6, 4, 5, 5, 4, 5),
(2072, '2012-04-28 08:26:12', 'SYSTEM', '2012-04-28 08:31:56', 'SYSTEM', 6, '2012-04-27 00:00:00', 1, 1, 518, 'N', 6, 5, 7, 5, 4, 7, 6, 4, 5),
(2073, '2012-04-28 08:28:05', 'SYSTEM', '2012-04-28 08:31:56', 'SYSTEM', 9, '2012-04-27 00:00:00', 15, 1, 517, 'N', 5, 4, 5, 5, 3, 6, 5, 3, 6),
(2074, '2012-04-28 08:28:05', 'SYSTEM', '2012-04-28 08:31:56', 'SYSTEM', 14, '2012-04-27 00:00:00', 6, 1, 518, 'N', 5, 4, 7, 5, 4, 8, 6, 4, 6),
(2075, '2012-04-28 08:29:44', 'SYSTEM', '2012-04-28 08:31:56', 'SYSTEM', 12, '2012-04-27 00:00:00', 19, 1, 517, 'N', 5, 5, 7, 5, 4, 8, 5, 4, 7),
(2076, '2012-04-28 08:29:44', 'SYSTEM', '2012-04-28 08:31:56', 'SYSTEM', 15, '2012-04-27 00:00:00', 91, 1, 518, 'N', 7, 6, 7, 7, 5, 9, 6, 5, 7),
(2077, '2012-04-28 08:31:56', 'SYSTEM', '2012-04-28 08:31:56', 'SYSTEM', 13, '2012-04-27 00:00:00', 18, 1, 517, 'N', 6, 7, 8, 7, 4, 7, 5, 4, 7),
(2078, '2012-04-28 08:31:56', 'SYSTEM', '2012-04-28 08:31:56', 'SYSTEM', 19, '2012-04-27 00:00:00', 4, 1, 518, 'N', 9, 5, 9, 8, 5, 7, 7, 5, 8),
(2079, '2012-05-05 07:26:10', 'SYSTEM', '2012-05-08 16:00:34', 'SYSTEM', 6, '2012-05-04 00:00:00', 39, 1, 521, 'N', 5, 3, 5, 5, 4, 6, 5, 3, 4),
(2080, '2012-05-05 07:26:10', 'SYSTEM', '2012-05-08 16:00:34', 'SYSTEM', 8, '2012-05-04 00:00:00', 1, 1, 522, 'N', 5, 4, 4, 5, 4, 4, 5, 4, 4),
(2081, '2012-05-05 07:27:13', 'SYSTEM', '2012-05-08 16:00:34', 'SYSTEM', 8, '2012-05-04 00:00:00', 38, 1, 521, 'N', 5, 3, 7, 7, 5, 6, 5, 3, 6),
(2082, '2012-05-05 07:27:13', 'SYSTEM', '2012-05-08 16:00:34', 'SYSTEM', 10, '2012-05-04 00:00:00', 90, 1, 522, 'N', 6, 3, 5, 6, 4, 6, 9, 4, 9),
(2083, '2012-05-05 07:28:50', 'SYSTEM', '2012-05-08 16:00:34', 'SYSTEM', 10, '2012-05-04 00:00:00', 33, 1, 521, 'N', 5, 4, 4, 4, 4, 8, 5, 4, 6),
(2084, '2012-05-05 07:28:50', 'SYSTEM', '2012-05-08 16:00:34', 'SYSTEM', 14, '2012-05-04 00:00:00', 6, 1, 522, 'N', 4, 3, 8, 5, 5, 7, 6, 5, 5),
(2085, '2012-05-05 07:29:23', 'SYSTEM', '2012-05-08 16:00:34', 'SYSTEM', 11, '2012-05-04 00:00:00', 37, 1, 521, 'N', 6, 4, 6, 6, 4, 6, 7, 4, 6),
(2086, '2012-05-05 07:29:23', 'SYSTEM', '2012-05-08 16:00:34', 'SYSTEM', NULL, '2012-05-04 00:00:00', NULL, 1, 522, 'Y', NULL, NULL, NULL, NULL, NULL, NULL, NULL, NULL, NULL),
(2087, '2012-05-05 07:30:36', 'SYSTEM', '2012-05-12 06:59:39', 'SYSTEM', 10, '2012-05-04 00:00:00', 56, 1, 523, 'N', 6, 4, 5, 7, 4, 6, 6, 4, 6),
(2088, '2012-05-05 07:30:36', 'SYSTEM', '2012-05-08 16:00:34', 'SYSTEM', 2, '2012-05-04 00:00:00', 78, 1, 524, 'N', 4, 4, 4, 5, 4, 5, 4, 3, 4);
INSERT INTO `STJ_WEEKLY_SCORE` (`WEEKLY_SCORE_ID`, `CRTN_DT`, `CRTN_USER_ID`, `LAST_UPTD_DT`, `LAST_UPTD_USER_ID`, `HANDICAP`, `SCORE_DATE`, `PLAYER_ID`, `SIDE_ID`, `TEAM_SCORE_ID`, `GHOST_FLG`, `HOLE_1_SCORE`, `HOLE_2_SCORE`, `HOLE_3_SCORE`, `HOLE_4_SCORE`, `HOLE_5_SCORE`, `HOLE_6_SCORE`, `HOLE_7_SCORE`, `HOLE_8_SCORE`, `HOLE_9_SCORE`) VALUES
(2089, '2012-05-05 07:31:30', 'SYSTEM', '2012-05-12 06:59:39', 'SYSTEM', 14, '2012-05-04 00:00:00', 55, 1, 523, 'N', 7, 6, 6, 6, 4, 7, 6, 5, 5),
(2090, '2012-05-05 07:31:30', 'SYSTEM', '2012-05-08 16:00:34', 'SYSTEM', 8, '2012-05-04 00:00:00', 76, 1, 524, 'N', 4, 5, 4, 7, 3, 6, 4, 5, 6),
(2091, '2012-05-05 07:32:54', 'SYSTEM', '2012-05-12 06:59:39', 'SYSTEM', 14, '2012-05-04 00:00:00', 57, 1, 523, 'N', 5, 8, 4, 6, 5, 9, 5, 6, 6),
(2092, '2012-05-05 07:32:54', 'SYSTEM', '2012-05-08 16:00:34', 'SYSTEM', 10, '2012-05-04 00:00:00', 77, 1, 524, 'N', 6, 4, 7, 3, 4, 6, 4, 6, 8),
(2093, '2012-05-05 07:34:21', 'SYSTEM', '2012-05-12 06:59:39', 'SYSTEM', 14, '2012-05-04 00:00:00', 58, 1, 523, 'N', 6, 4, 8, 7, 5, 7, 4, 4, 6),
(2094, '2012-05-05 07:34:21', 'SYSTEM', '2012-05-08 16:00:34', 'SYSTEM', 14, '2012-05-04 00:00:00', 79, 1, 524, 'N', 6, 4, 4, 6, 4, 13, 5, 5, 6),
(2095, '2012-05-05 07:37:18', 'SYSTEM', '2012-05-08 16:00:34', 'SYSTEM', 4, '2012-05-04 00:00:00', 123, 1, 529, 'N', 6, 3, 5, 6, 4, 7, 4, 4, 6),
(2096, '2012-05-05 07:37:18', 'SYSTEM', '2012-05-08 16:00:34', 'SYSTEM', 6, '2012-05-04 00:00:00', 8, 1, 530, 'N', 5, 5, 5, 7, 3, 6, 4, 4, 6),
(2097, '2012-05-05 07:38:15', 'SYSTEM', '2012-05-08 16:00:34', 'SYSTEM', 8, '2012-05-04 00:00:00', 30, 1, 529, 'N', 5, 3, 5, 6, 4, 5, 5, 4, 6),
(2098, '2012-05-05 07:38:15', 'SYSTEM', '2012-05-08 16:00:34', 'SYSTEM', 12, '2012-05-04 00:00:00', 104, 1, 530, 'N', 7, 4, 4, 7, 3, 7, 5, 4, 7),
(2099, '2012-05-05 07:39:23', 'SYSTEM', '2012-05-08 16:00:34', 'SYSTEM', 9, '2012-05-04 00:00:00', 29, 1, 529, 'N', 5, 3, 4, 5, 4, 5, 5, 3, 6),
(2100, '2012-05-05 07:39:23', 'SYSTEM', '2012-05-08 16:00:34', 'SYSTEM', 14, '2012-05-04 00:00:00', 7, 1, 530, 'N', 5, 4, 5, 7, 5, 7, 6, 3, 6),
(2101, '2012-05-05 07:41:54', 'SYSTEM', '2012-05-08 16:00:34', 'SYSTEM', 4, '2012-05-04 00:00:00', 134, 1, 529, 'N', 6, 4, 3, 4, 3, 7, 4, 3, 5),
(2102, '2012-05-05 07:41:54', 'SYSTEM', '2012-05-08 16:00:34', 'SYSTEM', 20, '2012-05-04 00:00:00', 106, 1, 530, 'N', 5, 4, 8, 7, 5, 8, 6, 4, 10),
(2103, '2012-05-08 15:14:49', 'SYSTEM', '2012-05-08 16:00:34', 'SYSTEM', 2, '2012-05-04 00:00:00', 51, 2, 525, 'N', 2, 7, 5, 6, 5, 4, 4, 4, 4),
(2104, '2012-05-08 15:14:49', 'SYSTEM', '2012-05-08 16:00:34', 'SYSTEM', 10, '2012-05-04 00:00:00', 65, 2, 526, 'N', 5, 7, 7, 6, 5, 4, 3, 5, 4),
(2105, '2012-05-08 15:15:31', 'SYSTEM', '2012-05-08 16:00:34', 'SYSTEM', 6, '2012-05-04 00:00:00', 50, 2, 525, 'N', 3, 5, 4, 5, 5, 6, 4, 4, 6),
(2106, '2012-05-08 15:15:31', 'SYSTEM', '2012-05-08 16:00:34', 'SYSTEM', 15, '2012-05-04 00:00:00', 61, 2, 526, 'N', 5, 7, 5, 8, 6, 6, 4, 7, 4),
(2107, '2012-05-08 15:16:54', 'SYSTEM', '2012-05-08 16:00:34', 'SYSTEM', 12, '2012-05-04 00:00:00', 47, 2, 525, 'N', 3, 7, 6, 6, 5, 6, 4, 6, 5),
(2108, '2012-05-08 15:16:54', 'SYSTEM', '2012-05-08 16:00:34', 'SYSTEM', 24, '2012-05-04 00:00:00', 66, 2, 526, 'N', 5, 7, 7, 8, 7, 8, 5, 6, 7),
(2109, '2012-05-08 15:19:13', 'SYSTEM', '2012-05-08 16:00:34', 'SYSTEM', 18, '2012-05-04 00:00:00', 46, 2, 525, 'N', 3, 9, 8, 8, 5, 4, 5, 6, 6),
(2110, '2012-05-08 15:19:13', 'SYSTEM', '2012-05-08 16:00:34', 'SYSTEM', 19, '2012-05-04 00:00:00', 63, 2, 526, 'N', 7, 9, 7, 7, 8, 5, 5, 6, 5),
(2111, '2012-05-08 15:33:05', 'SYSTEM', '2012-05-08 16:00:34', 'SYSTEM', 4, '2012-05-04 00:00:00', 16, 2, 527, 'N', 4, 6, 4, 6, 4, 3, 4, 6, 4),
(2112, '2012-05-08 15:33:05', 'SYSTEM', '2012-05-15 09:54:33', 'SYSTEM', 8, '2012-05-04 00:00:00', 43, 2, 528, 'N', 4, 6, 6, 4, 4, 5, 3, 5, 3),
(2113, '2012-05-08 15:34:06', 'SYSTEM', '2012-05-08 16:00:34', 'SYSTEM', 8, '2012-05-04 00:00:00', 15, 2, 527, 'N', 5, 8, 5, 6, 5, 5, 4, 4, 5),
(2114, '2012-05-08 15:34:06', 'SYSTEM', '2012-05-15 09:54:33', 'SYSTEM', 12, '2012-05-04 00:00:00', 120, 2, 528, 'N', 4, 6, 4, 6, 6, 4, 3, 4, 4),
(2115, '2012-05-08 15:38:03', 'SYSTEM', '2012-05-08 16:00:34', 'SYSTEM', 11, '2012-05-04 00:00:00', 20, 2, 527, 'N', 5, 8, 6, 7, 5, 5, 4, 5, 5),
(2116, '2012-05-08 15:38:03', 'SYSTEM', '2012-05-15 09:54:33', 'SYSTEM', 13, '2012-05-04 00:00:00', 135, 2, 528, 'N', 4, 6, 8, 7, 5, 4, 3, 8, 5),
(2117, '2012-05-08 15:46:24', 'SYSTEM', '2012-05-08 16:00:34', 'SYSTEM', 11, '2012-05-04 00:00:00', 17, 2, 527, 'N', 3, 7, 6, 6, 5, 5, 5, 6, 5),
(2118, '2012-05-08 15:46:24', 'SYSTEM', '2012-05-15 09:54:33', 'SYSTEM', 19, '2012-05-04 00:00:00', 53, 2, 528, 'N', 4, 10, 6, 7, 7, 8, 3, 4, 6),
(2119, '2012-05-08 15:49:11', 'SYSTEM', '2012-05-08 16:00:34', 'SYSTEM', 6, '2012-05-04 00:00:00', 96, 2, 531, 'N', 7, 6, 4, 7, 7, 5, 4, 5, 4),
(2120, '2012-05-08 15:49:11', 'SYSTEM', '2012-05-08 16:00:34', 'SYSTEM', 14, '2012-05-04 00:00:00', 71, 2, 532, 'N', 4, 6, 7, 6, 6, 5, 3, 5, 6),
(2121, '2012-05-08 15:51:03', 'SYSTEM', '2012-05-08 16:00:34', 'SYSTEM', 8, '2012-05-04 00:00:00', 110, 2, 531, 'N', 6, 6, 7, 6, 5, 4, 5, 5, 5),
(2122, '2012-05-08 15:51:03', 'SYSTEM', '2012-05-08 16:00:34', 'SYSTEM', 15, '2012-05-04 00:00:00', 74, 2, 532, 'N', 4, 9, 6, 6, 6, 4, 4, 5, 5),
(2123, '2012-05-08 15:57:45', 'SYSTEM', '2012-05-08 16:00:34', 'SYSTEM', 9, '2012-05-04 00:00:00', 99, 2, 531, 'N', 4, 7, 6, 6, 5, 5, 5, 7, 6),
(2124, '2012-05-08 15:57:45', 'SYSTEM', '2012-05-08 16:00:34', 'SYSTEM', 29, '2012-05-04 00:00:00', 127, 2, 532, 'N', 6, 9, 5, 10, 8, 7, 7, 4, 7),
(2125, '2012-05-08 16:00:34', 'SYSTEM', '2012-05-08 16:00:34', 'SYSTEM', 16, '2012-05-04 00:00:00', 101, 2, 531, 'N', 5, 10, 7, 7, 6, 7, 3, 6, 4),
(2126, '2012-05-08 16:00:34', 'SYSTEM', '2012-05-08 16:00:34', 'SYSTEM', 14, '2012-05-04 00:00:00', 129, 2, 532, 'N', 5, 6, 7, 6, 6, 7, 6, 4, 5),
(2127, '2012-05-11 22:21:57', 'SYSTEM', '2012-05-12 07:23:39', 'SYSTEM', 16, '2012-05-11 00:00:00', 80, 1, 533, 'N', 7, 4, 5, 4, 7, 10, 5, 7, 6),
(2128, '2012-05-11 22:21:57', 'SYSTEM', '2012-05-12 07:23:39', 'SYSTEM', 15, '2012-05-11 00:00:00', 121, 1, 534, 'N', 5, 4, 6, 8, 4, 7, 7, 3, 6),
(2129, '2012-05-11 22:23:40', 'SYSTEM', '2012-05-12 07:23:39', 'SYSTEM', 19, '2012-05-11 00:00:00', 128, 1, 533, 'N', 6, 4, 8, 5, 5, 7, 6, 4, 8),
(2130, '2012-05-11 22:23:40', 'SYSTEM', '2012-05-12 07:23:39', 'SYSTEM', 17, '2012-05-11 00:00:00', 122, 1, 534, 'N', 7, 4, 5, 5, 6, 6, 5, 5, 7),
(2131, '2012-05-11 22:24:37', 'SYSTEM', '2012-05-12 07:23:39', 'SYSTEM', 18, '2012-05-11 00:00:00', 70, 1, 533, 'N', 4, 8, 7, 5, 4, 7, 4, 4, 8),
(2132, '2012-05-11 22:24:37', 'SYSTEM', '2012-05-12 07:23:39', 'SYSTEM', 20, '2012-05-11 00:00:00', 106, 1, 534, 'N', 6, 4, 5, 9, 3, 8, 10, 3, 9),
(2133, '2012-05-11 22:26:58', 'SYSTEM', '2012-05-12 07:23:39', 'SYSTEM', 27, '2012-05-11 00:00:00', 127, 1, 533, 'N', 6, 4, 5, 7, 6, 9, 5, 4, 9),
(2134, '2012-05-11 22:26:58', 'SYSTEM', '2012-05-12 07:23:39', 'SYSTEM', 26, '2012-05-11 00:00:00', 130, 1, 534, 'N', 7, 8, 7, 6, 4, 8, 8, 4, 7),
(2135, '2012-05-11 22:28:22', 'SYSTEM', '2012-05-12 07:23:39', 'SYSTEM', 6, '2012-05-11 00:00:00', 39, 1, 535, 'N', 4, 4, 5, 7, 4, 5, 6, 4, 5),
(2136, '2012-05-11 22:28:22', 'SYSTEM', '2012-05-12 07:23:39', 'SYSTEM', 3, '2012-05-11 00:00:00', 51, 1, 536, 'N', 5, 5, 6, 5, 3, 5, 4, 4, 3),
(2137, '2012-05-11 22:29:13', 'SYSTEM', '2012-05-12 07:23:39', 'SYSTEM', 9, '2012-05-11 00:00:00', 38, 1, 535, 'N', 4, 5, 4, 5, 3, 6, 4, 4, 5),
(2138, '2012-05-11 22:29:13', 'SYSTEM', '2012-05-12 07:23:39', 'SYSTEM', 12, '2012-05-11 00:00:00', 47, 1, 536, 'N', 7, 4, 4, 5, 4, 6, 5, 4, 7),
(2139, '2012-05-11 22:30:29', 'SYSTEM', '2012-05-12 07:23:39', 'SYSTEM', 9, '2012-05-11 00:00:00', 124, 1, 535, 'N', 4, 3, 5, 5, 3, 9, 5, 3, 6),
(2140, '2012-05-11 22:30:29', 'SYSTEM', '2012-05-12 07:23:39', 'SYSTEM', 6, '2012-05-11 00:00:00', 50, 1, 536, 'N', 4, 5, 6, 4, 3, 5, 5, 3, 7),
(2141, '2012-05-11 22:46:27', 'SYSTEM', '2012-05-12 07:23:39', 'SYSTEM', 23, '2012-05-11 00:00:00', 126, 1, 535, 'N', 5, 4, 4, 6, 6, 11, 3, 6, 7),
(2142, '2012-05-11 22:46:27', 'SYSTEM', '2012-05-12 07:23:39', 'SYSTEM', 18, '2012-05-11 00:00:00', 46, 1, 536, 'N', 5, 4, 6, 7, 4, 7, 6, 4, 7),
(2143, '2012-05-11 22:47:25', 'SYSTEM', '2012-05-12 07:23:39', 'SYSTEM', 5, '2012-05-11 00:00:00', 16, 1, 541, 'N', 4, 4, 6, 4, 3, 4, 5, 4, 4),
(2144, '2012-05-11 22:47:25', 'SYSTEM', '2012-05-12 07:23:39', 'SYSTEM', 8, '2012-05-11 00:00:00', 76, 1, 542, 'N', 4, 4, 5, 6, 3, 5, 5, 3, 5),
(2145, '2012-05-11 22:48:29', 'SYSTEM', '2012-05-12 07:23:39', 'SYSTEM', 11, '2012-05-11 00:00:00', 88, 1, 541, 'N', 5, 5, 6, 5, 5, 7, 5, 4, 6),
(2146, '2012-05-11 22:48:29', 'SYSTEM', '2012-05-12 07:23:39', 'SYSTEM', 15, '2012-05-11 00:00:00', 55, 1, 542, 'N', 6, 6, 6, 5, 5, 8, 6, 4, 7),
(2147, '2012-05-11 22:49:25', 'SYSTEM', '2012-05-12 07:23:39', 'SYSTEM', 9, '2012-05-11 00:00:00', 21, 1, 541, 'N', 4, 5, 7, 7, 3, 7, 7, 4, 6),
(2148, '2012-05-11 22:49:25', 'SYSTEM', '2012-05-12 07:23:39', 'SYSTEM', 11, '2012-05-11 00:00:00', 56, 1, 542, 'N', 4, 5, 6, 5, 3, 6, 4, 4, 5),
(2149, '2012-05-11 22:50:12', 'SYSTEM', '2012-05-12 07:23:39', 'SYSTEM', 14, '2012-05-11 00:00:00', 18, 1, 541, 'N', 5, 3, 5, 8, 5, 7, 5, 3, 7),
(2150, '2012-05-11 22:50:12', 'SYSTEM', '2012-05-12 07:23:39', 'SYSTEM', 15, '2012-05-11 00:00:00', 79, 1, 542, 'N', 4, 4, 6, 6, 4, 6, 5, 5, 7),
(2151, '2012-05-12 07:06:13', 'SYSTEM', '2012-05-12 07:23:39', 'SYSTEM', 8, '2012-05-11 00:00:00', 1, 2, 539, 'N', 5, 5, 5, 6, 7, 7, 3, 6, 4),
(2152, '2012-05-12 07:06:13', 'SYSTEM', '2012-05-12 07:23:39', 'SYSTEM', 11, '2012-05-11 00:00:00', 64, 2, 540, 'N', 6, 8, 4, 6, 5, 5, 3, 4, 4),
(2153, '2012-05-12 07:07:06', 'SYSTEM', '2012-05-12 07:23:39', 'SYSTEM', 8, '2012-05-11 00:00:00', 3, 2, 539, 'N', 4, 6, 4, 7, 6, 5, 4, 6, 5),
(2154, '2012-05-12 07:07:06', 'SYSTEM', '2012-05-12 07:23:39', 'SYSTEM', 13, '2012-05-11 00:00:00', 67, 2, 540, 'N', 5, 6, 6, 6, 5, 5, 4, 5, 6),
(2155, '2012-05-12 07:07:48', 'SYSTEM', '2012-05-12 07:23:39', 'SYSTEM', 12, '2012-05-11 00:00:00', 90, 2, 539, 'N', 4, 6, 6, 9, 6, 8, 4, 4, 5),
(2156, '2012-05-12 07:07:48', 'SYSTEM', '2012-05-12 07:23:39', 'SYSTEM', 15, '2012-05-11 00:00:00', 61, 2, 540, 'N', 5, 6, 5, 8, 6, 7, 4, 4, 7),
(2157, '2012-05-12 07:11:11', 'SYSTEM', '2012-05-12 07:23:39', 'SYSTEM', 13, '2012-05-11 00:00:00', 6, 2, 539, 'N', 6, 8, 6, 5, 4, 7, 6, 5, 6),
(2158, '2012-05-12 07:11:11', 'SYSTEM', '2012-05-12 07:23:39', 'SYSTEM', 17, '2012-05-11 00:00:00', 60, 2, 540, 'N', 2, 7, 6, 7, 5, 5, 4, 7, 4),
(2159, '2012-05-12 07:12:21', 'SYSTEM', '2012-05-12 07:23:39', 'SYSTEM', 6, '2012-05-11 00:00:00', 31, 2, 537, 'N', 5, 5, 5, 8, 6, 6, 3, 7, 5),
(2160, '2012-05-12 07:12:21', 'SYSTEM', '2012-05-12 07:23:39', 'SYSTEM', 5, '2012-05-11 00:00:00', 97, 2, 538, 'N', 4, 5, 4, 7, 5, 4, 2, 4, 6),
(2161, '2012-05-12 07:13:08', 'SYSTEM', '2012-05-12 07:23:39', 'SYSTEM', 8, '2012-05-11 00:00:00', 29, 2, 537, 'N', 4, 6, 6, 4, 5, 5, 4, 5, 5),
(2162, '2012-05-12 07:13:08', 'SYSTEM', '2012-05-12 07:23:39', 'SYSTEM', 6, '2012-05-11 00:00:00', 98, 2, 538, 'N', 4, 5, 5, 5, 6, 8, 4, 5, 5),
(2163, '2012-05-12 07:13:53', 'SYSTEM', '2012-05-12 07:23:39', 'SYSTEM', 13, '2012-05-11 00:00:00', 112, 2, 537, 'N', 5, 7, 6, 6, 6, 6, 4, 6, 7),
(2164, '2012-05-12 07:13:53', 'SYSTEM', '2012-05-12 07:23:39', 'SYSTEM', 21, '2012-05-11 00:00:00', 132, 2, 538, 'N', 5, 7, 5, 7, 6, 6, 5, 4, 5),
(2165, '2012-05-12 07:15:57', 'SYSTEM', '2012-05-12 07:23:39', 'SYSTEM', 8, '2012-05-11 00:00:00', 28, 2, 537, 'N', 4, 7, 5, 4, 6, 4, 4, 4, 4),
(2166, '2012-05-12 07:15:57', 'SYSTEM', '2012-05-12 07:23:39', 'SYSTEM', 8, '2012-05-11 00:00:00', 109, 2, 538, 'N', 3, 7, 5, 5, 4, 5, 4, 6, 3),
(2167, '2012-05-12 07:19:11', 'SYSTEM', '2012-05-15 09:54:33', 'SYSTEM', 4, '2012-05-11 00:00:00', 41, 2, 543, 'N', 4, 6, 5, 4, 5, 5, 3, 5, 4),
(2168, '2012-05-12 07:19:11', 'SYSTEM', '2012-05-12 07:23:39', 'SYSTEM', 6, '2012-05-11 00:00:00', 131, 2, 544, 'N', 6, 6, 5, 5, 5, 3, 3, 6, 6),
(2169, '2012-05-12 07:20:32', 'SYSTEM', '2012-05-15 09:54:33', 'SYSTEM', 10, '2012-05-11 00:00:00', 120, 2, 543, 'N', 4, 7, 4, 8, 5, 5, 4, 4, 5),
(2170, '2012-05-12 07:20:32', 'SYSTEM', '2012-05-12 07:23:39', 'SYSTEM', 14, '2012-05-11 00:00:00', 58, 2, 544, 'N', 6, 7, 6, 6, 5, 5, 5, 5, 6),
(2171, '2012-05-12 07:22:37', 'SYSTEM', '2012-05-15 09:54:33', 'SYSTEM', 7, '2012-05-11 00:00:00', 40, 2, 543, 'N', 3, 5, 7, 5, 7, 4, 5, 7, 4),
(2172, '2012-05-12 07:22:37', 'SYSTEM', '2012-05-12 07:23:39', 'SYSTEM', 8, '2012-05-11 00:00:00', 107, 2, 544, 'N', 4, 6, 5, 6, 5, 7, 4, 4, 8),
(2173, '2012-05-12 07:23:39', 'SYSTEM', '2012-05-15 09:54:33', 'SYSTEM', 19, '2012-05-11 00:00:00', 53, 2, 543, 'N', 4, 10, 8, 7, 6, 5, 4, 4, 9),
(2174, '2012-05-12 07:23:39', 'SYSTEM', '2012-05-12 07:23:39', 'SYSTEM', 12, '2012-05-11 00:00:00', 136, 2, 544, 'N', 3, 8, 5, 6, 7, 6, 4, 5, 5),
(2175, '2012-05-18 21:01:03', 'SYSTEM', '2012-05-18 21:33:49', 'SYSTEM', 4, '2012-05-18 00:00:00', 51, 1, 545, 'N', 4, 4, 4, 4, 3, 6, 4, 4, 4),
(2176, '2012-05-18 21:01:03', 'SYSTEM', '2012-05-18 21:33:49', 'SYSTEM', 2, '2012-05-18 00:00:00', 78, 1, 546, 'N', 4, 4, 5, 5, 3, 5, 4, 4, 4),
(2177, '2012-05-18 21:01:49', 'SYSTEM', '2012-05-18 21:33:49', 'SYSTEM', 10, '2012-05-18 00:00:00', 52, 1, 545, 'N', 7, 4, 7, 4, 4, 5, 6, 3, 5),
(2178, '2012-05-18 21:01:49', 'SYSTEM', '2012-05-18 21:33:49', 'SYSTEM', 8, '2012-05-18 00:00:00', 76, 1, 546, 'N', 7, 4, 5, 5, 5, 5, 6, 4, 4),
(2179, '2012-05-18 21:02:32', 'SYSTEM', '2012-05-18 21:33:49', 'SYSTEM', 11, '2012-05-18 00:00:00', 47, 1, 545, 'N', 5, 4, 5, 5, 5, 6, 6, 3, 5),
(2180, '2012-05-18 21:02:32', 'SYSTEM', '2012-05-18 21:33:49', 'SYSTEM', 11, '2012-05-18 00:00:00', 77, 1, 546, 'N', 5, 4, 5, 7, 3, 6, 5, 3, 6),
(2181, '2012-05-18 21:03:31', 'SYSTEM', '2012-05-18 21:33:49', 'SYSTEM', 17, '2012-05-18 00:00:00', 46, 1, 545, 'N', 7, 4, 6, 6, 6, 8, 8, 4, 9),
(2182, '2012-05-18 21:03:31', 'SYSTEM', '2012-05-18 21:33:49', 'SYSTEM', 15, '2012-05-18 00:00:00', 79, 1, 546, 'N', 7, 5, 5, 5, 6, 5, 6, 6, 4),
(2183, '2012-05-18 21:04:50', 'SYSTEM', '2012-05-18 21:33:49', 'SYSTEM', 12, '2012-05-18 00:00:00', 67, 1, 547, 'N', 5, 3, 6, 4, 3, 6, 8, 3, 5),
(2184, '2012-05-18 21:04:50', 'SYSTEM', '2012-05-18 21:33:49', 'SYSTEM', 6, '2012-05-18 00:00:00', 100, 1, 548, 'N', 6, 5, 7, 5, 3, 6, 5, 3, 5),
(2185, '2012-05-18 21:06:17', 'SYSTEM', '2012-05-18 21:33:49', 'SYSTEM', 24, '2012-05-18 00:00:00', 66, 1, 547, 'N', 8, 6, 6, 9, 4, 9, 5, 4, 8),
(2186, '2012-05-18 21:06:17', 'SYSTEM', '2012-05-18 21:33:49', 'SYSTEM', 15, '2012-05-18 00:00:00', 101, 1, 548, 'N', 9, 5, 7, 6, 4, 8, 4, 4, 7),
(2187, '2012-05-18 21:07:04', 'SYSTEM', '2012-05-18 21:33:49', 'SYSTEM', 13, '2012-05-18 00:00:00', 59, 1, 547, 'N', 6, 3, 5, 8, 4, 7, 6, 4, 8),
(2188, '2012-05-18 21:07:04', 'SYSTEM', '2012-05-18 21:33:49', 'SYSTEM', 7, '2012-05-18 00:00:00', 96, 1, 548, 'N', 5, 4, 5, 5, 5, 6, 5, 4, 8),
(2189, '2012-05-18 21:08:39', 'SYSTEM', '2012-05-18 21:33:49', 'SYSTEM', 15, '2012-05-18 00:00:00', 61, 1, 547, 'N', 7, 3, 4, 6, 4, 8, 8, 3, 7),
(2190, '2012-05-18 21:08:39', 'SYSTEM', '2012-05-18 21:33:49', 'SYSTEM', 8, '2012-05-18 00:00:00', 110, 1, 548, 'N', 6, 5, 5, 4, 5, 5, 5, 3, 7),
(2191, '2012-05-18 21:10:39', 'SYSTEM', '2012-05-18 21:33:49', 'SYSTEM', 8, '2012-05-18 00:00:00', 1, 1, 553, 'N', 5, 4, 5, 6, 3, 5, 5, 3, 6),
(2192, '2012-05-18 21:10:39', 'SYSTEM', '2012-05-18 21:33:49', 'SYSTEM', 8, '2012-05-18 00:00:00', 29, 1, 554, 'N', 4, 6, 3, 6, 4, 6, 5, 3, 3),
(2193, '2012-05-18 21:12:36', 'SYSTEM', '2012-05-18 21:33:49', 'SYSTEM', 19, '2012-05-18 00:00:00', 4, 1, 553, 'N', 5, 4, 5, 8, 5, 6, 6, 5, 6),
(2194, '2012-05-18 21:12:36', 'SYSTEM', '2012-05-18 21:33:49', 'SYSTEM', 16, '2012-05-18 00:00:00', 55, 1, 554, 'N', 4, 4, 5, 7, 4, 6, 8, 2, 6),
(2195, '2012-05-18 21:13:53', 'SYSTEM', '2012-05-18 21:33:49', 'SYSTEM', 13, '2012-05-18 00:00:00', 113, 1, 553, 'N', 6, 5, 6, 5, 5, 7, 4, 3, 7),
(2196, '2012-05-18 21:13:53', 'SYSTEM', '2012-05-18 21:33:49', 'SYSTEM', 10, '2012-05-18 00:00:00', 56, 1, 554, 'N', 6, 4, 5, 4, 7, 7, 6, 4, 7),
(2197, '2012-05-18 21:15:23', 'SYSTEM', '2012-05-18 21:33:49', 'SYSTEM', 15, '2012-05-18 00:00:00', 91, 1, 553, 'N', 7, 6, 8, 6, 4, 8, 5, 3, 5),
(2198, '2012-05-18 21:15:23', 'SYSTEM', '2012-05-18 21:33:49', 'SYSTEM', 15, '2012-05-18 00:00:00', 57, 1, 554, 'N', 7, 2, 6, 6, 4, 8, 7, 6, 7),
(2199, '2012-05-18 21:17:35', 'SYSTEM', '2012-05-18 21:33:49', 'SYSTEM', 8, '2012-05-18 00:00:00', 38, 2, 549, 'N', 5, 6, 5, 5, 5, 5, 3, 5, 5),
(2200, '2012-05-18 21:17:35', 'SYSTEM', '2012-05-18 21:33:49', 'SYSTEM', 14, '2012-05-18 00:00:00', 71, 2, 550, 'N', 6, 8, 8, 6, 5, 9, 4, 6, 6),
(2201, '2012-05-18 21:19:12', 'SYSTEM', '2012-05-18 21:33:49', 'SYSTEM', 12, '2012-05-18 00:00:00', 37, 2, 549, 'N', 5, 7, 7, 7, 6, 5, 2, 5, 6),
(2202, '2012-05-18 21:19:12', 'SYSTEM', '2012-05-18 21:33:49', 'SYSTEM', 24, '2012-05-18 00:00:00', 127, 2, 550, 'N', 5, 10, 5, 8, 8, 8, 6, 6, 7),
(2203, '2012-05-18 21:20:18', 'SYSTEM', '2012-05-18 21:33:49', 'SYSTEM', 8, '2012-05-18 00:00:00', 124, 2, 549, 'N', 4, 6, 6, 5, 4, 4, 3, 5, 4),
(2204, '2012-05-18 21:20:18', 'SYSTEM', '2012-05-18 21:33:49', 'SYSTEM', 14, '2012-05-18 00:00:00', 129, 2, 550, 'N', 6, 9, 5, 7, 6, 6, 5, 8, 7),
(2205, '2012-05-18 21:21:10', 'SYSTEM', '2012-05-18 21:33:49', 'SYSTEM', 10, '2012-05-18 00:00:00', 33, 2, 549, 'N', 5, 8, 7, 5, 4, 5, 4, 6, 5),
(2206, '2012-05-18 21:21:10', 'SYSTEM', '2012-05-18 21:33:49', 'SYSTEM', 19, '2012-05-18 00:00:00', 68, 2, 550, 'N', 7, 10, 9, 7, 5, 5, 5, 6, 6),
(2207, '2012-05-18 21:22:18', 'SYSTEM', '2012-05-18 21:33:49', 'SYSTEM', 4, '2012-05-18 00:00:00', 134, 2, 551, 'N', 5, 6, 5, 4, 5, 5, 3, 6, 5),
(2208, '2012-05-18 21:22:18', 'SYSTEM', '2012-05-18 21:33:49', 'SYSTEM', 4, '2012-05-18 00:00:00', 41, 2, 552, 'N', 3, 7, 6, 6, 5, 5, 4, 6, 5),
(2209, '2012-05-18 21:23:11', 'SYSTEM', '2012-05-18 21:33:49', 'SYSTEM', 8, '2012-05-18 00:00:00', 30, 2, 551, 'N', 3, 6, 5, 5, 4, 4, 4, 6, 5),
(2210, '2012-05-18 21:23:11', 'SYSTEM', '2012-05-18 21:33:49', 'SYSTEM', 19, '2012-05-18 00:00:00', 53, 2, 552, 'N', 9, 10, 6, 7, 9, 7, 6, 6, 6),
(2211, '2012-05-18 21:25:27', 'SYSTEM', '2012-05-18 21:33:49', 'SYSTEM', 6, '2012-05-18 00:00:00', 25, 2, 551, 'N', 6, 6, 5, 7, 5, 5, 4, 4, 4),
(2212, '2012-05-18 21:25:27', 'SYSTEM', '2012-05-18 21:33:49', 'SYSTEM', 5, '2012-05-18 00:00:00', 42, 2, 552, 'N', 3, 6, 4, 6, 4, 5, 2, 4, 5),
(2213, '2012-05-18 21:27:28', 'SYSTEM', '2012-05-18 21:33:49', 'SYSTEM', 6, '2012-05-18 00:00:00', 123, 2, 551, 'N', 5, 6, 6, 6, 5, 5, 4, 7, 4),
(2214, '2012-05-18 21:27:28', 'SYSTEM', '2012-05-18 21:33:49', 'SYSTEM', 8, '2012-05-18 00:00:00', 40, 2, 552, 'N', 6, 5, 6, 8, 7, 4, 4, 4, 3),
(2215, '2012-05-18 21:29:34', 'SYSTEM', '2012-05-18 21:33:49', 'SYSTEM', 7, '2012-05-18 00:00:00', 8, 2, 555, 'N', 5, 6, 6, 5, 4, 4, 3, 5, 5),
(2216, '2012-05-18 21:29:34', 'SYSTEM', '2012-05-18 21:33:49', 'SYSTEM', 10, '2012-05-18 00:00:00', 21, 2, 556, 'N', 4, 7, 6, 6, 5, 6, 4, 6, 4),
(2217, '2012-05-18 21:31:52', 'SYSTEM', '2012-05-18 21:33:49', 'SYSTEM', 20, '2012-05-18 00:00:00', 106, 2, 555, 'N', 5, 8, 5, 5, 9, 8, 4, 8, 8),
(2218, '2012-05-18 21:31:52', 'SYSTEM', '2012-05-18 21:33:49', 'SYSTEM', 13, '2012-05-18 00:00:00', 19, 2, 556, 'N', 4, 7, 6, 8, 6, 6, 3, 6, 6),
(2219, '2012-05-18 21:32:59', 'SYSTEM', '2012-05-18 21:33:49', 'SYSTEM', 13, '2012-05-18 00:00:00', 104, 2, 555, 'N', 4, 7, 6, 7, 6, 6, 5, 5, 5),
(2220, '2012-05-18 21:32:59', 'SYSTEM', '2012-05-18 21:33:49', 'SYSTEM', 12, '2012-05-18 00:00:00', 23, 2, 556, 'N', 4, 7, 7, 6, 4, 6, 6, 5, 5),
(2221, '2012-05-18 21:33:49', 'SYSTEM', '2012-05-18 21:33:49', 'SYSTEM', 14, '2012-05-18 00:00:00', 7, 2, 555, 'N', 4, 8, 5, 7, 5, 8, 5, 5, 6),
(2222, '2012-05-18 21:33:49', 'SYSTEM', '2012-05-18 21:33:49', 'SYSTEM', 12, '2012-05-18 00:00:00', 88, 2, 556, 'N', 4, 9, 8, 7, 6, 6, 5, 6, 4);
