-- MySQL Administrator dump 1.4
--
-- ------------------------------------------------------
-- Server version	5.1.45-community


/*!40101 SET @OLD_CHARACTER_SET_CLIENT=@@CHARACTER_SET_CLIENT */;
/*!40101 SET @OLD_CHARACTER_SET_RESULTS=@@CHARACTER_SET_RESULTS */;
/*!40101 SET @OLD_COLLATION_CONNECTION=@@COLLATION_CONNECTION */;
/*!40101 SET NAMES utf8 */;

/*!40014 SET @OLD_UNIQUE_CHECKS=@@UNIQUE_CHECKS, UNIQUE_CHECKS=0 */;
/*!40014 SET @OLD_FOREIGN_KEY_CHECKS=@@FOREIGN_KEY_CHECKS, FOREIGN_KEY_CHECKS=0 */;
/*!40101 SET @OLD_SQL_MODE=@@SQL_MODE, SQL_MODE='NO_AUTO_VALUE_ON_ZERO' */;


USE stjames;

--
-- Dumping data for table `stj_player`
--

/*!40000 ALTER TABLE `stj_player` DISABLE KEYS */;
INSERT INTO `stj_player` (`PLAYER_ID`,`CRTN_DT`,`CRTN_USER_ID`,`LAST_UPTD_DT`,`LAST_UPTD_USER_ID`,`FIRST_NAME`,`LAST_NAME`,`TEAM_ID`) VALUES 
 (1,'2010-04-23 07:07:41','SYSTEM','2010-04-23 11:39:47','SYSTEM','Andy','Conner',1),
 (2,'2010-04-23 07:07:41','SYSTEM','2010-04-23 07:07:41','SYSTEM','Denny','Connor',1),
 (3,'2010-04-23 07:07:41','SYSTEM','2010-04-23 07:07:41','SYSTEM','Fr. Frank','Dvorak',1),
 (4,'2010-04-23 07:07:41','SYSTEM','2010-04-23 07:07:41','SYSTEM','Dick','Jones',1),
 (5,'2010-04-23 07:07:41','SYSTEM','2010-04-23 07:07:41','SYSTEM','Dave','Klein',1),
 (6,'2010-04-23 07:07:41','SYSTEM','2010-04-23 07:07:41','SYSTEM','Al','Miller',1),
 (7,'2010-04-23 07:07:41','SYSTEM','2010-04-23 07:07:41','SYSTEM','Ken','Post',1),
 (8,'2010-04-23 07:07:41','SYSTEM','2010-04-23 07:07:41','SYSTEM','Daryl','Arndt',2),
 (9,'2010-04-23 07:07:41','SYSTEM','2010-04-23 07:07:41','SYSTEM','Ted','Arndt',2),
 (10,'2010-04-23 07:07:41','SYSTEM','2010-04-23 07:07:41','SYSTEM','Rich','Bischof',2),
 (11,'2010-04-23 07:07:41','SYSTEM','2010-04-23 07:07:41','SYSTEM','Jim','Hubschman',2),
 (12,'2010-04-23 07:07:41','SYSTEM','2010-04-23 07:07:41','SYSTEM','Vern','Nixon',2),
 (13,'2010-04-23 07:07:41','SYSTEM','2010-04-23 07:07:41','SYSTEM','Ron','Potthoff',2),
 (14,'2010-04-23 07:07:41','SYSTEM','2010-04-23 07:07:41','SYSTEM','Bill','Stafford',2),
 (15,'2010-04-23 07:07:41','SYSTEM','2010-04-23 07:07:41','SYSTEM','Tim','Gilg',3),
 (16,'2010-04-23 07:07:41','SYSTEM','2010-04-23 07:07:41','SYSTEM','Brian','Hake',3),
 (17,'2010-04-23 07:07:41','SYSTEM','2010-04-23 07:07:41','SYSTEM','George','Hruska',3),
 (18,'2010-04-23 07:07:41','SYSTEM','2010-04-23 07:07:41','SYSTEM','Scott','Knight',3),
 (19,'2010-04-23 07:07:41','SYSTEM','2010-04-23 07:07:41','SYSTEM','Russ','Mandel',3),
 (20,'2010-04-23 07:07:42','SYSTEM','2010-04-23 07:07:42','SYSTEM','John','Patterson',3),
 (21,'2010-04-23 07:07:42','SYSTEM','2010-04-23 07:07:42','SYSTEM','Bryan','Rump',3),
 (22,'2010-04-23 07:07:42','SYSTEM','2010-04-23 07:07:42','SYSTEM','John','Opheim',3),
 (23,'2010-04-23 07:07:42','SYSTEM','2010-04-23 07:07:42','SYSTEM','Brian','Osborne',3),
 (24,'2010-04-23 07:07:42','SYSTEM','2010-04-23 07:07:42','SYSTEM','Steve','Vaughan',3),
 (25,'2010-04-23 07:07:42','SYSTEM','2010-04-23 07:07:42','SYSTEM','Mark','Wright',3),
 (26,'2010-04-23 07:07:42','SYSTEM','2010-04-23 07:07:42','SYSTEM','Bernie','Briggs',4),
 (27,'2010-04-23 07:07:42','SYSTEM','2010-04-23 07:07:42','SYSTEM','Marty','Harter',4),
 (28,'2010-04-23 07:07:42','SYSTEM','2010-04-23 07:07:42','SYSTEM','Rich','Manning',4),
 (29,'2010-04-23 07:07:42','SYSTEM','2010-04-23 07:07:42','SYSTEM','Jack','Murcek',4),
 (30,'2010-04-23 07:07:42','SYSTEM','2010-04-23 07:07:42','SYSTEM','John','Murcek',4),
 (31,'2010-04-23 07:07:42','SYSTEM','2010-04-23 07:07:42','SYSTEM','Mike','Murcek',4),
 (32,'2010-04-23 07:07:42','SYSTEM','2010-04-23 07:07:42','SYSTEM','Garth','Fuhs',4),
 (33,'2010-04-23 07:07:42','SYSTEM','2010-04-23 07:07:42','SYSTEM','Jerry','Ramm',4),
 (34,'2010-04-23 07:07:42','SYSTEM','2010-04-23 07:07:42','SYSTEM','Don','Bohnenkamp',5),
 (35,'2010-04-23 07:07:42','SYSTEM','2010-04-23 07:07:42','SYSTEM','Jay','Buckley',5),
 (36,'2010-04-23 07:07:42','SYSTEM','2010-04-23 07:07:42','SYSTEM','Steve','Gross-Rhode',5),
 (37,'2010-04-23 07:07:42','SYSTEM','2010-04-23 07:07:42','SYSTEM','Kevin','Hruska',5),
 (38,'2010-04-23 07:07:42','SYSTEM','2010-04-23 07:07:42','SYSTEM','Jim','Preiner',5),
 (39,'2010-04-23 07:07:42','SYSTEM','2010-04-23 07:07:42','SYSTEM','Pat','Thomas',5),
 (40,'2010-04-23 07:07:42','SYSTEM','2010-04-23 07:07:42','SYSTEM','Steve','Thomas',5),
 (41,'2010-04-23 07:07:42','SYSTEM','2010-04-23 07:07:42','SYSTEM','Joe','Tourek',5),
 (42,'2010-04-23 07:07:42','SYSTEM','2010-04-23 09:13:12','SYSTEM','TJ','Burbridge',6),
 (43,'2010-04-23 07:07:42','SYSTEM','2010-04-23 07:07:42','SYSTEM','Bob','Taylor',6),
 (44,'2010-04-23 07:07:42','SYSTEM','2010-04-23 07:07:42','SYSTEM','George','Wurtz',6),
 (45,'2010-04-23 07:07:42','SYSTEM','2010-04-23 07:07:42','SYSTEM','Brett','Matthies',6),
 (46,'2010-04-23 07:07:42','SYSTEM','2010-04-23 07:07:42','SYSTEM','Jim','Gonzales',6),
 (47,'2010-04-23 07:07:42','SYSTEM','2010-04-23 07:07:42','SYSTEM','Dave','Volenec',6),
 (48,'2010-04-23 07:07:42','SYSTEM','2010-04-23 07:07:42','SYSTEM','Rob','Adams',7),
 (49,'2010-04-23 07:07:42','SYSTEM','2010-04-23 07:07:42','SYSTEM','Pat','Arts',7),
 (50,'2010-04-23 07:07:42','SYSTEM','2010-04-23 07:07:42','SYSTEM','Nick','Derr',7),
 (51,'2010-04-23 07:07:42','SYSTEM','2010-04-23 07:07:42','SYSTEM','Scott','Eubanks',7),
 (52,'2010-04-23 07:07:43','SYSTEM','2010-04-23 07:07:43','SYSTEM','Andy','Greibel',7),
 (53,'2010-04-23 07:07:43','SYSTEM','2010-04-23 07:07:43','SYSTEM','Scott','Ohri',7),
 (54,'2010-04-23 07:07:43','SYSTEM','2010-04-23 07:07:43','SYSTEM','Mike','Swallow',7),
 (55,'2010-04-23 07:07:43','SYSTEM','2010-04-23 07:07:43','SYSTEM','Dave','Grosserode',8),
 (56,'2010-04-23 07:07:43','SYSTEM','2010-04-23 07:07:43','SYSTEM','Mike','Schawang',8),
 (57,'2010-04-23 07:07:43','SYSTEM','2010-04-23 07:07:43','SYSTEM','Harlan','Harter',8),
 (58,'2010-04-23 07:07:43','SYSTEM','2010-04-23 07:07:43','SYSTEM','Mike','Larson',8),
 (59,'2010-04-23 07:07:43','SYSTEM','2010-04-23 07:07:43','SYSTEM','Ken','Murcek',8),
 (60,'2010-04-23 07:07:43','SYSTEM','2010-04-23 07:07:43','SYSTEM','Kevin','Post',8),
 (61,'2010-04-23 07:07:43','SYSTEM','2010-04-23 07:07:43','SYSTEM','Jim','Busse',9),
 (62,'2010-04-23 07:07:43','SYSTEM','2010-04-23 07:07:43','SYSTEM','Jim','Currie',9),
 (63,'2010-04-23 07:07:43','SYSTEM','2010-04-23 07:07:43','SYSTEM','Ted','Fischer',9),
 (64,'2010-04-23 07:07:43','SYSTEM','2010-04-23 07:07:43','SYSTEM','Joe','Gergen',9),
 (65,'2010-04-23 07:07:43','SYSTEM','2010-04-23 07:07:43','SYSTEM','Robert','Lampe',9),
 (66,'2010-04-23 07:07:43','SYSTEM','2010-04-23 07:07:43','SYSTEM','Mike','Leehy',9),
 (67,'2010-04-23 07:07:43','SYSTEM','2010-04-23 07:07:43','SYSTEM','Ken','Nass',9),
 (68,'2010-04-23 07:07:43','SYSTEM','2010-04-23 07:07:43','SYSTEM','Leo','Rau',9),
 (69,'2010-04-23 07:07:43','SYSTEM','2010-04-23 07:07:43','SYSTEM','Pete','Smith',9),
 (70,'2010-04-23 07:07:43','SYSTEM','2010-04-23 07:07:43','SYSTEM','Randy','Franson',10),
 (71,'2010-04-23 07:07:43','SYSTEM','2010-04-23 07:07:43','SYSTEM','John','Goodrich',10),
 (72,'2010-04-23 07:07:43','SYSTEM','2010-04-23 07:07:43','SYSTEM','Tom','Haley',10),
 (73,'2010-04-23 07:07:43','SYSTEM','2010-04-23 07:07:43','SYSTEM','Jerry','Philbin',10),
 (74,'2010-04-23 07:07:43','SYSTEM','2010-04-23 07:07:43','SYSTEM','Bob','Thomsen',10),
 (75,'2010-04-23 07:07:43','SYSTEM','2010-04-23 07:07:43','SYSTEM','Dave','Wilmes',10),
 (76,'2010-04-23 07:07:43','SYSTEM','2010-04-23 07:07:43','SYSTEM','Jim','Linke',11);
/*!40000 ALTER TABLE `stj_player` ENABLE KEYS */;


--
-- Dumping data for table `stj_pre_round`
--

/*!40000 ALTER TABLE `stj_pre_round` DISABLE KEYS */;
/*!40000 ALTER TABLE `stj_pre_round` ENABLE KEYS */;


--
-- Dumping data for table `stj_round`
--

/*!40000 ALTER TABLE `stj_round` DISABLE KEYS */;
INSERT INTO `stj_round` (`ROUND_ID`,`CRTN_DT`,`CRTN_USER_ID`,`LAST_UPTD_DT`,`LAST_UPTD_USER_ID`,`NAME`,`SEASON_ID`) VALUES 
 (1,'2010-04-23 07:07:40','SYSTEM','2010-04-23 07:07:40','SYSTEM','ROUND 1',1),
 (2,'2010-04-23 07:07:40','SYSTEM','2010-04-23 07:07:40','SYSTEM','ROUND 2',1);
/*!40000 ALTER TABLE `stj_round` ENABLE KEYS */;


--
-- Dumping data for table `stj_season`
--

/*!40000 ALTER TABLE `stj_season` DISABLE KEYS */;
INSERT INTO `stj_season` (`SEASON_ID`,`CRTN_DT`,`CRTN_USER_ID`,`LAST_UPTD_DT`,`LAST_UPTD_USER_ID`,`YEAR`) VALUES 
 (1,'2010-04-23 07:07:40','SYSTEM','2010-04-23 07:07:40','SYSTEM',2010);
/*!40000 ALTER TABLE `stj_season` ENABLE KEYS */;


--
-- Dumping data for table `stj_side`
--

/*!40000 ALTER TABLE `stj_side` DISABLE KEYS */;
INSERT INTO `stj_side` (`SIDE_ID`,`CRTN_DT`,`CRTN_USER_ID`,`LAST_UPTD_DT`,`LAST_UPTD_USER_ID`,`SIDE_TYPE`) VALUES 
 (1,'2010-04-23 07:07:40','SYSTEM','2010-04-23 07:07:40','SYSTEM','FT'),
 (2,'2010-04-23 07:07:40','SYSTEM','2010-04-23 07:07:40','SYSTEM','BK');
/*!40000 ALTER TABLE `stj_side` ENABLE KEYS */;


--
-- Dumping data for table `stj_team`
--

/*!40000 ALTER TABLE `stj_team` DISABLE KEYS */;
INSERT INTO `stj_team` (`TEAM_ID`,`CRTN_DT`,`CRTN_USER_ID`,`LAST_UPTD_DT`,`LAST_UPTD_USER_ID`,`NAME`,`TEAM_NBR`,`SEASON_ID`) VALUES 
 (1,'2010-04-23 07:07:41','SYSTEM','2010-04-23 07:07:41','SYSTEM','POST',1,1),
 (2,'2010-04-23 07:07:41','SYSTEM','2010-04-23 07:07:41','SYSTEM','BISCHOF',2,1),
 (3,'2010-04-23 07:07:41','SYSTEM','2010-04-23 07:07:41','SYSTEM','HAKE',3,1),
 (4,'2010-04-23 07:07:41','SYSTEM','2010-04-23 07:07:41','SYSTEM','HARTER',4,1),
 (5,'2010-04-23 07:07:41','SYSTEM','2010-04-23 07:07:41','SYSTEM','TOUREK',5,1),
 (6,'2010-04-23 07:07:41','SYSTEM','2010-04-23 07:07:41','SYSTEM','BURBRIDGE',6,1),
 (7,'2010-04-23 07:07:41','SYSTEM','2010-04-23 07:07:41','SYSTEM','ARTS',7,1),
 (8,'2010-04-23 07:07:41','SYSTEM','2010-04-23 07:07:41','SYSTEM','MURCEK',8,1),
 (9,'2010-04-23 07:07:41','SYSTEM','2010-04-23 07:07:41','SYSTEM','GERGEN',9,1),
 (10,'2010-04-23 07:07:41','SYSTEM','2010-04-23 07:07:41','SYSTEM','WILMES',10,1),
 (11,'2010-04-23 07:07:41','SYSTEM','2010-04-23 07:07:41','SYSTEM','LINKE',11,1);
/*!40000 ALTER TABLE `stj_team` ENABLE KEYS */;


--
-- Dumping data for table `stj_team_match`
--

/*!40000 ALTER TABLE `stj_team_match` DISABLE KEYS */;
INSERT INTO `stj_team_match` (`TEAM_MATCH_ID`,`CRTN_DT`,`CRTN_USER_ID`,`LAST_UPTD_DT`,`LAST_UPTD_USER_ID`,`TEAM_SCORE_ID_1`,`TEAM_SCORE_ID_2`,`WEEK_ID`) VALUES 
 (1,'2010-04-23 09:04:22','SYSTEM','2010-04-23 09:04:22','SYSTEM',1,2,NULL),
 (2,'2010-04-23 09:04:22','SYSTEM','2010-04-23 09:04:22','SYSTEM',3,4,NULL),
 (3,'2010-04-23 09:04:22','SYSTEM','2010-04-23 09:04:22','SYSTEM',5,6,NULL),
 (4,'2010-04-23 09:04:22','SYSTEM','2010-04-23 09:04:22','SYSTEM',7,8,NULL),
 (5,'2010-04-23 09:04:22','SYSTEM','2010-04-23 09:04:22','SYSTEM',9,10,NULL),
 (6,'2010-04-23 09:04:44','SYSTEM','2010-04-23 09:04:44','SYSTEM',11,12,NULL),
 (7,'2010-04-23 09:04:44','SYSTEM','2010-04-23 09:04:44','SYSTEM',13,14,NULL),
 (8,'2010-04-23 09:04:44','SYSTEM','2010-04-23 09:04:44','SYSTEM',15,16,NULL),
 (9,'2010-04-23 09:04:44','SYSTEM','2010-04-23 09:04:44','SYSTEM',17,18,NULL),
 (10,'2010-04-23 09:04:44','SYSTEM','2010-04-23 09:04:44','SYSTEM',19,20,NULL),
 (11,'2010-04-23 09:05:05','SYSTEM','2010-04-23 09:05:05','SYSTEM',21,22,NULL),
 (12,'2010-04-23 09:05:05','SYSTEM','2010-04-23 09:05:05','SYSTEM',23,24,NULL),
 (13,'2010-04-23 09:05:05','SYSTEM','2010-04-23 09:05:05','SYSTEM',25,26,NULL),
 (14,'2010-04-23 09:05:05','SYSTEM','2010-04-23 09:05:05','SYSTEM',27,28,NULL),
 (15,'2010-04-23 09:05:05','SYSTEM','2010-04-23 09:05:05','SYSTEM',29,30,NULL),
 (16,'2010-04-23 09:05:28','SYSTEM','2010-04-23 09:05:28','SYSTEM',31,32,NULL),
 (17,'2010-04-23 09:05:28','SYSTEM','2010-04-23 09:05:28','SYSTEM',33,34,NULL),
 (18,'2010-04-23 09:05:28','SYSTEM','2010-04-23 09:05:28','SYSTEM',35,36,NULL),
 (19,'2010-04-23 09:05:28','SYSTEM','2010-04-23 09:05:28','SYSTEM',37,38,NULL),
 (20,'2010-04-23 09:05:28','SYSTEM','2010-04-23 09:05:28','SYSTEM',39,40,NULL),
 (21,'2010-04-23 09:06:05','SYSTEM','2010-04-23 09:06:05','SYSTEM',41,42,NULL),
 (22,'2010-04-23 09:06:05','SYSTEM','2010-04-23 09:06:05','SYSTEM',43,44,NULL),
 (23,'2010-04-23 09:06:05','SYSTEM','2010-04-23 09:06:05','SYSTEM',45,46,NULL),
 (24,'2010-04-23 09:06:05','SYSTEM','2010-04-23 09:06:05','SYSTEM',47,48,NULL),
 (25,'2010-04-23 09:06:05','SYSTEM','2010-04-23 09:06:05','SYSTEM',49,50,NULL),
 (26,'2010-04-23 09:06:33','SYSTEM','2010-04-23 09:06:33','SYSTEM',51,52,NULL),
 (27,'2010-04-23 09:06:33','SYSTEM','2010-04-23 09:06:33','SYSTEM',53,54,NULL),
 (28,'2010-04-23 09:06:33','SYSTEM','2010-04-23 09:06:33','SYSTEM',55,56,NULL),
 (29,'2010-04-23 09:06:33','SYSTEM','2010-04-23 09:06:33','SYSTEM',57,58,NULL),
 (30,'2010-04-23 09:06:33','SYSTEM','2010-04-23 09:06:33','SYSTEM',59,60,NULL),
 (31,'2010-04-23 09:07:06','SYSTEM','2010-04-23 09:07:06','SYSTEM',61,62,NULL),
 (32,'2010-04-23 09:07:06','SYSTEM','2010-04-23 09:07:06','SYSTEM',63,64,NULL),
 (33,'2010-04-23 09:07:06','SYSTEM','2010-04-23 09:07:06','SYSTEM',65,66,NULL),
 (34,'2010-04-23 09:07:06','SYSTEM','2010-04-23 09:07:06','SYSTEM',67,68,NULL),
 (35,'2010-04-23 09:07:06','SYSTEM','2010-04-23 09:07:06','SYSTEM',69,70,NULL),
 (36,'2010-04-23 09:07:22','SYSTEM','2010-04-23 09:07:22','SYSTEM',71,72,NULL),
 (37,'2010-04-23 09:07:22','SYSTEM','2010-04-23 09:07:22','SYSTEM',73,74,NULL),
 (38,'2010-04-23 09:07:22','SYSTEM','2010-04-23 09:07:22','SYSTEM',75,76,NULL),
 (39,'2010-04-23 09:07:22','SYSTEM','2010-04-23 09:07:22','SYSTEM',77,78,NULL),
 (40,'2010-04-23 09:07:22','SYSTEM','2010-04-23 09:07:22','SYSTEM',79,80,NULL),
 (41,'2010-04-23 09:07:45','SYSTEM','2010-04-23 09:07:45','SYSTEM',81,82,NULL),
 (42,'2010-04-23 09:07:45','SYSTEM','2010-04-23 09:07:45','SYSTEM',83,84,NULL),
 (43,'2010-04-23 09:07:45','SYSTEM','2010-04-23 09:07:45','SYSTEM',85,86,NULL),
 (44,'2010-04-23 09:07:45','SYSTEM','2010-04-23 09:07:45','SYSTEM',87,88,NULL),
 (45,'2010-04-23 09:07:45','SYSTEM','2010-04-23 09:07:45','SYSTEM',89,90,NULL),
 (46,'2010-04-23 09:08:20','SYSTEM','2010-04-23 09:08:20','SYSTEM',91,92,NULL),
 (47,'2010-04-23 09:08:20','SYSTEM','2010-04-23 09:08:20','SYSTEM',93,94,NULL),
 (48,'2010-04-23 09:08:20','SYSTEM','2010-04-23 09:08:20','SYSTEM',95,96,NULL),
 (49,'2010-04-23 09:08:20','SYSTEM','2010-04-23 09:08:20','SYSTEM',97,98,NULL),
 (50,'2010-04-23 09:08:20','SYSTEM','2010-04-23 09:08:20','SYSTEM',99,100,NULL),
 (51,'2010-04-23 09:08:38','SYSTEM','2010-04-23 09:08:38','SYSTEM',101,102,NULL),
 (52,'2010-04-23 09:08:38','SYSTEM','2010-04-23 09:08:38','SYSTEM',103,104,NULL),
 (53,'2010-04-23 09:08:38','SYSTEM','2010-04-23 09:08:38','SYSTEM',105,106,NULL),
 (54,'2010-04-23 09:08:38','SYSTEM','2010-04-23 09:08:38','SYSTEM',107,108,NULL),
 (55,'2010-04-23 09:08:38','SYSTEM','2010-04-23 09:08:38','SYSTEM',109,110,NULL),
 (56,'2010-04-23 09:08:58','SYSTEM','2010-04-23 09:08:58','SYSTEM',111,112,NULL),
 (57,'2010-04-23 09:08:58','SYSTEM','2010-04-23 09:08:58','SYSTEM',113,114,NULL),
 (58,'2010-04-23 09:08:58','SYSTEM','2010-04-23 09:08:58','SYSTEM',115,116,NULL),
 (59,'2010-04-23 09:08:58','SYSTEM','2010-04-23 09:08:58','SYSTEM',117,118,NULL),
 (60,'2010-04-23 09:08:58','SYSTEM','2010-04-23 09:08:58','SYSTEM',119,120,NULL),
 (61,'2010-04-23 09:09:24','SYSTEM','2010-04-23 09:09:24','SYSTEM',121,122,NULL),
 (62,'2010-04-23 09:09:24','SYSTEM','2010-04-23 09:09:24','SYSTEM',123,124,NULL),
 (63,'2010-04-23 09:09:24','SYSTEM','2010-04-23 09:09:24','SYSTEM',125,126,NULL),
 (64,'2010-04-23 09:09:24','SYSTEM','2010-04-23 09:09:24','SYSTEM',127,128,NULL),
 (65,'2010-04-23 09:09:24','SYSTEM','2010-04-23 09:09:24','SYSTEM',129,130,NULL),
 (66,'2010-04-23 09:09:49','SYSTEM','2010-04-23 09:09:49','SYSTEM',131,132,NULL),
 (67,'2010-04-23 09:09:49','SYSTEM','2010-04-23 09:09:49','SYSTEM',133,134,NULL),
 (68,'2010-04-23 09:09:49','SYSTEM','2010-04-23 09:09:49','SYSTEM',135,136,NULL),
 (69,'2010-04-23 09:09:49','SYSTEM','2010-04-23 09:09:49','SYSTEM',137,138,NULL),
 (70,'2010-04-23 09:09:49','SYSTEM','2010-04-23 09:09:49','SYSTEM',139,140,NULL),
 (71,'2010-04-23 09:10:09','SYSTEM','2010-04-23 09:10:09','SYSTEM',141,142,NULL),
 (72,'2010-04-23 09:10:09','SYSTEM','2010-04-23 09:10:09','SYSTEM',143,144,NULL),
 (73,'2010-04-23 09:10:09','SYSTEM','2010-04-23 09:10:09','SYSTEM',145,146,NULL),
 (74,'2010-04-23 09:10:09','SYSTEM','2010-04-23 09:10:09','SYSTEM',147,148,NULL),
 (75,'2010-04-23 09:10:09','SYSTEM','2010-04-23 09:10:09','SYSTEM',149,150,NULL),
 (76,'2010-04-23 09:10:30','SYSTEM','2010-04-23 09:10:30','SYSTEM',151,152,NULL),
 (77,'2010-04-23 09:10:30','SYSTEM','2010-04-23 09:10:30','SYSTEM',153,154,NULL),
 (78,'2010-04-23 09:10:30','SYSTEM','2010-04-23 09:10:30','SYSTEM',155,156,NULL),
 (79,'2010-04-23 09:10:30','SYSTEM','2010-04-23 09:10:30','SYSTEM',157,158,NULL),
 (80,'2010-04-23 09:10:30','SYSTEM','2010-04-23 09:10:30','SYSTEM',159,160,NULL),
 (81,'2010-04-23 09:10:47','SYSTEM','2010-04-23 09:10:47','SYSTEM',161,162,NULL),
 (82,'2010-04-23 09:10:47','SYSTEM','2010-04-23 09:10:47','SYSTEM',163,164,NULL),
 (83,'2010-04-23 09:10:47','SYSTEM','2010-04-23 09:10:47','SYSTEM',165,166,NULL),
 (84,'2010-04-23 09:10:47','SYSTEM','2010-04-23 09:10:47','SYSTEM',167,168,NULL),
 (85,'2010-04-23 09:10:47','SYSTEM','2010-04-23 09:10:47','SYSTEM',169,170,NULL),
 (86,'2010-04-23 09:11:21','SYSTEM','2010-04-23 09:11:21','SYSTEM',171,172,NULL),
 (87,'2010-04-23 09:11:21','SYSTEM','2010-04-23 09:11:21','SYSTEM',173,174,NULL),
 (88,'2010-04-23 09:11:21','SYSTEM','2010-04-23 09:11:21','SYSTEM',175,176,NULL),
 (89,'2010-04-23 09:11:21','SYSTEM','2010-04-23 09:11:21','SYSTEM',177,178,NULL),
 (90,'2010-04-23 09:11:21','SYSTEM','2010-04-23 09:11:21','SYSTEM',179,180,NULL),
 (91,'2010-04-23 09:11:39','SYSTEM','2010-04-23 09:11:39','SYSTEM',181,182,NULL),
 (92,'2010-04-23 09:11:39','SYSTEM','2010-04-23 09:11:39','SYSTEM',183,184,NULL),
 (93,'2010-04-23 09:11:39','SYSTEM','2010-04-23 09:11:39','SYSTEM',185,186,NULL),
 (94,'2010-04-23 09:11:39','SYSTEM','2010-04-23 09:11:39','SYSTEM',187,188,NULL),
 (95,'2010-04-23 09:11:39','SYSTEM','2010-04-23 09:11:39','SYSTEM',189,190,NULL),
 (96,'2010-04-23 09:11:59','SYSTEM','2010-04-23 09:11:59','SYSTEM',191,192,NULL),
 (97,'2010-04-23 09:11:59','SYSTEM','2010-04-23 09:11:59','SYSTEM',193,194,NULL),
 (98,'2010-04-23 09:11:59','SYSTEM','2010-04-23 09:11:59','SYSTEM',195,196,NULL),
 (99,'2010-04-23 09:11:59','SYSTEM','2010-04-23 09:11:59','SYSTEM',197,198,NULL),
 (100,'2010-04-23 09:11:59','SYSTEM','2010-04-23 09:11:59','SYSTEM',199,200,NULL),
 (101,'2010-04-23 09:12:15','SYSTEM','2010-04-23 09:12:15','SYSTEM',201,202,NULL),
 (102,'2010-04-23 09:12:15','SYSTEM','2010-04-23 09:12:15','SYSTEM',203,204,NULL),
 (103,'2010-04-23 09:12:15','SYSTEM','2010-04-23 09:12:15','SYSTEM',205,206,NULL),
 (104,'2010-04-23 09:12:15','SYSTEM','2010-04-23 09:12:15','SYSTEM',207,208,NULL),
 (105,'2010-04-23 09:12:15','SYSTEM','2010-04-23 09:12:15','SYSTEM',209,210,NULL),
 (106,'2010-04-23 09:12:31','SYSTEM','2010-04-23 09:12:31','SYSTEM',211,212,NULL),
 (107,'2010-04-23 09:12:31','SYSTEM','2010-04-23 09:12:31','SYSTEM',213,214,NULL),
 (108,'2010-04-23 09:12:31','SYSTEM','2010-04-23 09:12:31','SYSTEM',215,216,NULL),
 (109,'2010-04-23 09:12:31','SYSTEM','2010-04-23 09:12:31','SYSTEM',217,218,NULL),
 (110,'2010-04-23 09:12:31','SYSTEM','2010-04-23 09:12:31','SYSTEM',219,220,NULL);
/*!40000 ALTER TABLE `stj_team_match` ENABLE KEYS */;


--
-- Dumping data for table `stj_team_score`
--

/*!40000 ALTER TABLE `stj_team_score` DISABLE KEYS */;
INSERT INTO `stj_team_score` (`TEAM_SCORE_ID`,`CRTN_DT`,`CRTN_USER_ID`,`LAST_UPTD_DT`,`LAST_UPTD_USER_ID`,`TEAM_ID`,`PLAYER_SCORE_ID_A`,`PLAYER_SCORE_ID_B`,`PLAYER_SCORE_ID_C`,`PLAYER_SCORE_ID_D`,`TEAM_MATCH_ID`) VALUES 
 (1,'2010-04-23 09:04:22','SYSTEM','2010-04-23 09:04:22','SYSTEM',1,NULL,NULL,NULL,NULL,NULL),
 (2,'2010-04-23 09:04:22','SYSTEM','2010-04-23 09:04:22','SYSTEM',8,NULL,NULL,NULL,NULL,NULL),
 (3,'2010-04-23 09:04:22','SYSTEM','2010-04-23 09:04:22','SYSTEM',9,NULL,NULL,NULL,NULL,NULL),
 (4,'2010-04-23 09:04:22','SYSTEM','2010-04-23 09:04:22','SYSTEM',7,NULL,NULL,NULL,NULL,NULL),
 (5,'2010-04-23 09:04:22','SYSTEM','2010-04-23 09:04:22','SYSTEM',11,NULL,NULL,NULL,NULL,NULL),
 (6,'2010-04-23 09:04:22','SYSTEM','2010-04-23 09:04:22','SYSTEM',5,NULL,NULL,NULL,NULL,NULL),
 (7,'2010-04-23 09:04:22','SYSTEM','2010-04-23 09:04:22','SYSTEM',2,NULL,NULL,NULL,NULL,NULL),
 (8,'2010-04-23 09:04:22','SYSTEM','2010-04-23 09:04:22','SYSTEM',3,NULL,NULL,NULL,NULL,NULL),
 (9,'2010-04-23 09:04:22','SYSTEM','2010-04-23 09:04:22','SYSTEM',6,NULL,NULL,NULL,NULL,NULL),
 (10,'2010-04-23 09:04:22','SYSTEM','2010-04-23 09:04:22','SYSTEM',10,NULL,NULL,NULL,NULL,NULL),
 (11,'2010-04-23 09:04:44','SYSTEM','2010-04-23 09:04:44','SYSTEM',6,NULL,NULL,NULL,NULL,NULL),
 (12,'2010-04-23 09:04:44','SYSTEM','2010-04-23 09:04:44','SYSTEM',9,NULL,NULL,NULL,NULL,NULL),
 (13,'2010-04-23 09:04:44','SYSTEM','2010-04-23 09:04:44','SYSTEM',5,NULL,NULL,NULL,NULL,NULL),
 (14,'2010-04-23 09:04:44','SYSTEM','2010-04-23 09:04:44','SYSTEM',10,NULL,NULL,NULL,NULL,NULL),
 (15,'2010-04-23 09:04:44','SYSTEM','2010-04-23 09:04:44','SYSTEM',1,NULL,NULL,NULL,NULL,NULL),
 (16,'2010-04-23 09:04:44','SYSTEM','2010-04-23 09:04:44','SYSTEM',2,NULL,NULL,NULL,NULL,NULL),
 (17,'2010-04-23 09:04:44','SYSTEM','2010-04-23 09:04:44','SYSTEM',4,NULL,NULL,NULL,NULL,NULL),
 (18,'2010-04-23 09:04:44','SYSTEM','2010-04-23 09:04:44','SYSTEM',11,NULL,NULL,NULL,NULL,NULL),
 (19,'2010-04-23 09:04:44','SYSTEM','2010-04-23 09:04:44','SYSTEM',7,NULL,NULL,NULL,NULL,NULL),
 (20,'2010-04-23 09:04:44','SYSTEM','2010-04-23 09:04:44','SYSTEM',8,NULL,NULL,NULL,NULL,NULL),
 (21,'2010-04-23 09:05:05','SYSTEM','2010-04-23 09:05:05','SYSTEM',10,NULL,NULL,NULL,NULL,NULL),
 (22,'2010-04-23 09:05:05','SYSTEM','2010-04-23 09:05:05','SYSTEM',4,NULL,NULL,NULL,NULL,NULL),
 (23,'2010-04-23 09:05:05','SYSTEM','2010-04-23 09:05:05','SYSTEM',11,NULL,NULL,NULL,NULL,NULL),
 (24,'2010-04-23 09:05:05','SYSTEM','2010-04-23 09:05:05','SYSTEM',3,NULL,NULL,NULL,NULL,NULL),
 (25,'2010-04-23 09:05:05','SYSTEM','2010-04-23 09:05:05','SYSTEM',7,NULL,NULL,NULL,NULL,NULL),
 (26,'2010-04-23 09:05:05','SYSTEM','2010-04-23 09:05:05','SYSTEM',1,NULL,NULL,NULL,NULL,NULL),
 (27,'2010-04-23 09:05:05','SYSTEM','2010-04-23 09:05:05','SYSTEM',8,NULL,NULL,NULL,NULL,NULL),
 (28,'2010-04-23 09:05:05','SYSTEM','2010-04-23 09:05:05','SYSTEM',6,NULL,NULL,NULL,NULL,NULL),
 (29,'2010-04-23 09:05:05','SYSTEM','2010-04-23 09:05:05','SYSTEM',9,NULL,NULL,NULL,NULL,NULL),
 (30,'2010-04-23 09:05:05','SYSTEM','2010-04-23 09:05:05','SYSTEM',5,NULL,NULL,NULL,NULL,NULL),
 (31,'2010-04-23 09:05:28','SYSTEM','2010-04-23 09:05:28','SYSTEM',10,NULL,NULL,NULL,NULL,NULL),
 (32,'2010-04-23 09:05:28','SYSTEM','2010-04-23 09:05:28','SYSTEM',2,NULL,NULL,NULL,NULL,NULL),
 (33,'2010-04-23 09:05:28','SYSTEM','2010-04-23 09:05:28','SYSTEM',1,NULL,NULL,NULL,NULL,NULL),
 (34,'2010-04-23 09:05:28','SYSTEM','2010-04-23 09:05:28','SYSTEM',6,NULL,NULL,NULL,NULL,NULL),
 (35,'2010-04-23 09:05:28','SYSTEM','2010-04-23 09:05:28','SYSTEM',9,NULL,NULL,NULL,NULL,NULL),
 (36,'2010-04-23 09:05:28','SYSTEM','2010-04-23 09:05:28','SYSTEM',3,NULL,NULL,NULL,NULL,NULL),
 (37,'2010-04-23 09:05:28','SYSTEM','2010-04-23 09:05:28','SYSTEM',8,NULL,NULL,NULL,NULL,NULL),
 (38,'2010-04-23 09:05:28','SYSTEM','2010-04-23 09:05:28','SYSTEM',4,NULL,NULL,NULL,NULL,NULL),
 (39,'2010-04-23 09:05:28','SYSTEM','2010-04-23 09:05:28','SYSTEM',7,NULL,NULL,NULL,NULL,NULL),
 (40,'2010-04-23 09:05:28','SYSTEM','2010-04-23 09:05:28','SYSTEM',5,NULL,NULL,NULL,NULL,NULL),
 (41,'2010-04-23 09:06:05','SYSTEM','2010-04-23 09:06:05','SYSTEM',11,NULL,NULL,NULL,NULL,NULL),
 (42,'2010-04-23 09:06:05','SYSTEM','2010-04-23 09:06:05','SYSTEM',9,NULL,NULL,NULL,NULL,NULL),
 (43,'2010-04-23 09:06:05','SYSTEM','2010-04-23 09:06:05','SYSTEM',3,NULL,NULL,NULL,NULL,NULL),
 (44,'2010-04-23 09:06:05','SYSTEM','2010-04-23 09:06:05','SYSTEM',6,NULL,NULL,NULL,NULL,NULL),
 (45,'2010-04-23 09:06:05','SYSTEM','2010-04-23 09:06:05','SYSTEM',4,NULL,NULL,NULL,NULL,NULL),
 (46,'2010-04-23 09:06:05','SYSTEM','2010-04-23 09:06:05','SYSTEM',5,NULL,NULL,NULL,NULL,NULL),
 (47,'2010-04-23 09:06:05','SYSTEM','2010-04-23 09:06:05','SYSTEM',2,NULL,NULL,NULL,NULL,NULL),
 (48,'2010-04-23 09:06:05','SYSTEM','2010-04-23 09:06:05','SYSTEM',7,NULL,NULL,NULL,NULL,NULL),
 (49,'2010-04-23 09:06:05','SYSTEM','2010-04-23 09:06:05','SYSTEM',1,NULL,NULL,NULL,NULL,NULL),
 (50,'2010-04-23 09:06:05','SYSTEM','2010-04-23 09:06:05','SYSTEM',10,NULL,NULL,NULL,NULL,NULL),
 (51,'2010-04-23 09:06:33','SYSTEM','2010-04-23 09:06:33','SYSTEM',3,NULL,NULL,NULL,NULL,NULL),
 (52,'2010-04-23 09:06:33','SYSTEM','2010-04-23 09:06:33','SYSTEM',1,NULL,NULL,NULL,NULL,NULL),
 (53,'2010-04-23 09:06:33','SYSTEM','2010-04-23 09:06:33','SYSTEM',4,NULL,NULL,NULL,NULL,NULL),
 (54,'2010-04-23 09:06:33','SYSTEM','2010-04-23 09:06:33','SYSTEM',2,NULL,NULL,NULL,NULL,NULL),
 (55,'2010-04-23 09:06:33','SYSTEM','2010-04-23 09:06:33','SYSTEM',8,NULL,NULL,NULL,NULL,NULL),
 (56,'2010-04-23 09:06:33','SYSTEM','2010-04-23 09:06:33','SYSTEM',9,NULL,NULL,NULL,NULL,NULL),
 (57,'2010-04-23 09:06:33','SYSTEM','2010-04-23 09:06:33','SYSTEM',7,NULL,NULL,NULL,NULL,NULL),
 (58,'2010-04-23 09:06:33','SYSTEM','2010-04-23 09:06:33','SYSTEM',10,NULL,NULL,NULL,NULL,NULL),
 (59,'2010-04-23 09:06:33','SYSTEM','2010-04-23 09:06:33','SYSTEM',6,NULL,NULL,NULL,NULL,NULL),
 (60,'2010-04-23 09:06:33','SYSTEM','2010-04-23 09:06:33','SYSTEM',11,NULL,NULL,NULL,NULL,NULL),
 (61,'2010-04-23 09:07:06','SYSTEM','2010-04-23 09:07:06','SYSTEM',5,NULL,NULL,NULL,NULL,NULL),
 (62,'2010-04-23 09:07:06','SYSTEM','2010-04-23 09:07:06','SYSTEM',3,NULL,NULL,NULL,NULL,NULL),
 (63,'2010-04-23 09:07:06','SYSTEM','2010-04-23 09:07:06','SYSTEM',8,NULL,NULL,NULL,NULL,NULL),
 (64,'2010-04-23 09:07:06','SYSTEM','2010-04-23 09:07:06','SYSTEM',11,NULL,NULL,NULL,NULL,NULL),
 (65,'2010-04-23 09:07:06','SYSTEM','2010-04-23 09:07:06','SYSTEM',6,NULL,NULL,NULL,NULL,NULL),
 (66,'2010-04-23 09:07:06','SYSTEM','2010-04-23 09:07:06','SYSTEM',2,NULL,NULL,NULL,NULL,NULL),
 (67,'2010-04-23 09:07:06','SYSTEM','2010-04-23 09:07:06','SYSTEM',9,NULL,NULL,NULL,NULL,NULL),
 (68,'2010-04-23 09:07:06','SYSTEM','2010-04-23 09:07:06','SYSTEM',10,NULL,NULL,NULL,NULL,NULL),
 (69,'2010-04-23 09:07:06','SYSTEM','2010-04-23 09:07:06','SYSTEM',1,NULL,NULL,NULL,NULL,NULL),
 (70,'2010-04-23 09:07:06','SYSTEM','2010-04-23 09:07:06','SYSTEM',4,NULL,NULL,NULL,NULL,NULL),
 (71,'2010-04-23 09:07:22','SYSTEM','2010-04-23 09:07:22','SYSTEM',4,NULL,NULL,NULL,NULL,NULL),
 (72,'2010-04-23 09:07:22','SYSTEM','2010-04-23 09:07:22','SYSTEM',7,NULL,NULL,NULL,NULL,NULL),
 (73,'2010-04-23 09:07:22','SYSTEM','2010-04-23 09:07:22','SYSTEM',2,NULL,NULL,NULL,NULL,NULL),
 (74,'2010-04-23 09:07:22','SYSTEM','2010-04-23 09:07:22','SYSTEM',9,NULL,NULL,NULL,NULL,NULL),
 (75,'2010-04-23 09:07:22','SYSTEM','2010-04-23 09:07:22','SYSTEM',5,NULL,NULL,NULL,NULL,NULL),
 (76,'2010-04-23 09:07:22','SYSTEM','2010-04-23 09:07:22','SYSTEM',6,NULL,NULL,NULL,NULL,NULL),
 (77,'2010-04-23 09:07:22','SYSTEM','2010-04-23 09:07:22','SYSTEM',11,NULL,NULL,NULL,NULL,NULL),
 (78,'2010-04-23 09:07:22','SYSTEM','2010-04-23 09:07:22','SYSTEM',1,NULL,NULL,NULL,NULL,NULL),
 (79,'2010-04-23 09:07:22','SYSTEM','2010-04-23 09:07:22','SYSTEM',3,NULL,NULL,NULL,NULL,NULL),
 (80,'2010-04-23 09:07:22','SYSTEM','2010-04-23 09:07:22','SYSTEM',8,NULL,NULL,NULL,NULL,NULL),
 (81,'2010-04-23 09:07:45','SYSTEM','2010-04-23 09:07:45','SYSTEM',2,NULL,NULL,NULL,NULL,NULL),
 (82,'2010-04-23 09:07:45','SYSTEM','2010-04-23 09:07:45','SYSTEM',5,NULL,NULL,NULL,NULL,NULL),
 (83,'2010-04-23 09:07:45','SYSTEM','2010-04-23 09:07:45','SYSTEM',11,NULL,NULL,NULL,NULL,NULL),
 (84,'2010-04-23 09:07:45','SYSTEM','2010-04-23 09:07:45','SYSTEM',7,NULL,NULL,NULL,NULL,NULL),
 (85,'2010-04-23 09:07:45','SYSTEM','2010-04-23 09:07:45','SYSTEM',10,NULL,NULL,NULL,NULL,NULL),
 (86,'2010-04-23 09:07:45','SYSTEM','2010-04-23 09:07:45','SYSTEM',8,NULL,NULL,NULL,NULL,NULL),
 (87,'2010-04-23 09:07:45','SYSTEM','2010-04-23 09:07:45','SYSTEM',1,NULL,NULL,NULL,NULL,NULL),
 (88,'2010-04-23 09:07:45','SYSTEM','2010-04-23 09:07:45','SYSTEM',9,NULL,NULL,NULL,NULL,NULL),
 (89,'2010-04-23 09:07:45','SYSTEM','2010-04-23 09:07:45','SYSTEM',3,NULL,NULL,NULL,NULL,NULL),
 (90,'2010-04-23 09:07:45','SYSTEM','2010-04-23 09:07:45','SYSTEM',4,NULL,NULL,NULL,NULL,NULL),
 (91,'2010-04-23 09:08:20','SYSTEM','2010-04-23 09:08:20','SYSTEM',10,NULL,NULL,NULL,NULL,NULL),
 (92,'2010-04-23 09:08:20','SYSTEM','2010-04-23 09:08:20','SYSTEM',11,NULL,NULL,NULL,NULL,NULL),
 (93,'2010-04-23 09:08:20','SYSTEM','2010-04-23 09:08:20','SYSTEM',6,NULL,NULL,NULL,NULL,NULL),
 (94,'2010-04-23 09:08:20','SYSTEM','2010-04-23 09:08:20','SYSTEM',4,NULL,NULL,NULL,NULL,NULL),
 (95,'2010-04-23 09:08:20','SYSTEM','2010-04-23 09:08:20','SYSTEM',7,NULL,NULL,NULL,NULL,NULL),
 (96,'2010-04-23 09:08:20','SYSTEM','2010-04-23 09:08:20','SYSTEM',3,NULL,NULL,NULL,NULL,NULL),
 (97,'2010-04-23 09:08:20','SYSTEM','2010-04-23 09:08:20','SYSTEM',5,NULL,NULL,NULL,NULL,NULL),
 (98,'2010-04-23 09:08:20','SYSTEM','2010-04-23 09:08:20','SYSTEM',1,NULL,NULL,NULL,NULL,NULL),
 (99,'2010-04-23 09:08:20','SYSTEM','2010-04-23 09:08:20','SYSTEM',8,NULL,NULL,NULL,NULL,NULL),
 (100,'2010-04-23 09:08:20','SYSTEM','2010-04-23 09:08:20','SYSTEM',2,NULL,NULL,NULL,NULL,NULL),
 (101,'2010-04-23 09:08:38','SYSTEM','2010-04-23 09:08:38','SYSTEM',6,NULL,NULL,NULL,NULL,NULL),
 (102,'2010-04-23 09:08:38','SYSTEM','2010-04-23 09:08:38','SYSTEM',7,NULL,NULL,NULL,NULL,NULL),
 (103,'2010-04-23 09:08:38','SYSTEM','2010-04-23 09:08:38','SYSTEM',5,NULL,NULL,NULL,NULL,NULL),
 (104,'2010-04-23 09:08:38','SYSTEM','2010-04-23 09:08:38','SYSTEM',8,NULL,NULL,NULL,NULL,NULL),
 (105,'2010-04-23 09:08:38','SYSTEM','2010-04-23 09:08:38','SYSTEM',4,NULL,NULL,NULL,NULL,NULL),
 (106,'2010-04-23 09:08:38','SYSTEM','2010-04-23 09:08:38','SYSTEM',9,NULL,NULL,NULL,NULL,NULL),
 (107,'2010-04-23 09:08:38','SYSTEM','2010-04-23 09:08:38','SYSTEM',3,NULL,NULL,NULL,NULL,NULL),
 (108,'2010-04-23 09:08:38','SYSTEM','2010-04-23 09:08:38','SYSTEM',10,NULL,NULL,NULL,NULL,NULL),
 (109,'2010-04-23 09:08:38','SYSTEM','2010-04-23 09:08:38','SYSTEM',2,NULL,NULL,NULL,NULL,NULL),
 (110,'2010-04-23 09:08:38','SYSTEM','2010-04-23 09:08:38','SYSTEM',11,NULL,NULL,NULL,NULL,NULL),
 (111,'2010-04-23 09:08:58','SYSTEM','2010-04-23 09:08:58','SYSTEM',2,NULL,NULL,NULL,NULL,NULL),
 (112,'2010-04-23 09:08:58','SYSTEM','2010-04-23 09:08:58','SYSTEM',10,NULL,NULL,NULL,NULL,NULL),
 (113,'2010-04-23 09:08:58','SYSTEM','2010-04-23 09:08:58','SYSTEM',6,NULL,NULL,NULL,NULL,NULL),
 (114,'2010-04-23 09:08:58','SYSTEM','2010-04-23 09:08:58','SYSTEM',1,NULL,NULL,NULL,NULL,NULL),
 (115,'2010-04-23 09:08:58','SYSTEM','2010-04-23 09:08:58','SYSTEM',3,NULL,NULL,NULL,NULL,NULL),
 (116,'2010-04-23 09:08:58','SYSTEM','2010-04-23 09:08:58','SYSTEM',9,NULL,NULL,NULL,NULL,NULL),
 (117,'2010-04-23 09:08:58','SYSTEM','2010-04-23 09:08:58','SYSTEM',4,NULL,NULL,NULL,NULL,NULL),
 (118,'2010-04-23 09:08:58','SYSTEM','2010-04-23 09:08:58','SYSTEM',8,NULL,NULL,NULL,NULL,NULL),
 (119,'2010-04-23 09:08:58','SYSTEM','2010-04-23 09:08:58','SYSTEM',5,NULL,NULL,NULL,NULL,NULL),
 (120,'2010-04-23 09:08:58','SYSTEM','2010-04-23 09:08:58','SYSTEM',7,NULL,NULL,NULL,NULL,NULL),
 (121,'2010-04-23 09:09:24','SYSTEM','2010-04-23 09:09:24','SYSTEM',5,NULL,NULL,NULL,NULL,NULL),
 (122,'2010-04-23 09:09:24','SYSTEM','2010-04-23 09:09:24','SYSTEM',2,NULL,NULL,NULL,NULL,NULL),
 (123,'2010-04-23 09:09:24','SYSTEM','2010-04-23 09:09:24','SYSTEM',7,NULL,NULL,NULL,NULL,NULL),
 (124,'2010-04-23 09:09:24','SYSTEM','2010-04-23 09:09:24','SYSTEM',11,NULL,NULL,NULL,NULL,NULL),
 (125,'2010-04-23 09:09:24','SYSTEM','2010-04-23 09:09:24','SYSTEM',8,NULL,NULL,NULL,NULL,NULL),
 (126,'2010-04-23 09:09:24','SYSTEM','2010-04-23 09:09:24','SYSTEM',10,NULL,NULL,NULL,NULL,NULL),
 (127,'2010-04-23 09:09:24','SYSTEM','2010-04-23 09:09:24','SYSTEM',1,NULL,NULL,NULL,NULL,NULL),
 (128,'2010-04-23 09:09:24','SYSTEM','2010-04-23 09:09:24','SYSTEM',9,NULL,NULL,NULL,NULL,NULL),
 (129,'2010-04-23 09:09:24','SYSTEM','2010-04-23 09:09:24','SYSTEM',4,NULL,NULL,NULL,NULL,NULL),
 (130,'2010-04-23 09:09:24','SYSTEM','2010-04-23 09:09:24','SYSTEM',3,NULL,NULL,NULL,NULL,NULL),
 (131,'2010-04-23 09:09:49','SYSTEM','2010-04-23 09:09:49','SYSTEM',1,NULL,NULL,NULL,NULL,NULL),
 (132,'2010-04-23 09:09:49','SYSTEM','2010-04-23 09:09:49','SYSTEM',8,NULL,NULL,NULL,NULL,NULL),
 (133,'2010-04-23 09:09:49','SYSTEM','2010-04-23 09:09:49','SYSTEM',7,NULL,NULL,NULL,NULL,NULL),
 (134,'2010-04-23 09:09:49','SYSTEM','2010-04-23 09:09:49','SYSTEM',9,NULL,NULL,NULL,NULL,NULL),
 (135,'2010-04-23 09:09:49','SYSTEM','2010-04-23 09:09:49','SYSTEM',5,NULL,NULL,NULL,NULL,NULL),
 (136,'2010-04-23 09:09:49','SYSTEM','2010-04-23 09:09:49','SYSTEM',11,NULL,NULL,NULL,NULL,NULL),
 (137,'2010-04-23 09:09:49','SYSTEM','2010-04-23 09:09:49','SYSTEM',3,NULL,NULL,NULL,NULL,NULL),
 (138,'2010-04-23 09:09:49','SYSTEM','2010-04-23 09:09:49','SYSTEM',2,NULL,NULL,NULL,NULL,NULL),
 (139,'2010-04-23 09:09:49','SYSTEM','2010-04-23 09:09:49','SYSTEM',6,NULL,NULL,NULL,NULL,NULL),
 (140,'2010-04-23 09:09:49','SYSTEM','2010-04-23 09:09:49','SYSTEM',10,NULL,NULL,NULL,NULL,NULL),
 (141,'2010-04-23 09:10:09','SYSTEM','2010-04-23 09:10:09','SYSTEM',4,NULL,NULL,NULL,NULL,NULL),
 (142,'2010-04-23 09:10:09','SYSTEM','2010-04-23 09:10:09','SYSTEM',10,NULL,NULL,NULL,NULL,NULL),
 (143,'2010-04-23 09:10:09','SYSTEM','2010-04-23 09:10:09','SYSTEM',3,NULL,NULL,NULL,NULL,NULL),
 (144,'2010-04-23 09:10:09','SYSTEM','2010-04-23 09:10:09','SYSTEM',11,NULL,NULL,NULL,NULL,NULL),
 (145,'2010-04-23 09:10:09','SYSTEM','2010-04-23 09:10:09','SYSTEM',1,NULL,NULL,NULL,NULL,NULL),
 (146,'2010-04-23 09:10:09','SYSTEM','2010-04-23 09:10:09','SYSTEM',7,NULL,NULL,NULL,NULL,NULL),
 (147,'2010-04-23 09:10:09','SYSTEM','2010-04-23 09:10:09','SYSTEM',6,NULL,NULL,NULL,NULL,NULL),
 (148,'2010-04-23 09:10:09','SYSTEM','2010-04-23 09:10:09','SYSTEM',8,NULL,NULL,NULL,NULL,NULL),
 (149,'2010-04-23 09:10:09','SYSTEM','2010-04-23 09:10:09','SYSTEM',5,NULL,NULL,NULL,NULL,NULL),
 (150,'2010-04-23 09:10:09','SYSTEM','2010-04-23 09:10:09','SYSTEM',9,NULL,NULL,NULL,NULL,NULL),
 (151,'2010-04-23 09:10:30','SYSTEM','2010-04-23 09:10:30','SYSTEM',1,NULL,NULL,NULL,NULL,NULL),
 (152,'2010-04-23 09:10:30','SYSTEM','2010-04-23 09:10:30','SYSTEM',3,NULL,NULL,NULL,NULL,NULL),
 (153,'2010-04-23 09:10:30','SYSTEM','2010-04-23 09:10:30','SYSTEM',2,NULL,NULL,NULL,NULL,NULL),
 (154,'2010-04-23 09:10:30','SYSTEM','2010-04-23 09:10:30','SYSTEM',4,NULL,NULL,NULL,NULL,NULL),
 (155,'2010-04-23 09:10:30','SYSTEM','2010-04-23 09:10:30','SYSTEM',9,NULL,NULL,NULL,NULL,NULL),
 (156,'2010-04-23 09:10:30','SYSTEM','2010-04-23 09:10:30','SYSTEM',8,NULL,NULL,NULL,NULL,NULL),
 (157,'2010-04-23 09:10:30','SYSTEM','2010-04-23 09:10:30','SYSTEM',10,NULL,NULL,NULL,NULL,NULL),
 (158,'2010-04-23 09:10:30','SYSTEM','2010-04-23 09:10:30','SYSTEM',7,NULL,NULL,NULL,NULL,NULL),
 (159,'2010-04-23 09:10:30','SYSTEM','2010-04-23 09:10:30','SYSTEM',11,NULL,NULL,NULL,NULL,NULL),
 (160,'2010-04-23 09:10:30','SYSTEM','2010-04-23 09:10:30','SYSTEM',6,NULL,NULL,NULL,NULL,NULL),
 (161,'2010-04-23 09:10:47','SYSTEM','2010-04-23 09:10:47','SYSTEM',9,NULL,NULL,NULL,NULL,NULL),
 (162,'2010-04-23 09:10:47','SYSTEM','2010-04-23 09:10:47','SYSTEM',11,NULL,NULL,NULL,NULL,NULL),
 (163,'2010-04-23 09:10:47','SYSTEM','2010-04-23 09:10:47','SYSTEM',6,NULL,NULL,NULL,NULL,NULL),
 (164,'2010-04-23 09:10:47','SYSTEM','2010-04-23 09:10:47','SYSTEM',3,NULL,NULL,NULL,NULL,NULL),
 (165,'2010-04-23 09:10:47','SYSTEM','2010-04-23 09:10:47','SYSTEM',5,NULL,NULL,NULL,NULL,NULL),
 (166,'2010-04-23 09:10:47','SYSTEM','2010-04-23 09:10:47','SYSTEM',4,NULL,NULL,NULL,NULL,NULL),
 (167,'2010-04-23 09:10:47','SYSTEM','2010-04-23 09:10:47','SYSTEM',7,NULL,NULL,NULL,NULL,NULL),
 (168,'2010-04-23 09:10:47','SYSTEM','2010-04-23 09:10:47','SYSTEM',2,NULL,NULL,NULL,NULL,NULL),
 (169,'2010-04-23 09:10:47','SYSTEM','2010-04-23 09:10:47','SYSTEM',10,NULL,NULL,NULL,NULL,NULL),
 (170,'2010-04-23 09:10:47','SYSTEM','2010-04-23 09:10:47','SYSTEM',1,NULL,NULL,NULL,NULL,NULL),
 (171,'2010-04-23 09:11:21','SYSTEM','2010-04-23 09:11:21','SYSTEM',3,NULL,NULL,NULL,NULL,NULL),
 (172,'2010-04-23 09:11:21','SYSTEM','2010-04-23 09:11:21','SYSTEM',5,NULL,NULL,NULL,NULL,NULL),
 (173,'2010-04-23 09:11:21','SYSTEM','2010-04-23 09:11:21','SYSTEM',8,NULL,NULL,NULL,NULL,NULL),
 (174,'2010-04-23 09:11:21','SYSTEM','2010-04-23 09:11:21','SYSTEM',11,NULL,NULL,NULL,NULL,NULL),
 (175,'2010-04-23 09:11:21','SYSTEM','2010-04-23 09:11:21','SYSTEM',2,NULL,NULL,NULL,NULL,NULL),
 (176,'2010-04-23 09:11:21','SYSTEM','2010-04-23 09:11:21','SYSTEM',6,NULL,NULL,NULL,NULL,NULL),
 (177,'2010-04-23 09:11:21','SYSTEM','2010-04-23 09:11:21','SYSTEM',10,NULL,NULL,NULL,NULL,NULL),
 (178,'2010-04-23 09:11:21','SYSTEM','2010-04-23 09:11:21','SYSTEM',9,NULL,NULL,NULL,NULL,NULL),
 (179,'2010-04-23 09:11:21','SYSTEM','2010-04-23 09:11:21','SYSTEM',1,NULL,NULL,NULL,NULL,NULL),
 (180,'2010-04-23 09:11:21','SYSTEM','2010-04-23 09:11:21','SYSTEM',4,NULL,NULL,NULL,NULL,NULL),
 (181,'2010-04-23 09:11:39','SYSTEM','2010-04-23 09:11:39','SYSTEM',11,NULL,NULL,NULL,NULL,NULL),
 (182,'2010-04-23 09:11:39','SYSTEM','2010-04-23 09:11:39','SYSTEM',10,NULL,NULL,NULL,NULL,NULL),
 (183,'2010-04-23 09:11:39','SYSTEM','2010-04-23 09:11:39','SYSTEM',4,NULL,NULL,NULL,NULL,NULL),
 (184,'2010-04-23 09:11:39','SYSTEM','2010-04-23 09:11:39','SYSTEM',6,NULL,NULL,NULL,NULL,NULL),
 (185,'2010-04-23 09:11:39','SYSTEM','2010-04-23 09:11:39','SYSTEM',3,NULL,NULL,NULL,NULL,NULL),
 (186,'2010-04-23 09:11:39','SYSTEM','2010-04-23 09:11:39','SYSTEM',7,NULL,NULL,NULL,NULL,NULL),
 (187,'2010-04-23 09:11:39','SYSTEM','2010-04-23 09:11:39','SYSTEM',1,NULL,NULL,NULL,NULL,NULL),
 (188,'2010-04-23 09:11:39','SYSTEM','2010-04-23 09:11:39','SYSTEM',5,NULL,NULL,NULL,NULL,NULL),
 (189,'2010-04-23 09:11:39','SYSTEM','2010-04-23 09:11:39','SYSTEM',2,NULL,NULL,NULL,NULL,NULL),
 (190,'2010-04-23 09:11:39','SYSTEM','2010-04-23 09:11:39','SYSTEM',8,NULL,NULL,NULL,NULL,NULL),
 (191,'2010-04-23 09:11:59','SYSTEM','2010-04-23 09:11:59','SYSTEM',8,NULL,NULL,NULL,NULL,NULL),
 (192,'2010-04-23 09:11:59','SYSTEM','2010-04-23 09:11:59','SYSTEM',7,NULL,NULL,NULL,NULL,NULL),
 (193,'2010-04-23 09:11:59','SYSTEM','2010-04-23 09:11:59','SYSTEM',10,NULL,NULL,NULL,NULL,NULL),
 (194,'2010-04-23 09:11:59','SYSTEM','2010-04-23 09:11:59','SYSTEM',5,NULL,NULL,NULL,NULL,NULL),
 (195,'2010-04-23 09:11:59','SYSTEM','2010-04-23 09:11:59','SYSTEM',2,NULL,NULL,NULL,NULL,NULL),
 (196,'2010-04-23 09:11:59','SYSTEM','2010-04-23 09:11:59','SYSTEM',1,NULL,NULL,NULL,NULL,NULL),
 (197,'2010-04-23 09:11:59','SYSTEM','2010-04-23 09:11:59','SYSTEM',11,NULL,NULL,NULL,NULL,NULL),
 (198,'2010-04-23 09:11:59','SYSTEM','2010-04-23 09:11:59','SYSTEM',4,NULL,NULL,NULL,NULL,NULL),
 (199,'2010-04-23 09:11:59','SYSTEM','2010-04-23 09:11:59','SYSTEM',9,NULL,NULL,NULL,NULL,NULL),
 (200,'2010-04-23 09:11:59','SYSTEM','2010-04-23 09:11:59','SYSTEM',6,NULL,NULL,NULL,NULL,NULL),
 (201,'2010-04-23 09:12:15','SYSTEM','2010-04-23 09:12:15','SYSTEM',7,NULL,NULL,NULL,NULL,NULL),
 (202,'2010-04-23 09:12:15','SYSTEM','2010-04-23 09:12:15','SYSTEM',4,NULL,NULL,NULL,NULL,NULL),
 (203,'2010-04-23 09:12:15','SYSTEM','2010-04-23 09:12:15','SYSTEM',9,NULL,NULL,NULL,NULL,NULL),
 (204,'2010-04-23 09:12:15','SYSTEM','2010-04-23 09:12:15','SYSTEM',2,NULL,NULL,NULL,NULL,NULL),
 (205,'2010-04-23 09:12:15','SYSTEM','2010-04-23 09:12:15','SYSTEM',6,NULL,NULL,NULL,NULL,NULL),
 (206,'2010-04-23 09:12:15','SYSTEM','2010-04-23 09:12:15','SYSTEM',5,NULL,NULL,NULL,NULL,NULL),
 (207,'2010-04-23 09:12:15','SYSTEM','2010-04-23 09:12:15','SYSTEM',1,NULL,NULL,NULL,NULL,NULL),
 (208,'2010-04-23 09:12:15','SYSTEM','2010-04-23 09:12:15','SYSTEM',11,NULL,NULL,NULL,NULL,NULL),
 (209,'2010-04-23 09:12:15','SYSTEM','2010-04-23 09:12:15','SYSTEM',8,NULL,NULL,NULL,NULL,NULL),
 (210,'2010-04-23 09:12:15','SYSTEM','2010-04-23 09:12:15','SYSTEM',3,NULL,NULL,NULL,NULL,NULL),
 (211,'2010-04-23 09:12:31','SYSTEM','2010-04-23 09:12:31','SYSTEM',7,NULL,NULL,NULL,NULL,NULL),
 (212,'2010-04-23 09:12:31','SYSTEM','2010-04-23 09:12:31','SYSTEM',6,NULL,NULL,NULL,NULL,NULL),
 (213,'2010-04-23 09:12:31','SYSTEM','2010-04-23 09:12:31','SYSTEM',8,NULL,NULL,NULL,NULL,NULL),
 (214,'2010-04-23 09:12:31','SYSTEM','2010-04-23 09:12:31','SYSTEM',5,NULL,NULL,NULL,NULL,NULL),
 (215,'2010-04-23 09:12:31','SYSTEM','2010-04-23 09:12:31','SYSTEM',9,NULL,NULL,NULL,NULL,NULL),
 (216,'2010-04-23 09:12:31','SYSTEM','2010-04-23 09:12:31','SYSTEM',4,NULL,NULL,NULL,NULL,NULL),
 (217,'2010-04-23 09:12:31','SYSTEM','2010-04-23 09:12:31','SYSTEM',10,NULL,NULL,NULL,NULL,NULL),
 (218,'2010-04-23 09:12:31','SYSTEM','2010-04-23 09:12:31','SYSTEM',3,NULL,NULL,NULL,NULL,NULL),
 (219,'2010-04-23 09:12:31','SYSTEM','2010-04-23 09:12:31','SYSTEM',11,NULL,NULL,NULL,NULL,NULL),
 (220,'2010-04-23 09:12:31','SYSTEM','2010-04-23 09:12:31','SYSTEM',2,NULL,NULL,NULL,NULL,NULL);
/*!40000 ALTER TABLE `stj_team_score` ENABLE KEYS */;


--
-- Dumping data for table `stj_week`
--

/*!40000 ALTER TABLE `stj_week` DISABLE KEYS */;
INSERT INTO `stj_week` (`WEEK_ID`,`CRTN_DT`,`CRTN_USER_ID`,`LAST_UPTD_DT`,`LAST_UPTD_USER_ID`,`WK_DATE`,`TEAM_MATCH_1_ID`,`TEAM_MATCH_2_ID`,`TEAM_MATCH_3_ID`,`TEAM_MATCH_4_ID`,`TEAM_MATCH_5_ID`,`ROUND_ID`) VALUES 
 (1,'2010-04-23 07:07:40','SYSTEM','2010-04-23 09:04:22','SYSTEM','2010-04-23',1,2,3,4,5,1),
 (2,'2010-04-23 07:07:40','SYSTEM','2010-04-23 09:04:44','SYSTEM','2010-04-30',6,7,8,9,10,1),
 (3,'2010-04-23 07:07:40','SYSTEM','2010-04-23 09:05:05','SYSTEM','2010-05-07',11,12,13,14,15,1),
 (4,'2010-04-23 07:07:40','SYSTEM','2010-04-23 09:05:28','SYSTEM','2010-05-14',16,17,18,19,20,1),
 (5,'2010-04-23 07:07:40','SYSTEM','2010-04-23 09:06:05','SYSTEM','2010-05-21',21,22,23,24,25,1),
 (6,'2010-04-23 07:07:40','SYSTEM','2010-04-23 09:06:33','SYSTEM','2010-05-28',26,27,28,29,30,1),
 (7,'2010-04-23 07:07:40','SYSTEM','2010-04-23 09:07:06','SYSTEM','2010-06-04',31,32,33,34,35,1),
 (8,'2010-04-23 07:07:40','SYSTEM','2010-04-23 09:07:22','SYSTEM','2010-06-11',36,37,38,39,40,1),
 (9,'2010-04-23 07:07:40','SYSTEM','2010-04-23 09:07:45','SYSTEM','2010-06-18',41,42,43,44,45,1),
 (10,'2010-04-23 07:07:40','SYSTEM','2010-04-23 09:08:20','SYSTEM','2010-06-25',46,47,48,49,50,1),
 (11,'2010-04-23 07:07:40','SYSTEM','2010-04-23 09:08:38','SYSTEM','2010-07-02',51,52,53,54,55,1),
 (12,'2010-04-23 07:07:40','SYSTEM','2010-04-23 09:08:58','SYSTEM','2010-07-09',56,57,58,59,60,2),
 (13,'2010-04-23 07:07:40','SYSTEM','2010-04-23 09:09:24','SYSTEM','2010-07-16',61,62,63,64,65,2),
 (14,'2010-04-23 07:07:40','SYSTEM','2010-04-23 09:09:49','SYSTEM','2010-07-23',66,67,68,69,70,2),
 (15,'2010-04-23 07:07:40','SYSTEM','2010-04-23 09:10:30','SYSTEM','2010-07-30',76,77,78,79,80,2),
 (16,'2010-04-23 07:07:40','SYSTEM','2010-04-23 09:10:09','SYSTEM','2010-08-06',71,72,73,74,75,2),
 (17,'2010-04-23 07:07:40','SYSTEM','2010-04-23 09:10:47','SYSTEM','2010-08-13',81,82,83,84,85,2),
 (18,'2010-04-23 07:07:40','SYSTEM','2010-04-23 09:11:21','SYSTEM','2010-08-20',86,87,88,89,90,2),
 (19,'2010-04-23 07:07:41','SYSTEM','2010-04-23 09:11:39','SYSTEM','2010-08-27',91,92,93,94,95,2),
 (20,'2010-04-23 07:07:41','SYSTEM','2010-04-23 09:11:59','SYSTEM','2010-09-03',96,97,98,99,100,2),
 (21,'2010-04-23 07:07:41','SYSTEM','2010-04-23 09:12:15','SYSTEM','2010-09-10',101,102,103,104,105,2),
 (22,'2010-04-23 07:07:41','SYSTEM','2010-04-23 09:12:31','SYSTEM','2010-09-17',106,107,108,109,110,2);
/*!40000 ALTER TABLE `stj_week` ENABLE KEYS */;


--
-- Dumping data for table `stj_weekly_score`
--

/*!40000 ALTER TABLE `stj_weekly_score` DISABLE KEYS */;
/*!40000 ALTER TABLE `stj_weekly_score` ENABLE KEYS */;




/*!40101 SET SQL_MODE=@OLD_SQL_MODE */;
/*!40014 SET FOREIGN_KEY_CHECKS=@OLD_FOREIGN_KEY_CHECKS */;
/*!40014 SET UNIQUE_CHECKS=@OLD_UNIQUE_CHECKS */;
/*!40101 SET CHARACTER_SET_CLIENT=@OLD_CHARACTER_SET_CLIENT */;
/*!40101 SET CHARACTER_SET_RESULTS=@OLD_CHARACTER_SET_RESULTS */;
/*!40101 SET COLLATION_CONNECTION=@OLD_COLLATION_CONNECTION */;
/*!40101 SET CHARACTER_SET_CLIENT=@OLD_CHARACTER_SET_CLIENT */;
